ISO-10303-21;
HEADER;
FILE_DESCRIPTION(('KiCad electronic assembly'),'2;1');
FILE_NAME('majigotcha.step','2026-05-08T21:26:12',('Pcbnew'),('Kicad'),
  'Open CASCADE STEP processor 7.6','KiCad to STEP converter','Unknown'
  );
FILE_SCHEMA(('AUTOMOTIVE_DESIGN { 1 0 10303 214 1 1 1 1 }'));
ENDSEC;
DATA;
#1 = APPLICATION_PROTOCOL_DEFINITION('international standard',
  'automotive_design',2000,#2);
#2 = APPLICATION_CONTEXT(
  'core data for automotive mechanical design processes');
#3 = SHAPE_DEFINITION_REPRESENTATION(#4,#10);
#4 = PRODUCT_DEFINITION_SHAPE('','',#5);
#5 = PRODUCT_DEFINITION('design','',#6,#9);
#6 = PRODUCT_DEFINITION_FORMATION('','',#7);
#7 = PRODUCT('majigotcha 1','majigotcha 1','',(#8));
#8 = PRODUCT_CONTEXT('',#2,'mechanical');
#9 = PRODUCT_DEFINITION_CONTEXT('part definition',#2,'design');
#10 = SHAPE_REPRESENTATION('',(#11,#15,#19,#23,#27,#31,#35,#39,#43,#47,
    #51),#55);
#11 = AXIS2_PLACEMENT_3D('',#12,#13,#14);
#12 = CARTESIAN_POINT('',(0.,0.,0.));
#13 = DIRECTION('',(0.,0.,1.));
#14 = DIRECTION('',(1.,0.,-0.));
#15 = AXIS2_PLACEMENT_3D('',#16,#17,#18);
#16 = CARTESIAN_POINT('',(162.400027,-91.500018,1.595));
#17 = DIRECTION('',(0.,0.,1.));
#18 = DIRECTION('',(1.,0.,0.));
#19 = AXIS2_PLACEMENT_3D('',#20,#21,#22);
#20 = CARTESIAN_POINT('',(173.399422,-73.05,1.595));
#21 = DIRECTION('',(0.,0.,1.));
#22 = DIRECTION('',(1.,0.,0.));
#23 = AXIS2_PLACEMENT_3D('',#24,#25,#26);
#24 = CARTESIAN_POINT('',(157.700021,-99.149985,1.595));
#25 = DIRECTION('',(0.,0.,1.));
#26 = DIRECTION('',(1.,0.,0.));
#27 = AXIS2_PLACEMENT_3D('',#28,#29,#30);
#28 = CARTESIAN_POINT('',(167.25,-99.15,1.595));
#29 = DIRECTION('',(0.,0.,1.));
#30 = DIRECTION('',(1.,0.,0.));
#31 = AXIS2_PLACEMENT_3D('',#32,#33,#34);
#32 = CARTESIAN_POINT('',(193.8,-85.1,1.595));
#33 = DIRECTION('',(-0.,0.,1.));
#34 = DIRECTION('',(1.110223024625E-16,-1.,0.));
#35 = AXIS2_PLACEMENT_3D('',#36,#37,#38);
#36 = CARTESIAN_POINT('',(181.66,-71.175,1.595));
#37 = DIRECTION('',(0.,-0.,1.));
#38 = DIRECTION('',(1.110223024625E-16,1.,0.));
#39 = AXIS2_PLACEMENT_3D('',#40,#41,#42);
#40 = CARTESIAN_POINT('',(173.56692,-91.909971,1.595));
#41 = DIRECTION('',(0.,0.,1.));
#42 = DIRECTION('',(1.,0.,0.));
#43 = AXIS2_PLACEMENT_3D('',#44,#45,#46);
#44 = CARTESIAN_POINT('',(184.8,-80.1,-8.5E-02));
#45 = DIRECTION('',(1.499759782662E-32,1.224646799147E-16,-1.));
#46 = DIRECTION('',(-1.,1.224646799147E-16,0.));
#47 = AXIS2_PLACEMENT_3D('',#48,#49,#50);
#48 = CARTESIAN_POINT('',(167.46,-72.2,-8.5E-02));
#49 = DIRECTION('',(-1.224646799147E-16,-1.359631073447E-32,-1.));
#50 = DIRECTION('',(1.110223024625E-16,-1.,0.));
#51 = AXIS2_PLACEMENT_3D('',#52,#53,#54);
#52 = CARTESIAN_POINT('',(0.,0.,0.));
#53 = DIRECTION('',(0.,0.,1.));
#54 = DIRECTION('',(1.,0.,-0.));
#55 = ( GEOMETRIC_REPRESENTATION_CONTEXT(3) 
GLOBAL_UNCERTAINTY_ASSIGNED_CONTEXT((#59)) GLOBAL_UNIT_ASSIGNED_CONTEXT(
(#56,#57,#58)) REPRESENTATION_CONTEXT('Context #1',
  '3D Context with UNIT and UNCERTAINTY') );
#56 = ( LENGTH_UNIT() NAMED_UNIT(*) SI_UNIT(.MILLI.,.METRE.) );
#57 = ( NAMED_UNIT(*) PLANE_ANGLE_UNIT() SI_UNIT($,.RADIAN.) );
#58 = ( NAMED_UNIT(*) SI_UNIT($,.STERADIAN.) SOLID_ANGLE_UNIT() );
#59 = UNCERTAINTY_MEASURE_WITH_UNIT(LENGTH_MEASURE(1.E-07),#56,
  'distance_accuracy_value','confusion accuracy');
#60 = PRODUCT_RELATED_PRODUCT_CATEGORY('part',$,(#7));
#61 = SHAPE_DEFINITION_REPRESENTATION(#62,#68);
#62 = PRODUCT_DEFINITION_SHAPE('','',#63);
#63 = PRODUCT_DEFINITION('design','',#64,#67);
#64 = PRODUCT_DEFINITION_FORMATION('','',#65);
#65 = PRODUCT('SW_PUSH_6mm_H5mm','SW_PUSH_6mm_H5mm','',(#66));
#66 = PRODUCT_CONTEXT('',#2,'mechanical');
#67 = PRODUCT_DEFINITION_CONTEXT('part definition',#2,'design');
#68 = ADVANCED_BREP_SHAPE_REPRESENTATION('',(#11,#69),#3298);
#69 = MANIFOLD_SOLID_BREP('',#70);
#70 = CLOSED_SHELL('',(#71,#88,#113,#236,#267,#292,#317,#341,#365,#390,
    #415,#432,#457,#482,#507,#532,#563,#588,#613,#701,#789,#814,#839,
    #856,#865,#891,#900,#909,#953,#1103,#1127,#1270,#1420,#1570,#1587,
    #1737,#1761,#1904,#2054,#2204,#2221,#2230,#2247,#2264,#2281,#2298,
    #2320,#2337,#2354,#2371,#2388,#2400,#2417,#2434,#2451,#2468,#2485,
    #2502,#2519,#2536,#2548,#2570,#2587,#2604,#2621,#2638,#2650,#2667,
    #2684,#2701,#2718,#2735,#2752,#2769,#2786,#2798,#2820,#2837,#2854,
    #2871,#2888,#2900,#2917,#2934,#2951,#2968,#2985,#3002,#3019,#3036,
    #3048,#3070,#3087,#3104,#3121,#3138,#3150,#3167,#3184,#3201,#3218,
    #3235,#3252,#3269,#3286));
#71 = ADVANCED_FACE('',(#72),#83,.F.);
#72 = FACE_BOUND('',#73,.T.);
#73 = EDGE_LOOP('',(#74));
#74 = ORIENTED_EDGE('',*,*,#75,.T.);
#75 = EDGE_CURVE('',#76,#76,#78,.T.);
#76 = VERTEX_POINT('',#77);
#77 = CARTESIAN_POINT('',(1.65,-4.25,4.1));
#78 = CIRCLE('',#79,0.5);
#79 = AXIS2_PLACEMENT_3D('',#80,#81,#82);
#80 = CARTESIAN_POINT('',(1.15,-4.25,4.1));
#81 = DIRECTION('',(0.,0.,1.));
#82 = DIRECTION('',(1.,0.,-0.));
#83 = PLANE('',#84);
#84 = AXIS2_PLACEMENT_3D('',#85,#86,#87);
#85 = CARTESIAN_POINT('',(1.65,-4.25,4.1));
#86 = DIRECTION('',(0.,0.,-1.));
#87 = DIRECTION('',(-1.,0.,0.));
#88 = ADVANCED_FACE('',(#89),#108,.T.);
#89 = FACE_BOUND('',#90,.T.);
#90 = EDGE_LOOP('',(#91,#99,#100,#101));
#91 = ORIENTED_EDGE('',*,*,#92,.T.);
#92 = EDGE_CURVE('',#93,#76,#95,.T.);
#93 = VERTEX_POINT('',#94);
#94 = CARTESIAN_POINT('',(1.65,-4.25,3.6));
#95 = LINE('',#96,#97);
#96 = CARTESIAN_POINT('',(1.65,-4.25,3.5));
#97 = VECTOR('',#98,1.);
#98 = DIRECTION('',(0.,0.,1.));
#99 = ORIENTED_EDGE('',*,*,#75,.F.);
#100 = ORIENTED_EDGE('',*,*,#92,.F.);
#101 = ORIENTED_EDGE('',*,*,#102,.F.);
#102 = EDGE_CURVE('',#93,#93,#103,.T.);
#103 = CIRCLE('',#104,0.5);
#104 = AXIS2_PLACEMENT_3D('',#105,#106,#107);
#105 = CARTESIAN_POINT('',(1.15,-4.25,3.6));
#106 = DIRECTION('',(0.,0.,-1.));
#107 = DIRECTION('',(1.,0.,0.));
#108 = CYLINDRICAL_SURFACE('',#109,0.5);
#109 = AXIS2_PLACEMENT_3D('',#110,#111,#112);
#110 = CARTESIAN_POINT('',(1.15,-4.25,3.5));
#111 = DIRECTION('',(-0.,-0.,-1.));
#112 = DIRECTION('',(1.,0.,0.));
#113 = ADVANCED_FACE('',(#114,#184,#195,#206,#217,#228),#231,.F.);
#114 = FACE_BOUND('',#115,.F.);
#115 = EDGE_LOOP('',(#116,#126,#135,#143,#152,#160,#169,#177));
#116 = ORIENTED_EDGE('',*,*,#117,.F.);
#117 = EDGE_CURVE('',#118,#120,#122,.T.);
#118 = VERTEX_POINT('',#119);
#119 = CARTESIAN_POINT('',(0.45,-5.25,3.6));
#120 = VERTEX_POINT('',#121);
#121 = CARTESIAN_POINT('',(5.85,-5.25,3.6));
#122 = LINE('',#123,#124);
#123 = CARTESIAN_POINT('',(0.15,-5.25,3.6));
#124 = VECTOR('',#125,1.);
#125 = DIRECTION('',(1.,0.,0.));
#126 = ORIENTED_EDGE('',*,*,#127,.T.);
#127 = EDGE_CURVE('',#118,#128,#130,.T.);
#128 = VERTEX_POINT('',#129);
#129 = CARTESIAN_POINT('',(0.15,-4.95,3.6));
#130 = CIRCLE('',#131,0.3);
#131 = AXIS2_PLACEMENT_3D('',#132,#133,#134);
#132 = CARTESIAN_POINT('',(0.45,-4.95,3.6));
#133 = DIRECTION('',(-0.,-0.,-1.));
#134 = DIRECTION('',(0.,-1.,0.));
#135 = ORIENTED_EDGE('',*,*,#136,.F.);
#136 = EDGE_CURVE('',#137,#128,#139,.T.);
#137 = VERTEX_POINT('',#138);
#138 = CARTESIAN_POINT('',(0.15,0.45,3.6));
#139 = LINE('',#140,#141);
#140 = CARTESIAN_POINT('',(0.15,0.75,3.6));
#141 = VECTOR('',#142,1.);
#142 = DIRECTION('',(0.,-1.,0.));
#143 = ORIENTED_EDGE('',*,*,#144,.F.);
#144 = EDGE_CURVE('',#145,#137,#147,.T.);
#145 = VERTEX_POINT('',#146);
#146 = CARTESIAN_POINT('',(0.45,0.75,3.6));
#147 = CIRCLE('',#148,0.3);
#148 = AXIS2_PLACEMENT_3D('',#149,#150,#151);
#149 = CARTESIAN_POINT('',(0.45,0.45,3.6));
#150 = DIRECTION('',(-0.,0.,1.));
#151 = DIRECTION('',(0.,-1.,0.));
#152 = ORIENTED_EDGE('',*,*,#153,.F.);
#153 = EDGE_CURVE('',#154,#145,#156,.T.);
#154 = VERTEX_POINT('',#155);
#155 = CARTESIAN_POINT('',(5.85,0.75,3.6));
#156 = LINE('',#157,#158);
#157 = CARTESIAN_POINT('',(6.15,0.75,3.6));
#158 = VECTOR('',#159,1.);
#159 = DIRECTION('',(-1.,0.,0.));
#160 = ORIENTED_EDGE('',*,*,#161,.F.);
#161 = EDGE_CURVE('',#162,#154,#164,.T.);
#162 = VERTEX_POINT('',#163);
#163 = CARTESIAN_POINT('',(6.15,0.45,3.6));
#164 = CIRCLE('',#165,0.3);
#165 = AXIS2_PLACEMENT_3D('',#166,#167,#168);
#166 = CARTESIAN_POINT('',(5.85,0.45,3.6));
#167 = DIRECTION('',(-0.,0.,1.));
#168 = DIRECTION('',(0.,-1.,0.));
#169 = ORIENTED_EDGE('',*,*,#170,.F.);
#170 = EDGE_CURVE('',#171,#162,#173,.T.);
#171 = VERTEX_POINT('',#172);
#172 = CARTESIAN_POINT('',(6.15,-4.95,3.6));
#173 = LINE('',#174,#175);
#174 = CARTESIAN_POINT('',(6.15,-5.25,3.6));
#175 = VECTOR('',#176,1.);
#176 = DIRECTION('',(0.,1.,0.));
#177 = ORIENTED_EDGE('',*,*,#178,.F.);
#178 = EDGE_CURVE('',#120,#171,#179,.T.);
#179 = CIRCLE('',#180,0.3);
#180 = AXIS2_PLACEMENT_3D('',#181,#182,#183);
#181 = CARTESIAN_POINT('',(5.85,-4.95,3.6));
#182 = DIRECTION('',(-0.,0.,1.));
#183 = DIRECTION('',(0.,-1.,0.));
#184 = FACE_BOUND('',#185,.F.);
#185 = EDGE_LOOP('',(#186));
#186 = ORIENTED_EDGE('',*,*,#187,.F.);
#187 = EDGE_CURVE('',#188,#188,#190,.T.);
#188 = VERTEX_POINT('',#189);
#189 = CARTESIAN_POINT('',(5.65,-4.25,3.6));
#190 = CIRCLE('',#191,0.5);
#191 = AXIS2_PLACEMENT_3D('',#192,#193,#194);
#192 = CARTESIAN_POINT('',(5.15,-4.25,3.6));
#193 = DIRECTION('',(0.,0.,-1.));
#194 = DIRECTION('',(1.,0.,0.));
#195 = FACE_BOUND('',#196,.F.);
#196 = EDGE_LOOP('',(#197));
#197 = ORIENTED_EDGE('',*,*,#198,.F.);
#198 = EDGE_CURVE('',#199,#199,#201,.T.);
#199 = VERTEX_POINT('',#200);
#200 = CARTESIAN_POINT('',(4.9,-2.25,3.6));
#201 = CIRCLE('',#202,1.75);
#202 = AXIS2_PLACEMENT_3D('',#203,#204,#205);
#203 = CARTESIAN_POINT('',(3.15,-2.25,3.6));
#204 = DIRECTION('',(0.,0.,-1.));
#205 = DIRECTION('',(1.,0.,0.));
#206 = FACE_BOUND('',#207,.F.);
#207 = EDGE_LOOP('',(#208));
#208 = ORIENTED_EDGE('',*,*,#209,.F.);
#209 = EDGE_CURVE('',#210,#210,#212,.T.);
#210 = VERTEX_POINT('',#211);
#211 = CARTESIAN_POINT('',(1.65,-0.25,3.6));
#212 = CIRCLE('',#213,0.5);
#213 = AXIS2_PLACEMENT_3D('',#214,#215,#216);
#214 = CARTESIAN_POINT('',(1.15,-0.25,3.6));
#215 = DIRECTION('',(0.,0.,-1.));
#216 = DIRECTION('',(1.,0.,0.));
#217 = FACE_BOUND('',#218,.F.);
#218 = EDGE_LOOP('',(#219));
#219 = ORIENTED_EDGE('',*,*,#220,.F.);
#220 = EDGE_CURVE('',#221,#221,#223,.T.);
#221 = VERTEX_POINT('',#222);
#222 = CARTESIAN_POINT('',(5.65,-0.25,3.6));
#223 = CIRCLE('',#224,0.5);
#224 = AXIS2_PLACEMENT_3D('',#225,#226,#227);
#225 = CARTESIAN_POINT('',(5.15,-0.25,3.6));
#226 = DIRECTION('',(0.,0.,-1.));
#227 = DIRECTION('',(1.,0.,0.));
#228 = FACE_BOUND('',#229,.F.);
#229 = EDGE_LOOP('',(#230));
#230 = ORIENTED_EDGE('',*,*,#102,.F.);
#231 = PLANE('',#232);
#232 = AXIS2_PLACEMENT_3D('',#233,#234,#235);
#233 = CARTESIAN_POINT('',(0.15,-5.25,3.6));
#234 = DIRECTION('',(0.,0.,-1.));
#235 = DIRECTION('',(-1.,0.,0.));
#236 = ADVANCED_FACE('',(#237),#262,.F.);
#237 = FACE_BOUND('',#238,.F.);
#238 = EDGE_LOOP('',(#239,#249,#255,#256));
#239 = ORIENTED_EDGE('',*,*,#240,.F.);
#240 = EDGE_CURVE('',#241,#243,#245,.T.);
#241 = VERTEX_POINT('',#242);
#242 = CARTESIAN_POINT('',(0.45,-5.25,3.5));
#243 = VERTEX_POINT('',#244);
#244 = CARTESIAN_POINT('',(5.85,-5.25,3.5));
#245 = LINE('',#246,#247);
#246 = CARTESIAN_POINT('',(0.15,-5.25,3.5));
#247 = VECTOR('',#248,1.);
#248 = DIRECTION('',(1.,0.,0.));
#249 = ORIENTED_EDGE('',*,*,#250,.T.);
#250 = EDGE_CURVE('',#241,#118,#251,.T.);
#251 = LINE('',#252,#253);
#252 = CARTESIAN_POINT('',(0.45,-5.25,3.5));
#253 = VECTOR('',#254,1.);
#254 = DIRECTION('',(0.,0.,1.));
#255 = ORIENTED_EDGE('',*,*,#117,.T.);
#256 = ORIENTED_EDGE('',*,*,#257,.F.);
#257 = EDGE_CURVE('',#243,#120,#258,.T.);
#258 = LINE('',#259,#260);
#259 = CARTESIAN_POINT('',(5.85,-5.25,3.5));
#260 = VECTOR('',#261,1.);
#261 = DIRECTION('',(0.,0.,1.));
#262 = PLANE('',#263);
#263 = AXIS2_PLACEMENT_3D('',#264,#265,#266);
#264 = CARTESIAN_POINT('',(0.15,-5.25,3.5));
#265 = DIRECTION('',(0.,1.,0.));
#266 = DIRECTION('',(1.,0.,0.));
#267 = ADVANCED_FACE('',(#268),#287,.T.);
#268 = FACE_BOUND('',#269,.T.);
#269 = EDGE_LOOP('',(#270,#271,#272,#280));
#270 = ORIENTED_EDGE('',*,*,#250,.T.);
#271 = ORIENTED_EDGE('',*,*,#127,.T.);
#272 = ORIENTED_EDGE('',*,*,#273,.F.);
#273 = EDGE_CURVE('',#274,#128,#276,.T.);
#274 = VERTEX_POINT('',#275);
#275 = CARTESIAN_POINT('',(0.15,-4.95,3.5));
#276 = LINE('',#277,#278);
#277 = CARTESIAN_POINT('',(0.15,-4.95,3.5));
#278 = VECTOR('',#279,1.);
#279 = DIRECTION('',(0.,0.,1.));
#280 = ORIENTED_EDGE('',*,*,#281,.F.);
#281 = EDGE_CURVE('',#241,#274,#282,.T.);
#282 = CIRCLE('',#283,0.3);
#283 = AXIS2_PLACEMENT_3D('',#284,#285,#286);
#284 = CARTESIAN_POINT('',(0.45,-4.95,3.5));
#285 = DIRECTION('',(-0.,-0.,-1.));
#286 = DIRECTION('',(0.,-1.,0.));
#287 = CYLINDRICAL_SURFACE('',#288,0.3);
#288 = AXIS2_PLACEMENT_3D('',#289,#290,#291);
#289 = CARTESIAN_POINT('',(0.45,-4.95,3.5));
#290 = DIRECTION('',(0.,0.,1.));
#291 = DIRECTION('',(0.,-1.,0.));
#292 = ADVANCED_FACE('',(#293),#312,.T.);
#293 = FACE_BOUND('',#294,.T.);
#294 = EDGE_LOOP('',(#295,#304,#310,#311));
#295 = ORIENTED_EDGE('',*,*,#296,.T.);
#296 = EDGE_CURVE('',#243,#297,#299,.T.);
#297 = VERTEX_POINT('',#298);
#298 = CARTESIAN_POINT('',(6.15,-4.95,3.5));
#299 = CIRCLE('',#300,0.3);
#300 = AXIS2_PLACEMENT_3D('',#301,#302,#303);
#301 = CARTESIAN_POINT('',(5.85,-4.95,3.5));
#302 = DIRECTION('',(-0.,0.,1.));
#303 = DIRECTION('',(0.,-1.,0.));
#304 = ORIENTED_EDGE('',*,*,#305,.T.);
#305 = EDGE_CURVE('',#297,#171,#306,.T.);
#306 = LINE('',#307,#308);
#307 = CARTESIAN_POINT('',(6.15,-4.95,3.5));
#308 = VECTOR('',#309,1.);
#309 = DIRECTION('',(0.,0.,1.));
#310 = ORIENTED_EDGE('',*,*,#178,.F.);
#311 = ORIENTED_EDGE('',*,*,#257,.F.);
#312 = CYLINDRICAL_SURFACE('',#313,0.3);
#313 = AXIS2_PLACEMENT_3D('',#314,#315,#316);
#314 = CARTESIAN_POINT('',(5.85,-4.95,3.5));
#315 = DIRECTION('',(0.,0.,1.));
#316 = DIRECTION('',(0.,-1.,0.));
#317 = ADVANCED_FACE('',(#318),#336,.F.);
#318 = FACE_BOUND('',#319,.F.);
#319 = EDGE_LOOP('',(#320,#328,#334,#335));
#320 = ORIENTED_EDGE('',*,*,#321,.F.);
#321 = EDGE_CURVE('',#322,#274,#324,.T.);
#322 = VERTEX_POINT('',#323);
#323 = CARTESIAN_POINT('',(0.15,0.45,3.5));
#324 = LINE('',#325,#326);
#325 = CARTESIAN_POINT('',(0.15,0.75,3.5));
#326 = VECTOR('',#327,1.);
#327 = DIRECTION('',(0.,-1.,0.));
#328 = ORIENTED_EDGE('',*,*,#329,.T.);
#329 = EDGE_CURVE('',#322,#137,#330,.T.);
#330 = LINE('',#331,#332);
#331 = CARTESIAN_POINT('',(0.15,0.45,3.5));
#332 = VECTOR('',#333,1.);
#333 = DIRECTION('',(0.,0.,1.));
#334 = ORIENTED_EDGE('',*,*,#136,.T.);
#335 = ORIENTED_EDGE('',*,*,#273,.F.);
#336 = PLANE('',#337);
#337 = AXIS2_PLACEMENT_3D('',#338,#339,#340);
#338 = CARTESIAN_POINT('',(0.15,0.75,3.5));
#339 = DIRECTION('',(1.,0.,0.));
#340 = DIRECTION('',(0.,-1.,0.));
#341 = ADVANCED_FACE('',(#342),#360,.F.);
#342 = FACE_BOUND('',#343,.F.);
#343 = EDGE_LOOP('',(#344,#352,#353,#354));
#344 = ORIENTED_EDGE('',*,*,#345,.F.);
#345 = EDGE_CURVE('',#297,#346,#348,.T.);
#346 = VERTEX_POINT('',#347);
#347 = CARTESIAN_POINT('',(6.15,0.45,3.5));
#348 = LINE('',#349,#350);
#349 = CARTESIAN_POINT('',(6.15,-5.25,3.5));
#350 = VECTOR('',#351,1.);
#351 = DIRECTION('',(0.,1.,0.));
#352 = ORIENTED_EDGE('',*,*,#305,.T.);
#353 = ORIENTED_EDGE('',*,*,#170,.T.);
#354 = ORIENTED_EDGE('',*,*,#355,.F.);
#355 = EDGE_CURVE('',#346,#162,#356,.T.);
#356 = LINE('',#357,#358);
#357 = CARTESIAN_POINT('',(6.15,0.45,3.5));
#358 = VECTOR('',#359,1.);
#359 = DIRECTION('',(0.,0.,1.));
#360 = PLANE('',#361);
#361 = AXIS2_PLACEMENT_3D('',#362,#363,#364);
#362 = CARTESIAN_POINT('',(6.15,-5.25,3.5));
#363 = DIRECTION('',(-1.,0.,0.));
#364 = DIRECTION('',(0.,1.,0.));
#365 = ADVANCED_FACE('',(#366),#385,.T.);
#366 = FACE_BOUND('',#367,.T.);
#367 = EDGE_LOOP('',(#368,#377,#378,#379));
#368 = ORIENTED_EDGE('',*,*,#369,.T.);
#369 = EDGE_CURVE('',#370,#322,#372,.T.);
#370 = VERTEX_POINT('',#371);
#371 = CARTESIAN_POINT('',(0.45,0.75,3.5));
#372 = CIRCLE('',#373,0.3);
#373 = AXIS2_PLACEMENT_3D('',#374,#375,#376);
#374 = CARTESIAN_POINT('',(0.45,0.45,3.5));
#375 = DIRECTION('',(-0.,0.,1.));
#376 = DIRECTION('',(0.,-1.,0.));
#377 = ORIENTED_EDGE('',*,*,#329,.T.);
#378 = ORIENTED_EDGE('',*,*,#144,.F.);
#379 = ORIENTED_EDGE('',*,*,#380,.F.);
#380 = EDGE_CURVE('',#370,#145,#381,.T.);
#381 = LINE('',#382,#383);
#382 = CARTESIAN_POINT('',(0.45,0.75,3.5));
#383 = VECTOR('',#384,1.);
#384 = DIRECTION('',(0.,0.,1.));
#385 = CYLINDRICAL_SURFACE('',#386,0.3);
#386 = AXIS2_PLACEMENT_3D('',#387,#388,#389);
#387 = CARTESIAN_POINT('',(0.45,0.45,3.5));
#388 = DIRECTION('',(0.,0.,1.));
#389 = DIRECTION('',(0.,1.,0.));
#390 = ADVANCED_FACE('',(#391),#410,.T.);
#391 = FACE_BOUND('',#392,.T.);
#392 = EDGE_LOOP('',(#393,#402,#408,#409));
#393 = ORIENTED_EDGE('',*,*,#394,.T.);
#394 = EDGE_CURVE('',#346,#395,#397,.T.);
#395 = VERTEX_POINT('',#396);
#396 = CARTESIAN_POINT('',(5.85,0.75,3.5));
#397 = CIRCLE('',#398,0.3);
#398 = AXIS2_PLACEMENT_3D('',#399,#400,#401);
#399 = CARTESIAN_POINT('',(5.85,0.45,3.5));
#400 = DIRECTION('',(-0.,0.,1.));
#401 = DIRECTION('',(0.,-1.,0.));
#402 = ORIENTED_EDGE('',*,*,#403,.T.);
#403 = EDGE_CURVE('',#395,#154,#404,.T.);
#404 = LINE('',#405,#406);
#405 = CARTESIAN_POINT('',(5.85,0.75,3.5));
#406 = VECTOR('',#407,1.);
#407 = DIRECTION('',(0.,0.,1.));
#408 = ORIENTED_EDGE('',*,*,#161,.F.);
#409 = ORIENTED_EDGE('',*,*,#355,.F.);
#410 = CYLINDRICAL_SURFACE('',#411,0.3);
#411 = AXIS2_PLACEMENT_3D('',#412,#413,#414);
#412 = CARTESIAN_POINT('',(5.85,0.45,3.5));
#413 = DIRECTION('',(0.,0.,1.));
#414 = DIRECTION('',(1.,0.,-0.));
#415 = ADVANCED_FACE('',(#416),#427,.F.);
#416 = FACE_BOUND('',#417,.F.);
#417 = EDGE_LOOP('',(#418,#424,#425,#426));
#418 = ORIENTED_EDGE('',*,*,#419,.F.);
#419 = EDGE_CURVE('',#395,#370,#420,.T.);
#420 = LINE('',#421,#422);
#421 = CARTESIAN_POINT('',(6.15,0.75,3.5));
#422 = VECTOR('',#423,1.);
#423 = DIRECTION('',(-1.,0.,0.));
#424 = ORIENTED_EDGE('',*,*,#403,.T.);
#425 = ORIENTED_EDGE('',*,*,#153,.T.);
#426 = ORIENTED_EDGE('',*,*,#380,.F.);
#427 = PLANE('',#428);
#428 = AXIS2_PLACEMENT_3D('',#429,#430,#431);
#429 = CARTESIAN_POINT('',(6.15,0.75,3.5));
#430 = DIRECTION('',(0.,-1.,0.));
#431 = DIRECTION('',(-1.,0.,0.));
#432 = ADVANCED_FACE('',(#433),#452,.T.);
#433 = FACE_BOUND('',#434,.T.);
#434 = EDGE_LOOP('',(#435,#443,#450,#451));
#435 = ORIENTED_EDGE('',*,*,#436,.T.);
#436 = EDGE_CURVE('',#188,#437,#439,.T.);
#437 = VERTEX_POINT('',#438);
#438 = CARTESIAN_POINT('',(5.65,-4.25,4.1));
#439 = LINE('',#440,#441);
#440 = CARTESIAN_POINT('',(5.65,-4.25,3.5));
#441 = VECTOR('',#442,1.);
#442 = DIRECTION('',(0.,0.,1.));
#443 = ORIENTED_EDGE('',*,*,#444,.F.);
#444 = EDGE_CURVE('',#437,#437,#445,.T.);
#445 = CIRCLE('',#446,0.5);
#446 = AXIS2_PLACEMENT_3D('',#447,#448,#449);
#447 = CARTESIAN_POINT('',(5.15,-4.25,4.1));
#448 = DIRECTION('',(0.,0.,1.));
#449 = DIRECTION('',(1.,0.,-0.));
#450 = ORIENTED_EDGE('',*,*,#436,.F.);
#451 = ORIENTED_EDGE('',*,*,#187,.F.);
#452 = CYLINDRICAL_SURFACE('',#453,0.5);
#453 = AXIS2_PLACEMENT_3D('',#454,#455,#456);
#454 = CARTESIAN_POINT('',(5.15,-4.25,3.5));
#455 = DIRECTION('',(-0.,-0.,-1.));
#456 = DIRECTION('',(1.,0.,0.));
#457 = ADVANCED_FACE('',(#458),#477,.T.);
#458 = FACE_BOUND('',#459,.T.);
#459 = EDGE_LOOP('',(#460,#468,#475,#476));
#460 = ORIENTED_EDGE('',*,*,#461,.T.);
#461 = EDGE_CURVE('',#199,#462,#464,.T.);
#462 = VERTEX_POINT('',#463);
#463 = CARTESIAN_POINT('',(4.9,-2.25,4.9));
#464 = LINE('',#465,#466);
#465 = CARTESIAN_POINT('',(4.9,-2.25,3.5));
#466 = VECTOR('',#467,1.);
#467 = DIRECTION('',(0.,0.,1.));
#468 = ORIENTED_EDGE('',*,*,#469,.F.);
#469 = EDGE_CURVE('',#462,#462,#470,.T.);
#470 = CIRCLE('',#471,1.75);
#471 = AXIS2_PLACEMENT_3D('',#472,#473,#474);
#472 = CARTESIAN_POINT('',(3.15,-2.25,4.9));
#473 = DIRECTION('',(0.,0.,1.));
#474 = DIRECTION('',(1.,0.,-0.));
#475 = ORIENTED_EDGE('',*,*,#461,.F.);
#476 = ORIENTED_EDGE('',*,*,#198,.F.);
#477 = CYLINDRICAL_SURFACE('',#478,1.75);
#478 = AXIS2_PLACEMENT_3D('',#479,#480,#481);
#479 = CARTESIAN_POINT('',(3.15,-2.25,3.5));
#480 = DIRECTION('',(-0.,-0.,-1.));
#481 = DIRECTION('',(1.,0.,0.));
#482 = ADVANCED_FACE('',(#483),#502,.T.);
#483 = FACE_BOUND('',#484,.T.);
#484 = EDGE_LOOP('',(#485,#493,#500,#501));
#485 = ORIENTED_EDGE('',*,*,#486,.T.);
#486 = EDGE_CURVE('',#210,#487,#489,.T.);
#487 = VERTEX_POINT('',#488);
#488 = CARTESIAN_POINT('',(1.65,-0.25,4.1));
#489 = LINE('',#490,#491);
#490 = CARTESIAN_POINT('',(1.65,-0.25,3.5));
#491 = VECTOR('',#492,1.);
#492 = DIRECTION('',(0.,0.,1.));
#493 = ORIENTED_EDGE('',*,*,#494,.F.);
#494 = EDGE_CURVE('',#487,#487,#495,.T.);
#495 = CIRCLE('',#496,0.5);
#496 = AXIS2_PLACEMENT_3D('',#497,#498,#499);
#497 = CARTESIAN_POINT('',(1.15,-0.25,4.1));
#498 = DIRECTION('',(0.,0.,1.));
#499 = DIRECTION('',(1.,0.,-0.));
#500 = ORIENTED_EDGE('',*,*,#486,.F.);
#501 = ORIENTED_EDGE('',*,*,#209,.F.);
#502 = CYLINDRICAL_SURFACE('',#503,0.5);
#503 = AXIS2_PLACEMENT_3D('',#504,#505,#506);
#504 = CARTESIAN_POINT('',(1.15,-0.25,3.5));
#505 = DIRECTION('',(-0.,-0.,-1.));
#506 = DIRECTION('',(1.,0.,0.));
#507 = ADVANCED_FACE('',(#508),#527,.T.);
#508 = FACE_BOUND('',#509,.T.);
#509 = EDGE_LOOP('',(#510,#518,#525,#526));
#510 = ORIENTED_EDGE('',*,*,#511,.T.);
#511 = EDGE_CURVE('',#221,#512,#514,.T.);
#512 = VERTEX_POINT('',#513);
#513 = CARTESIAN_POINT('',(5.65,-0.25,4.1));
#514 = LINE('',#515,#516);
#515 = CARTESIAN_POINT('',(5.65,-0.25,3.5));
#516 = VECTOR('',#517,1.);
#517 = DIRECTION('',(0.,0.,1.));
#518 = ORIENTED_EDGE('',*,*,#519,.F.);
#519 = EDGE_CURVE('',#512,#512,#520,.T.);
#520 = CIRCLE('',#521,0.5);
#521 = AXIS2_PLACEMENT_3D('',#522,#523,#524);
#522 = CARTESIAN_POINT('',(5.15,-0.25,4.1));
#523 = DIRECTION('',(0.,0.,1.));
#524 = DIRECTION('',(1.,0.,-0.));
#525 = ORIENTED_EDGE('',*,*,#511,.F.);
#526 = ORIENTED_EDGE('',*,*,#220,.F.);
#527 = CYLINDRICAL_SURFACE('',#528,0.5);
#528 = AXIS2_PLACEMENT_3D('',#529,#530,#531);
#529 = CARTESIAN_POINT('',(5.15,-0.25,3.5));
#530 = DIRECTION('',(-0.,-0.,-1.));
#531 = DIRECTION('',(1.,0.,0.));
#532 = ADVANCED_FACE('',(#533),#558,.F.);
#533 = FACE_BOUND('',#534,.F.);
#534 = EDGE_LOOP('',(#535,#545,#551,#552));
#535 = ORIENTED_EDGE('',*,*,#536,.F.);
#536 = EDGE_CURVE('',#537,#539,#541,.T.);
#537 = VERTEX_POINT('',#538);
#538 = CARTESIAN_POINT('',(0.45,-5.25,0.));
#539 = VERTEX_POINT('',#540);
#540 = CARTESIAN_POINT('',(5.85,-5.25,0.));
#541 = LINE('',#542,#543);
#542 = CARTESIAN_POINT('',(0.15,-5.25,0.));
#543 = VECTOR('',#544,1.);
#544 = DIRECTION('',(1.,0.,0.));
#545 = ORIENTED_EDGE('',*,*,#546,.T.);
#546 = EDGE_CURVE('',#537,#241,#547,.T.);
#547 = LINE('',#548,#549);
#548 = CARTESIAN_POINT('',(0.45,-5.25,0.));
#549 = VECTOR('',#550,1.);
#550 = DIRECTION('',(0.,0.,1.));
#551 = ORIENTED_EDGE('',*,*,#240,.T.);
#552 = ORIENTED_EDGE('',*,*,#553,.F.);
#553 = EDGE_CURVE('',#539,#243,#554,.T.);
#554 = LINE('',#555,#556);
#555 = CARTESIAN_POINT('',(5.85,-5.25,0.));
#556 = VECTOR('',#557,1.);
#557 = DIRECTION('',(0.,0.,1.));
#558 = PLANE('',#559);
#559 = AXIS2_PLACEMENT_3D('',#560,#561,#562);
#560 = CARTESIAN_POINT('',(0.15,-5.25,0.));
#561 = DIRECTION('',(0.,1.,0.));
#562 = DIRECTION('',(1.,0.,0.));
#563 = ADVANCED_FACE('',(#564),#583,.T.);
#564 = FACE_BOUND('',#565,.T.);
#565 = EDGE_LOOP('',(#566,#567,#568,#576));
#566 = ORIENTED_EDGE('',*,*,#546,.T.);
#567 = ORIENTED_EDGE('',*,*,#281,.T.);
#568 = ORIENTED_EDGE('',*,*,#569,.F.);
#569 = EDGE_CURVE('',#570,#274,#572,.T.);
#570 = VERTEX_POINT('',#571);
#571 = CARTESIAN_POINT('',(0.15,-4.95,0.));
#572 = LINE('',#573,#574);
#573 = CARTESIAN_POINT('',(0.15,-4.95,0.));
#574 = VECTOR('',#575,1.);
#575 = DIRECTION('',(0.,0.,1.));
#576 = ORIENTED_EDGE('',*,*,#577,.F.);
#577 = EDGE_CURVE('',#537,#570,#578,.T.);
#578 = CIRCLE('',#579,0.3);
#579 = AXIS2_PLACEMENT_3D('',#580,#581,#582);
#580 = CARTESIAN_POINT('',(0.45,-4.95,0.));
#581 = DIRECTION('',(-0.,-0.,-1.));
#582 = DIRECTION('',(0.,-1.,0.));
#583 = CYLINDRICAL_SURFACE('',#584,0.3);
#584 = AXIS2_PLACEMENT_3D('',#585,#586,#587);
#585 = CARTESIAN_POINT('',(0.45,-4.95,0.));
#586 = DIRECTION('',(0.,0.,1.));
#587 = DIRECTION('',(0.,-1.,0.));
#588 = ADVANCED_FACE('',(#589),#608,.T.);
#589 = FACE_BOUND('',#590,.T.);
#590 = EDGE_LOOP('',(#591,#600,#606,#607));
#591 = ORIENTED_EDGE('',*,*,#592,.T.);
#592 = EDGE_CURVE('',#539,#593,#595,.T.);
#593 = VERTEX_POINT('',#594);
#594 = CARTESIAN_POINT('',(6.15,-4.95,0.));
#595 = CIRCLE('',#596,0.3);
#596 = AXIS2_PLACEMENT_3D('',#597,#598,#599);
#597 = CARTESIAN_POINT('',(5.85,-4.95,0.));
#598 = DIRECTION('',(-0.,0.,1.));
#599 = DIRECTION('',(0.,-1.,0.));
#600 = ORIENTED_EDGE('',*,*,#601,.T.);
#601 = EDGE_CURVE('',#593,#297,#602,.T.);
#602 = LINE('',#603,#604);
#603 = CARTESIAN_POINT('',(6.15,-4.95,0.));
#604 = VECTOR('',#605,1.);
#605 = DIRECTION('',(0.,0.,1.));
#606 = ORIENTED_EDGE('',*,*,#296,.F.);
#607 = ORIENTED_EDGE('',*,*,#553,.F.);
#608 = CYLINDRICAL_SURFACE('',#609,0.3);
#609 = AXIS2_PLACEMENT_3D('',#610,#611,#612);
#610 = CARTESIAN_POINT('',(5.85,-4.95,0.));
#611 = DIRECTION('',(0.,0.,1.));
#612 = DIRECTION('',(0.,-1.,0.));
#613 = ADVANCED_FACE('',(#614),#696,.F.);
#614 = FACE_BOUND('',#615,.F.);
#615 = EDGE_LOOP('',(#616,#626,#632,#633,#634,#642,#650,#658,#666,#674,
    #682,#690));
#616 = ORIENTED_EDGE('',*,*,#617,.F.);
#617 = EDGE_CURVE('',#618,#620,#622,.T.);
#618 = VERTEX_POINT('',#619);
#619 = CARTESIAN_POINT('',(0.15,0.45,0.));
#620 = VERTEX_POINT('',#621);
#621 = CARTESIAN_POINT('',(0.15,0.35,0.));
#622 = LINE('',#623,#624);
#623 = CARTESIAN_POINT('',(0.15,0.75,0.));
#624 = VECTOR('',#625,1.);
#625 = DIRECTION('',(0.,-1.,0.));
#626 = ORIENTED_EDGE('',*,*,#627,.T.);
#627 = EDGE_CURVE('',#618,#322,#628,.T.);
#628 = LINE('',#629,#630);
#629 = CARTESIAN_POINT('',(0.15,0.45,0.));
#630 = VECTOR('',#631,1.);
#631 = DIRECTION('',(0.,0.,1.));
#632 = ORIENTED_EDGE('',*,*,#321,.T.);
#633 = ORIENTED_EDGE('',*,*,#569,.F.);
#634 = ORIENTED_EDGE('',*,*,#635,.F.);
#635 = EDGE_CURVE('',#636,#570,#638,.T.);
#636 = VERTEX_POINT('',#637);
#637 = CARTESIAN_POINT('',(0.15,-4.85,0.));
#638 = LINE('',#639,#640);
#639 = CARTESIAN_POINT('',(0.15,0.75,0.));
#640 = VECTOR('',#641,1.);
#641 = DIRECTION('',(0.,-1.,0.));
#642 = ORIENTED_EDGE('',*,*,#643,.F.);
#643 = EDGE_CURVE('',#644,#636,#646,.T.);
#644 = VERTEX_POINT('',#645);
#645 = CARTESIAN_POINT('',(0.15,-4.85,1.5));
#646 = LINE('',#647,#648);
#647 = CARTESIAN_POINT('',(0.15,-4.85,1.5));
#648 = VECTOR('',#649,1.);
#649 = DIRECTION('',(0.,5.551115123126E-16,-1.));
#650 = ORIENTED_EDGE('',*,*,#651,.T.);
#651 = EDGE_CURVE('',#644,#652,#654,.T.);
#652 = VERTEX_POINT('',#653);
#653 = CARTESIAN_POINT('',(0.15,-4.15,1.5));
#654 = LINE('',#655,#656);
#655 = CARTESIAN_POINT('',(0.15,-4.85,1.5));
#656 = VECTOR('',#657,1.);
#657 = DIRECTION('',(0.,1.,3.330669073875E-16));
#658 = ORIENTED_EDGE('',*,*,#659,.T.);
#659 = EDGE_CURVE('',#652,#660,#662,.T.);
#660 = VERTEX_POINT('',#661);
#661 = CARTESIAN_POINT('',(0.15,-4.15,0.));
#662 = LINE('',#663,#664);
#663 = CARTESIAN_POINT('',(0.15,-4.15,1.5));
#664 = VECTOR('',#665,1.);
#665 = DIRECTION('',(0.,5.551115123126E-16,-1.));
#666 = ORIENTED_EDGE('',*,*,#667,.F.);
#667 = EDGE_CURVE('',#668,#660,#670,.T.);
#668 = VERTEX_POINT('',#669);
#669 = CARTESIAN_POINT('',(0.15,-0.35,0.));
#670 = LINE('',#671,#672);
#671 = CARTESIAN_POINT('',(0.15,0.75,0.));
#672 = VECTOR('',#673,1.);
#673 = DIRECTION('',(0.,-1.,0.));
#674 = ORIENTED_EDGE('',*,*,#675,.F.);
#675 = EDGE_CURVE('',#676,#668,#678,.T.);
#676 = VERTEX_POINT('',#677);
#677 = CARTESIAN_POINT('',(0.15,-0.35,1.5));
#678 = LINE('',#679,#680);
#679 = CARTESIAN_POINT('',(0.15,-0.35,1.5));
#680 = VECTOR('',#681,1.);
#681 = DIRECTION('',(0.,5.551115123126E-16,-1.));
#682 = ORIENTED_EDGE('',*,*,#683,.T.);
#683 = EDGE_CURVE('',#676,#684,#686,.T.);
#684 = VERTEX_POINT('',#685);
#685 = CARTESIAN_POINT('',(0.15,0.35,1.5));
#686 = LINE('',#687,#688);
#687 = CARTESIAN_POINT('',(0.15,-0.35,1.5));
#688 = VECTOR('',#689,1.);
#689 = DIRECTION('',(0.,1.,3.330669073875E-16));
#690 = ORIENTED_EDGE('',*,*,#691,.T.);
#691 = EDGE_CURVE('',#684,#620,#692,.T.);
#692 = LINE('',#693,#694);
#693 = CARTESIAN_POINT('',(0.15,0.35,1.5));
#694 = VECTOR('',#695,1.);
#695 = DIRECTION('',(0.,5.551115123126E-16,-1.));
#696 = PLANE('',#697);
#697 = AXIS2_PLACEMENT_3D('',#698,#699,#700);
#698 = CARTESIAN_POINT('',(0.15,0.75,0.));
#699 = DIRECTION('',(1.,0.,0.));
#700 = DIRECTION('',(0.,-1.,0.));
#701 = ADVANCED_FACE('',(#702),#784,.F.);
#702 = FACE_BOUND('',#703,.F.);
#703 = EDGE_LOOP('',(#704,#712,#713,#714,#722,#730,#738,#746,#754,#762,
    #770,#778));
#704 = ORIENTED_EDGE('',*,*,#705,.F.);
#705 = EDGE_CURVE('',#593,#706,#708,.T.);
#706 = VERTEX_POINT('',#707);
#707 = CARTESIAN_POINT('',(6.15,-4.85,0.));
#708 = LINE('',#709,#710);
#709 = CARTESIAN_POINT('',(6.15,-5.25,0.));
#710 = VECTOR('',#711,1.);
#711 = DIRECTION('',(0.,1.,0.));
#712 = ORIENTED_EDGE('',*,*,#601,.T.);
#713 = ORIENTED_EDGE('',*,*,#345,.T.);
#714 = ORIENTED_EDGE('',*,*,#715,.F.);
#715 = EDGE_CURVE('',#716,#346,#718,.T.);
#716 = VERTEX_POINT('',#717);
#717 = CARTESIAN_POINT('',(6.15,0.45,0.));
#718 = LINE('',#719,#720);
#719 = CARTESIAN_POINT('',(6.15,0.45,0.));
#720 = VECTOR('',#721,1.);
#721 = DIRECTION('',(0.,0.,1.));
#722 = ORIENTED_EDGE('',*,*,#723,.F.);
#723 = EDGE_CURVE('',#724,#716,#726,.T.);
#724 = VERTEX_POINT('',#725);
#725 = CARTESIAN_POINT('',(6.15,0.35,0.));
#726 = LINE('',#727,#728);
#727 = CARTESIAN_POINT('',(6.15,-5.25,0.));
#728 = VECTOR('',#729,1.);
#729 = DIRECTION('',(0.,1.,0.));
#730 = ORIENTED_EDGE('',*,*,#731,.F.);
#731 = EDGE_CURVE('',#732,#724,#734,.T.);
#732 = VERTEX_POINT('',#733);
#733 = CARTESIAN_POINT('',(6.15,0.35,1.5));
#734 = LINE('',#735,#736);
#735 = CARTESIAN_POINT('',(6.15,0.35,1.5));
#736 = VECTOR('',#737,1.);
#737 = DIRECTION('',(0.,5.551115123126E-16,-1.));
#738 = ORIENTED_EDGE('',*,*,#739,.F.);
#739 = EDGE_CURVE('',#740,#732,#742,.T.);
#740 = VERTEX_POINT('',#741);
#741 = CARTESIAN_POINT('',(6.15,-0.35,1.5));
#742 = LINE('',#743,#744);
#743 = CARTESIAN_POINT('',(6.15,-0.35,1.5));
#744 = VECTOR('',#745,1.);
#745 = DIRECTION('',(0.,1.,3.330669073875E-16));
#746 = ORIENTED_EDGE('',*,*,#747,.T.);
#747 = EDGE_CURVE('',#740,#748,#750,.T.);
#748 = VERTEX_POINT('',#749);
#749 = CARTESIAN_POINT('',(6.15,-0.35,0.));
#750 = LINE('',#751,#752);
#751 = CARTESIAN_POINT('',(6.15,-0.35,1.5));
#752 = VECTOR('',#753,1.);
#753 = DIRECTION('',(0.,5.551115123126E-16,-1.));
#754 = ORIENTED_EDGE('',*,*,#755,.F.);
#755 = EDGE_CURVE('',#756,#748,#758,.T.);
#756 = VERTEX_POINT('',#757);
#757 = CARTESIAN_POINT('',(6.15,-4.15,0.));
#758 = LINE('',#759,#760);
#759 = CARTESIAN_POINT('',(6.15,-5.25,0.));
#760 = VECTOR('',#761,1.);
#761 = DIRECTION('',(0.,1.,0.));
#762 = ORIENTED_EDGE('',*,*,#763,.F.);
#763 = EDGE_CURVE('',#764,#756,#766,.T.);
#764 = VERTEX_POINT('',#765);
#765 = CARTESIAN_POINT('',(6.15,-4.15,1.5));
#766 = LINE('',#767,#768);
#767 = CARTESIAN_POINT('',(6.15,-4.15,1.5));
#768 = VECTOR('',#769,1.);
#769 = DIRECTION('',(0.,5.551115123126E-16,-1.));
#770 = ORIENTED_EDGE('',*,*,#771,.F.);
#771 = EDGE_CURVE('',#772,#764,#774,.T.);
#772 = VERTEX_POINT('',#773);
#773 = CARTESIAN_POINT('',(6.15,-4.85,1.5));
#774 = LINE('',#775,#776);
#775 = CARTESIAN_POINT('',(6.15,-4.85,1.5));
#776 = VECTOR('',#777,1.);
#777 = DIRECTION('',(0.,1.,3.330669073875E-16));
#778 = ORIENTED_EDGE('',*,*,#779,.T.);
#779 = EDGE_CURVE('',#772,#706,#780,.T.);
#780 = LINE('',#781,#782);
#781 = CARTESIAN_POINT('',(6.15,-4.85,1.5));
#782 = VECTOR('',#783,1.);
#783 = DIRECTION('',(0.,5.551115123126E-16,-1.));
#784 = PLANE('',#785);
#785 = AXIS2_PLACEMENT_3D('',#786,#787,#788);
#786 = CARTESIAN_POINT('',(6.15,-5.25,0.));
#787 = DIRECTION('',(-1.,0.,0.));
#788 = DIRECTION('',(0.,1.,0.));
#789 = ADVANCED_FACE('',(#790),#809,.T.);
#790 = FACE_BOUND('',#791,.T.);
#791 = EDGE_LOOP('',(#792,#801,#802,#803));
#792 = ORIENTED_EDGE('',*,*,#793,.T.);
#793 = EDGE_CURVE('',#794,#618,#796,.T.);
#794 = VERTEX_POINT('',#795);
#795 = CARTESIAN_POINT('',(0.45,0.75,0.));
#796 = CIRCLE('',#797,0.3);
#797 = AXIS2_PLACEMENT_3D('',#798,#799,#800);
#798 = CARTESIAN_POINT('',(0.45,0.45,0.));
#799 = DIRECTION('',(-0.,0.,1.));
#800 = DIRECTION('',(0.,-1.,0.));
#801 = ORIENTED_EDGE('',*,*,#627,.T.);
#802 = ORIENTED_EDGE('',*,*,#369,.F.);
#803 = ORIENTED_EDGE('',*,*,#804,.F.);
#804 = EDGE_CURVE('',#794,#370,#805,.T.);
#805 = LINE('',#806,#807);
#806 = CARTESIAN_POINT('',(0.45,0.75,0.));
#807 = VECTOR('',#808,1.);
#808 = DIRECTION('',(0.,0.,1.));
#809 = CYLINDRICAL_SURFACE('',#810,0.3);
#810 = AXIS2_PLACEMENT_3D('',#811,#812,#813);
#811 = CARTESIAN_POINT('',(0.45,0.45,0.));
#812 = DIRECTION('',(0.,0.,1.));
#813 = DIRECTION('',(0.,1.,0.));
#814 = ADVANCED_FACE('',(#815),#834,.T.);
#815 = FACE_BOUND('',#816,.T.);
#816 = EDGE_LOOP('',(#817,#826,#832,#833));
#817 = ORIENTED_EDGE('',*,*,#818,.T.);
#818 = EDGE_CURVE('',#716,#819,#821,.T.);
#819 = VERTEX_POINT('',#820);
#820 = CARTESIAN_POINT('',(5.85,0.75,0.));
#821 = CIRCLE('',#822,0.3);
#822 = AXIS2_PLACEMENT_3D('',#823,#824,#825);
#823 = CARTESIAN_POINT('',(5.85,0.45,0.));
#824 = DIRECTION('',(-0.,0.,1.));
#825 = DIRECTION('',(0.,-1.,0.));
#826 = ORIENTED_EDGE('',*,*,#827,.T.);
#827 = EDGE_CURVE('',#819,#395,#828,.T.);
#828 = LINE('',#829,#830);
#829 = CARTESIAN_POINT('',(5.85,0.75,0.));
#830 = VECTOR('',#831,1.);
#831 = DIRECTION('',(0.,0.,1.));
#832 = ORIENTED_EDGE('',*,*,#394,.F.);
#833 = ORIENTED_EDGE('',*,*,#715,.F.);
#834 = CYLINDRICAL_SURFACE('',#835,0.3);
#835 = AXIS2_PLACEMENT_3D('',#836,#837,#838);
#836 = CARTESIAN_POINT('',(5.85,0.45,0.));
#837 = DIRECTION('',(0.,0.,1.));
#838 = DIRECTION('',(1.,0.,-0.));
#839 = ADVANCED_FACE('',(#840),#851,.F.);
#840 = FACE_BOUND('',#841,.F.);
#841 = EDGE_LOOP('',(#842,#848,#849,#850));
#842 = ORIENTED_EDGE('',*,*,#843,.F.);
#843 = EDGE_CURVE('',#819,#794,#844,.T.);
#844 = LINE('',#845,#846);
#845 = CARTESIAN_POINT('',(6.15,0.75,0.));
#846 = VECTOR('',#847,1.);
#847 = DIRECTION('',(-1.,0.,0.));
#848 = ORIENTED_EDGE('',*,*,#827,.T.);
#849 = ORIENTED_EDGE('',*,*,#419,.T.);
#850 = ORIENTED_EDGE('',*,*,#804,.F.);
#851 = PLANE('',#852);
#852 = AXIS2_PLACEMENT_3D('',#853,#854,#855);
#853 = CARTESIAN_POINT('',(6.15,0.75,0.));
#854 = DIRECTION('',(0.,-1.,0.));
#855 = DIRECTION('',(-1.,0.,0.));
#856 = ADVANCED_FACE('',(#857),#860,.F.);
#857 = FACE_BOUND('',#858,.T.);
#858 = EDGE_LOOP('',(#859));
#859 = ORIENTED_EDGE('',*,*,#444,.T.);
#860 = PLANE('',#861);
#861 = AXIS2_PLACEMENT_3D('',#862,#863,#864);
#862 = CARTESIAN_POINT('',(5.65,-4.25,4.1));
#863 = DIRECTION('',(0.,0.,-1.));
#864 = DIRECTION('',(-1.,0.,0.));
#865 = ADVANCED_FACE('',(#866),#886,.T.);
#866 = FACE_BOUND('',#867,.T.);
#867 = EDGE_LOOP('',(#868,#869,#878,#885));
#868 = ORIENTED_EDGE('',*,*,#469,.T.);
#869 = ORIENTED_EDGE('',*,*,#870,.F.);
#870 = EDGE_CURVE('',#871,#462,#873,.T.);
#871 = VERTEX_POINT('',#872);
#872 = CARTESIAN_POINT('',(4.8,-2.25,5.));
#873 = CIRCLE('',#874,0.1);
#874 = AXIS2_PLACEMENT_3D('',#875,#876,#877);
#875 = CARTESIAN_POINT('',(4.8,-2.25,4.9));
#876 = DIRECTION('',(-0.,1.,0.));
#877 = DIRECTION('',(1.,0.,0.));
#878 = ORIENTED_EDGE('',*,*,#879,.F.);
#879 = EDGE_CURVE('',#871,#871,#880,.T.);
#880 = CIRCLE('',#881,1.65);
#881 = AXIS2_PLACEMENT_3D('',#882,#883,#884);
#882 = CARTESIAN_POINT('',(3.15,-2.25,5.));
#883 = DIRECTION('',(0.,0.,1.));
#884 = DIRECTION('',(1.,0.,-0.));
#885 = ORIENTED_EDGE('',*,*,#870,.T.);
#886 = TOROIDAL_SURFACE('',#887,1.65,0.1);
#887 = AXIS2_PLACEMENT_3D('',#888,#889,#890);
#888 = CARTESIAN_POINT('',(3.15,-2.25,4.9));
#889 = DIRECTION('',(0.,0.,-1.));
#890 = DIRECTION('',(1.,0.,0.));
#891 = ADVANCED_FACE('',(#892),#895,.F.);
#892 = FACE_BOUND('',#893,.T.);
#893 = EDGE_LOOP('',(#894));
#894 = ORIENTED_EDGE('',*,*,#494,.T.);
#895 = PLANE('',#896);
#896 = AXIS2_PLACEMENT_3D('',#897,#898,#899);
#897 = CARTESIAN_POINT('',(1.65,-0.25,4.1));
#898 = DIRECTION('',(0.,0.,-1.));
#899 = DIRECTION('',(-1.,0.,0.));
#900 = ADVANCED_FACE('',(#901),#904,.F.);
#901 = FACE_BOUND('',#902,.T.);
#902 = EDGE_LOOP('',(#903));
#903 = ORIENTED_EDGE('',*,*,#519,.T.);
#904 = PLANE('',#905);
#905 = AXIS2_PLACEMENT_3D('',#906,#907,#908);
#906 = CARTESIAN_POINT('',(5.65,-0.25,4.1));
#907 = DIRECTION('',(0.,0.,-1.));
#908 = DIRECTION('',(-1.,0.,0.));
#909 = ADVANCED_FACE('',(#910),#948,.T.);
#910 = FACE_BOUND('',#911,.T.);
#911 = EDGE_LOOP('',(#912,#913,#914,#915,#921,#922,#928,#929,#930,#931,
    #932,#933,#939,#940,#946,#947));
#912 = ORIENTED_EDGE('',*,*,#536,.F.);
#913 = ORIENTED_EDGE('',*,*,#577,.T.);
#914 = ORIENTED_EDGE('',*,*,#635,.F.);
#915 = ORIENTED_EDGE('',*,*,#916,.F.);
#916 = EDGE_CURVE('',#660,#636,#917,.T.);
#917 = LINE('',#918,#919);
#918 = CARTESIAN_POINT('',(0.15,0.75,0.));
#919 = VECTOR('',#920,1.);
#920 = DIRECTION('',(0.,-1.,0.));
#921 = ORIENTED_EDGE('',*,*,#667,.F.);
#922 = ORIENTED_EDGE('',*,*,#923,.F.);
#923 = EDGE_CURVE('',#620,#668,#924,.T.);
#924 = LINE('',#925,#926);
#925 = CARTESIAN_POINT('',(0.15,0.75,0.));
#926 = VECTOR('',#927,1.);
#927 = DIRECTION('',(0.,-1.,0.));
#928 = ORIENTED_EDGE('',*,*,#617,.F.);
#929 = ORIENTED_EDGE('',*,*,#793,.F.);
#930 = ORIENTED_EDGE('',*,*,#843,.F.);
#931 = ORIENTED_EDGE('',*,*,#818,.F.);
#932 = ORIENTED_EDGE('',*,*,#723,.F.);
#933 = ORIENTED_EDGE('',*,*,#934,.F.);
#934 = EDGE_CURVE('',#748,#724,#935,.T.);
#935 = LINE('',#936,#937);
#936 = CARTESIAN_POINT('',(6.15,-5.25,0.));
#937 = VECTOR('',#938,1.);
#938 = DIRECTION('',(0.,1.,0.));
#939 = ORIENTED_EDGE('',*,*,#755,.F.);
#940 = ORIENTED_EDGE('',*,*,#941,.F.);
#941 = EDGE_CURVE('',#706,#756,#942,.T.);
#942 = LINE('',#943,#944);
#943 = CARTESIAN_POINT('',(6.15,-5.25,0.));
#944 = VECTOR('',#945,1.);
#945 = DIRECTION('',(0.,1.,0.));
#946 = ORIENTED_EDGE('',*,*,#705,.F.);
#947 = ORIENTED_EDGE('',*,*,#592,.F.);
#948 = PLANE('',#949);
#949 = AXIS2_PLACEMENT_3D('',#950,#951,#952);
#950 = CARTESIAN_POINT('',(0.15,-5.25,0.));
#951 = DIRECTION('',(0.,0.,-1.));
#952 = DIRECTION('',(-1.,0.,0.));
#953 = ADVANCED_FACE('',(#954),#1098,.F.);
#954 = FACE_BOUND('',#955,.F.);
#955 = EDGE_LOOP('',(#956,#966,#975,#983,#992,#1000,#1008,#1016,#1025,
    #1033,#1042,#1050,#1059,#1065,#1066,#1074,#1083,#1091));
#956 = ORIENTED_EDGE('',*,*,#957,.T.);
#957 = EDGE_CURVE('',#958,#960,#962,.T.);
#958 = VERTEX_POINT('',#959);
#959 = CARTESIAN_POINT('',(-0.162230377286,0.35,-0.540767924286));
#960 = VERTEX_POINT('',#961);
#961 = CARTESIAN_POINT('',(-0.425000733956,0.35,-1.416669113186));
#962 = LINE('',#963,#964);
#963 = CARTESIAN_POINT('',(-0.15,0.35,-0.5));
#964 = VECTOR('',#965,1.);
#965 = DIRECTION('',(-0.287347885566,5.31700397722E-16,-0.957826285221)
  );
#966 = ORIENTED_EDGE('',*,*,#967,.T.);
#967 = EDGE_CURVE('',#960,#968,#970,.T.);
#968 = VERTEX_POINT('',#969);
#969 = CARTESIAN_POINT('',(-0.425000733956,0.35,-1.583330886814));
#970 = CIRCLE('',#971,0.29);
#971 = AXIS2_PLACEMENT_3D('',#972,#973,#974);
#972 = CARTESIAN_POINT('',(-0.147231111242,0.35,-1.5));
#973 = DIRECTION('',(0.,-1.,-3.330669073875E-16));
#974 = DIRECTION('',(0.,-3.330669073875E-16,1.));
#975 = ORIENTED_EDGE('',*,*,#976,.T.);
#976 = EDGE_CURVE('',#968,#977,#979,.T.);
#977 = VERTEX_POINT('',#978);
#978 = CARTESIAN_POINT('',(-0.162230377286,0.35,-2.459232075714));
#979 = LINE('',#980,#981);
#980 = CARTESIAN_POINT('',(-0.45,0.35,-1.5));
#981 = VECTOR('',#982,1.);
#982 = DIRECTION('',(0.287347885566,5.31700397722E-16,-0.957826285221));
#983 = ORIENTED_EDGE('',*,*,#984,.F.);
#984 = EDGE_CURVE('',#985,#977,#987,.T.);
#985 = VERTEX_POINT('',#986);
#986 = CARTESIAN_POINT('',(-0.15,0.35,-2.542562962528));
#987 = CIRCLE('',#988,0.29);
#988 = AXIS2_PLACEMENT_3D('',#989,#990,#991);
#989 = CARTESIAN_POINT('',(-0.44,0.35,-2.542562962528));
#990 = DIRECTION('',(0.,-1.,-3.330669073875E-16));
#991 = DIRECTION('',(0.,-3.330669073875E-16,1.));
#992 = ORIENTED_EDGE('',*,*,#993,.F.);
#993 = EDGE_CURVE('',#994,#985,#996,.T.);
#994 = VERTEX_POINT('',#995);
#995 = CARTESIAN_POINT('',(-0.15,0.35,-3.5));
#996 = LINE('',#997,#998);
#997 = CARTESIAN_POINT('',(-0.15,0.35,-3.5));
#998 = VECTOR('',#999,1.);
#999 = DIRECTION('',(0.,-5.551115123126E-16,1.));
#1000 = ORIENTED_EDGE('',*,*,#1001,.F.);
#1001 = EDGE_CURVE('',#1002,#994,#1004,.T.);
#1002 = VERTEX_POINT('',#1003);
#1003 = CARTESIAN_POINT('',(0.15,0.35,-3.5));
#1004 = LINE('',#1005,#1006);
#1005 = CARTESIAN_POINT('',(0.15,0.35,-3.5));
#1006 = VECTOR('',#1007,1.);
#1007 = DIRECTION('',(-1.,-0.,0.));
#1008 = ORIENTED_EDGE('',*,*,#1009,.F.);
#1009 = EDGE_CURVE('',#1010,#1002,#1012,.T.);
#1010 = VERTEX_POINT('',#1011);
#1011 = CARTESIAN_POINT('',(0.15,0.35,-2.542562962528));
#1012 = LINE('',#1013,#1014);
#1013 = CARTESIAN_POINT('',(0.15,0.35,-2.5));
#1014 = VECTOR('',#1015,1.);
#1015 = DIRECTION('',(0.,5.551115123126E-16,-1.));
#1016 = ORIENTED_EDGE('',*,*,#1017,.F.);
#1017 = EDGE_CURVE('',#1018,#1010,#1020,.T.);
#1018 = VERTEX_POINT('',#1019);
#1019 = CARTESIAN_POINT('',(0.137769622714,0.35,-2.459232075714));
#1020 = CIRCLE('',#1021,0.29);
#1021 = AXIS2_PLACEMENT_3D('',#1022,#1023,#1024);
#1022 = CARTESIAN_POINT('',(-0.14,0.35,-2.542562962528));
#1023 = DIRECTION('',(-0.,1.,3.330669073875E-16));
#1024 = DIRECTION('',(0.,-3.330669073875E-16,1.));
#1025 = ORIENTED_EDGE('',*,*,#1026,.T.);
#1026 = EDGE_CURVE('',#1018,#1027,#1029,.T.);
#1027 = VERTEX_POINT('',#1028);
#1028 = CARTESIAN_POINT('',(-0.125000733956,0.35,-1.583330886814));
#1029 = LINE('',#1030,#1031);
#1030 = CARTESIAN_POINT('',(0.15,0.35,-2.5));
#1031 = VECTOR('',#1032,1.);
#1032 = DIRECTION('',(-0.287347885566,-5.31700397722E-16,0.957826285221)
  );
#1033 = ORIENTED_EDGE('',*,*,#1034,.F.);
#1034 = EDGE_CURVE('',#1035,#1027,#1037,.T.);
#1035 = VERTEX_POINT('',#1036);
#1036 = CARTESIAN_POINT('',(-0.125000733956,0.35,-1.416669113186));
#1037 = CIRCLE('',#1038,0.29);
#1038 = AXIS2_PLACEMENT_3D('',#1039,#1040,#1041);
#1039 = CARTESIAN_POINT('',(0.152768888758,0.35,-1.5));
#1040 = DIRECTION('',(0.,-1.,-3.330669073875E-16));
#1041 = DIRECTION('',(0.,-3.330669073875E-16,1.));
#1042 = ORIENTED_EDGE('',*,*,#1043,.T.);
#1043 = EDGE_CURVE('',#1035,#1044,#1046,.T.);
#1044 = VERTEX_POINT('',#1045);
#1045 = CARTESIAN_POINT('',(0.137769622714,0.35,-0.540767924286));
#1046 = LINE('',#1047,#1048);
#1047 = CARTESIAN_POINT('',(-0.15,0.35,-1.5));
#1048 = VECTOR('',#1049,1.);
#1049 = DIRECTION('',(0.287347885566,-5.31700397722E-16,0.957826285221)
  );
#1050 = ORIENTED_EDGE('',*,*,#1051,.F.);
#1051 = EDGE_CURVE('',#1052,#1044,#1054,.T.);
#1052 = VERTEX_POINT('',#1053);
#1053 = CARTESIAN_POINT('',(0.15,0.35,-0.457437037472));
#1054 = CIRCLE('',#1055,0.29);
#1055 = AXIS2_PLACEMENT_3D('',#1056,#1057,#1058);
#1056 = CARTESIAN_POINT('',(-0.14,0.35,-0.457437037472));
#1057 = DIRECTION('',(-0.,1.,3.330669073875E-16));
#1058 = DIRECTION('',(0.,-3.330669073875E-16,1.));
#1059 = ORIENTED_EDGE('',*,*,#1060,.F.);
#1060 = EDGE_CURVE('',#620,#1052,#1061,.T.);
#1061 = LINE('',#1062,#1063);
#1062 = CARTESIAN_POINT('',(0.15,0.35,1.5));
#1063 = VECTOR('',#1064,1.);
#1064 = DIRECTION('',(0.,5.551115123126E-16,-1.));
#1065 = ORIENTED_EDGE('',*,*,#691,.F.);
#1066 = ORIENTED_EDGE('',*,*,#1067,.F.);
#1067 = EDGE_CURVE('',#1068,#684,#1070,.T.);
#1068 = VERTEX_POINT('',#1069);
#1069 = CARTESIAN_POINT('',(0.14,0.35,1.5));
#1070 = LINE('',#1071,#1072);
#1071 = CARTESIAN_POINT('',(-0.15,0.35,1.5));
#1072 = VECTOR('',#1073,1.);
#1073 = DIRECTION('',(1.,0.,0.));
#1074 = ORIENTED_EDGE('',*,*,#1075,.F.);
#1075 = EDGE_CURVE('',#1076,#1068,#1078,.T.);
#1076 = VERTEX_POINT('',#1077);
#1077 = CARTESIAN_POINT('',(-0.15,0.35,1.21));
#1078 = CIRCLE('',#1079,0.29);
#1079 = AXIS2_PLACEMENT_3D('',#1080,#1081,#1082);
#1080 = CARTESIAN_POINT('',(0.14,0.35,1.21));
#1081 = DIRECTION('',(-0.,1.,3.330669073875E-16));
#1082 = DIRECTION('',(0.,-3.330669073875E-16,1.));
#1083 = ORIENTED_EDGE('',*,*,#1084,.F.);
#1084 = EDGE_CURVE('',#1085,#1076,#1087,.T.);
#1085 = VERTEX_POINT('',#1086);
#1086 = CARTESIAN_POINT('',(-0.15,0.35,-0.457437037472));
#1087 = LINE('',#1088,#1089);
#1088 = CARTESIAN_POINT('',(-0.15,0.35,-0.5));
#1089 = VECTOR('',#1090,1.);
#1090 = DIRECTION('',(0.,-5.551115123126E-16,1.));
#1091 = ORIENTED_EDGE('',*,*,#1092,.F.);
#1092 = EDGE_CURVE('',#958,#1085,#1093,.T.);
#1093 = CIRCLE('',#1094,0.29);
#1094 = AXIS2_PLACEMENT_3D('',#1095,#1096,#1097);
#1095 = CARTESIAN_POINT('',(-0.44,0.35,-0.457437037472));
#1096 = DIRECTION('',(0.,-1.,-3.330669073875E-16));
#1097 = DIRECTION('',(0.,-3.330669073875E-16,1.));
#1098 = PLANE('',#1099);
#1099 = AXIS2_PLACEMENT_3D('',#1100,#1101,#1102);
#1100 = CARTESIAN_POINT('',(-0.15,0.35,-0.5));
#1101 = DIRECTION('',(1.64346021921E-31,-1.,-5.551115123126E-16));
#1102 = DIRECTION('',(0.,5.551115123126E-16,-1.));
#1103 = ADVANCED_FACE('',(#1104),#1122,.F.);
#1104 = FACE_BOUND('',#1105,.F.);
#1105 = EDGE_LOOP('',(#1106,#1114,#1120,#1121));
#1106 = ORIENTED_EDGE('',*,*,#1107,.F.);
#1107 = EDGE_CURVE('',#1108,#676,#1110,.T.);
#1108 = VERTEX_POINT('',#1109);
#1109 = CARTESIAN_POINT('',(0.14,-0.35,1.5));
#1110 = LINE('',#1111,#1112);
#1111 = CARTESIAN_POINT('',(-0.15,-0.35,1.5));
#1112 = VECTOR('',#1113,1.);
#1113 = DIRECTION('',(1.,0.,0.));
#1114 = ORIENTED_EDGE('',*,*,#1115,.T.);
#1115 = EDGE_CURVE('',#1108,#1068,#1116,.T.);
#1116 = LINE('',#1117,#1118);
#1117 = CARTESIAN_POINT('',(0.14,-0.35,1.5));
#1118 = VECTOR('',#1119,1.);
#1119 = DIRECTION('',(0.,1.,3.330669073875E-16));
#1120 = ORIENTED_EDGE('',*,*,#1067,.T.);
#1121 = ORIENTED_EDGE('',*,*,#683,.F.);
#1122 = PLANE('',#1123);
#1123 = AXIS2_PLACEMENT_3D('',#1124,#1125,#1126);
#1124 = CARTESIAN_POINT('',(-0.15,-0.35,1.5));
#1125 = DIRECTION('',(0.,3.330669073875E-16,-1.));
#1126 = DIRECTION('',(1.,0.,0.));
#1127 = ADVANCED_FACE('',(#1128),#1265,.T.);
#1128 = FACE_BOUND('',#1129,.T.);
#1129 = EDGE_LOOP('',(#1130,#1140,#1149,#1157,#1166,#1174,#1182,#1190,
    #1199,#1207,#1216,#1224,#1233,#1239,#1240,#1241,#1250,#1258));
#1130 = ORIENTED_EDGE('',*,*,#1131,.T.);
#1131 = EDGE_CURVE('',#1132,#1134,#1136,.T.);
#1132 = VERTEX_POINT('',#1133);
#1133 = CARTESIAN_POINT('',(-0.162230377286,-0.35,-0.540767924286));
#1134 = VERTEX_POINT('',#1135);
#1135 = CARTESIAN_POINT('',(-0.425000733956,-0.35,-1.416669113186));
#1136 = LINE('',#1137,#1138);
#1137 = CARTESIAN_POINT('',(-0.15,-0.35,-0.5));
#1138 = VECTOR('',#1139,1.);
#1139 = DIRECTION('',(-0.287347885566,5.31700397722E-16,-0.957826285221)
  );
#1140 = ORIENTED_EDGE('',*,*,#1141,.T.);
#1141 = EDGE_CURVE('',#1134,#1142,#1144,.T.);
#1142 = VERTEX_POINT('',#1143);
#1143 = CARTESIAN_POINT('',(-0.425000733956,-0.35,-1.583330886814));
#1144 = CIRCLE('',#1145,0.29);
#1145 = AXIS2_PLACEMENT_3D('',#1146,#1147,#1148);
#1146 = CARTESIAN_POINT('',(-0.147231111242,-0.35,-1.5));
#1147 = DIRECTION('',(0.,-1.,-3.330669073875E-16));
#1148 = DIRECTION('',(0.,-3.330669073875E-16,1.));
#1149 = ORIENTED_EDGE('',*,*,#1150,.T.);
#1150 = EDGE_CURVE('',#1142,#1151,#1153,.T.);
#1151 = VERTEX_POINT('',#1152);
#1152 = CARTESIAN_POINT('',(-0.162230377286,-0.35,-2.459232075714));
#1153 = LINE('',#1154,#1155);
#1154 = CARTESIAN_POINT('',(-0.45,-0.35,-1.5));
#1155 = VECTOR('',#1156,1.);
#1156 = DIRECTION('',(0.287347885566,5.31700397722E-16,-0.957826285221)
  );
#1157 = ORIENTED_EDGE('',*,*,#1158,.F.);
#1158 = EDGE_CURVE('',#1159,#1151,#1161,.T.);
#1159 = VERTEX_POINT('',#1160);
#1160 = CARTESIAN_POINT('',(-0.15,-0.35,-2.542562962528));
#1161 = CIRCLE('',#1162,0.29);
#1162 = AXIS2_PLACEMENT_3D('',#1163,#1164,#1165);
#1163 = CARTESIAN_POINT('',(-0.44,-0.35,-2.542562962528));
#1164 = DIRECTION('',(0.,-1.,-3.330669073875E-16));
#1165 = DIRECTION('',(0.,-3.330669073875E-16,1.));
#1166 = ORIENTED_EDGE('',*,*,#1167,.F.);
#1167 = EDGE_CURVE('',#1168,#1159,#1170,.T.);
#1168 = VERTEX_POINT('',#1169);
#1169 = CARTESIAN_POINT('',(-0.15,-0.35,-3.5));
#1170 = LINE('',#1171,#1172);
#1171 = CARTESIAN_POINT('',(-0.15,-0.35,-3.5));
#1172 = VECTOR('',#1173,1.);
#1173 = DIRECTION('',(0.,-5.551115123126E-16,1.));
#1174 = ORIENTED_EDGE('',*,*,#1175,.F.);
#1175 = EDGE_CURVE('',#1176,#1168,#1178,.T.);
#1176 = VERTEX_POINT('',#1177);
#1177 = CARTESIAN_POINT('',(0.15,-0.35,-3.5));
#1178 = LINE('',#1179,#1180);
#1179 = CARTESIAN_POINT('',(0.15,-0.35,-3.5));
#1180 = VECTOR('',#1181,1.);
#1181 = DIRECTION('',(-1.,-0.,0.));
#1182 = ORIENTED_EDGE('',*,*,#1183,.F.);
#1183 = EDGE_CURVE('',#1184,#1176,#1186,.T.);
#1184 = VERTEX_POINT('',#1185);
#1185 = CARTESIAN_POINT('',(0.15,-0.35,-2.542562962528));
#1186 = LINE('',#1187,#1188);
#1187 = CARTESIAN_POINT('',(0.15,-0.35,-2.5));
#1188 = VECTOR('',#1189,1.);
#1189 = DIRECTION('',(0.,5.551115123126E-16,-1.));
#1190 = ORIENTED_EDGE('',*,*,#1191,.F.);
#1191 = EDGE_CURVE('',#1192,#1184,#1194,.T.);
#1192 = VERTEX_POINT('',#1193);
#1193 = CARTESIAN_POINT('',(0.137769622714,-0.35,-2.459232075714));
#1194 = CIRCLE('',#1195,0.29);
#1195 = AXIS2_PLACEMENT_3D('',#1196,#1197,#1198);
#1196 = CARTESIAN_POINT('',(-0.14,-0.35,-2.542562962528));
#1197 = DIRECTION('',(-0.,1.,3.330669073875E-16));
#1198 = DIRECTION('',(0.,-3.330669073875E-16,1.));
#1199 = ORIENTED_EDGE('',*,*,#1200,.T.);
#1200 = EDGE_CURVE('',#1192,#1201,#1203,.T.);
#1201 = VERTEX_POINT('',#1202);
#1202 = CARTESIAN_POINT('',(-0.125000733956,-0.35,-1.583330886814));
#1203 = LINE('',#1204,#1205);
#1204 = CARTESIAN_POINT('',(0.15,-0.35,-2.5));
#1205 = VECTOR('',#1206,1.);
#1206 = DIRECTION('',(-0.287347885566,-5.31700397722E-16,0.957826285221)
  );
#1207 = ORIENTED_EDGE('',*,*,#1208,.F.);
#1208 = EDGE_CURVE('',#1209,#1201,#1211,.T.);
#1209 = VERTEX_POINT('',#1210);
#1210 = CARTESIAN_POINT('',(-0.125000733956,-0.35,-1.416669113186));
#1211 = CIRCLE('',#1212,0.29);
#1212 = AXIS2_PLACEMENT_3D('',#1213,#1214,#1215);
#1213 = CARTESIAN_POINT('',(0.152768888758,-0.35,-1.5));
#1214 = DIRECTION('',(0.,-1.,-3.330669073875E-16));
#1215 = DIRECTION('',(0.,-3.330669073875E-16,1.));
#1216 = ORIENTED_EDGE('',*,*,#1217,.T.);
#1217 = EDGE_CURVE('',#1209,#1218,#1220,.T.);
#1218 = VERTEX_POINT('',#1219);
#1219 = CARTESIAN_POINT('',(0.137769622714,-0.35,-0.540767924286));
#1220 = LINE('',#1221,#1222);
#1221 = CARTESIAN_POINT('',(-0.15,-0.35,-1.5));
#1222 = VECTOR('',#1223,1.);
#1223 = DIRECTION('',(0.287347885566,-5.31700397722E-16,0.957826285221)
  );
#1224 = ORIENTED_EDGE('',*,*,#1225,.F.);
#1225 = EDGE_CURVE('',#1226,#1218,#1228,.T.);
#1226 = VERTEX_POINT('',#1227);
#1227 = CARTESIAN_POINT('',(0.15,-0.35,-0.457437037472));
#1228 = CIRCLE('',#1229,0.29);
#1229 = AXIS2_PLACEMENT_3D('',#1230,#1231,#1232);
#1230 = CARTESIAN_POINT('',(-0.14,-0.35,-0.457437037472));
#1231 = DIRECTION('',(-0.,1.,3.330669073875E-16));
#1232 = DIRECTION('',(0.,-3.330669073875E-16,1.));
#1233 = ORIENTED_EDGE('',*,*,#1234,.F.);
#1234 = EDGE_CURVE('',#668,#1226,#1235,.T.);
#1235 = LINE('',#1236,#1237);
#1236 = CARTESIAN_POINT('',(0.15,-0.35,1.5));
#1237 = VECTOR('',#1238,1.);
#1238 = DIRECTION('',(0.,5.551115123126E-16,-1.));
#1239 = ORIENTED_EDGE('',*,*,#675,.F.);
#1240 = ORIENTED_EDGE('',*,*,#1107,.F.);
#1241 = ORIENTED_EDGE('',*,*,#1242,.F.);
#1242 = EDGE_CURVE('',#1243,#1108,#1245,.T.);
#1243 = VERTEX_POINT('',#1244);
#1244 = CARTESIAN_POINT('',(-0.15,-0.35,1.21));
#1245 = CIRCLE('',#1246,0.29);
#1246 = AXIS2_PLACEMENT_3D('',#1247,#1248,#1249);
#1247 = CARTESIAN_POINT('',(0.14,-0.35,1.21));
#1248 = DIRECTION('',(-0.,1.,3.330669073875E-16));
#1249 = DIRECTION('',(0.,-3.330669073875E-16,1.));
#1250 = ORIENTED_EDGE('',*,*,#1251,.F.);
#1251 = EDGE_CURVE('',#1252,#1243,#1254,.T.);
#1252 = VERTEX_POINT('',#1253);
#1253 = CARTESIAN_POINT('',(-0.15,-0.35,-0.457437037472));
#1254 = LINE('',#1255,#1256);
#1255 = CARTESIAN_POINT('',(-0.15,-0.35,-0.5));
#1256 = VECTOR('',#1257,1.);
#1257 = DIRECTION('',(0.,-5.551115123126E-16,1.));
#1258 = ORIENTED_EDGE('',*,*,#1259,.F.);
#1259 = EDGE_CURVE('',#1132,#1252,#1260,.T.);
#1260 = CIRCLE('',#1261,0.29);
#1261 = AXIS2_PLACEMENT_3D('',#1262,#1263,#1264);
#1262 = CARTESIAN_POINT('',(-0.44,-0.35,-0.457437037472));
#1263 = DIRECTION('',(0.,-1.,-3.330669073875E-16));
#1264 = DIRECTION('',(0.,-3.330669073875E-16,1.));
#1265 = PLANE('',#1266);
#1266 = AXIS2_PLACEMENT_3D('',#1267,#1268,#1269);
#1267 = CARTESIAN_POINT('',(-0.15,-0.35,-0.5));
#1268 = DIRECTION('',(1.64346021921E-31,-1.,-5.551115123126E-16));
#1269 = DIRECTION('',(0.,5.551115123126E-16,-1.));
#1270 = ADVANCED_FACE('',(#1271),#1415,.T.);
#1271 = FACE_BOUND('',#1272,.T.);
#1272 = EDGE_LOOP('',(#1273,#1283,#1292,#1300,#1309,#1317,#1325,#1333,
    #1342,#1350,#1359,#1367,#1376,#1382,#1383,#1391,#1400,#1408));
#1273 = ORIENTED_EDGE('',*,*,#1274,.T.);
#1274 = EDGE_CURVE('',#1275,#1277,#1279,.T.);
#1275 = VERTEX_POINT('',#1276);
#1276 = CARTESIAN_POINT('',(-0.162230377286,-4.85,-0.540767924286));
#1277 = VERTEX_POINT('',#1278);
#1278 = CARTESIAN_POINT('',(-0.425000733956,-4.85,-1.416669113186));
#1279 = LINE('',#1280,#1281);
#1280 = CARTESIAN_POINT('',(-0.15,-4.85,-0.5));
#1281 = VECTOR('',#1282,1.);
#1282 = DIRECTION('',(-0.287347885566,5.31700397722E-16,-0.957826285221)
  );
#1283 = ORIENTED_EDGE('',*,*,#1284,.T.);
#1284 = EDGE_CURVE('',#1277,#1285,#1287,.T.);
#1285 = VERTEX_POINT('',#1286);
#1286 = CARTESIAN_POINT('',(-0.425000733956,-4.85,-1.583330886814));
#1287 = CIRCLE('',#1288,0.29);
#1288 = AXIS2_PLACEMENT_3D('',#1289,#1290,#1291);
#1289 = CARTESIAN_POINT('',(-0.147231111242,-4.85,-1.5));
#1290 = DIRECTION('',(0.,-1.,-3.330669073875E-16));
#1291 = DIRECTION('',(0.,-3.330669073875E-16,1.));
#1292 = ORIENTED_EDGE('',*,*,#1293,.T.);
#1293 = EDGE_CURVE('',#1285,#1294,#1296,.T.);
#1294 = VERTEX_POINT('',#1295);
#1295 = CARTESIAN_POINT('',(-0.162230377286,-4.85,-2.459232075714));
#1296 = LINE('',#1297,#1298);
#1297 = CARTESIAN_POINT('',(-0.45,-4.85,-1.5));
#1298 = VECTOR('',#1299,1.);
#1299 = DIRECTION('',(0.287347885566,5.31700397722E-16,-0.957826285221)
  );
#1300 = ORIENTED_EDGE('',*,*,#1301,.F.);
#1301 = EDGE_CURVE('',#1302,#1294,#1304,.T.);
#1302 = VERTEX_POINT('',#1303);
#1303 = CARTESIAN_POINT('',(-0.15,-4.85,-2.542562962528));
#1304 = CIRCLE('',#1305,0.29);
#1305 = AXIS2_PLACEMENT_3D('',#1306,#1307,#1308);
#1306 = CARTESIAN_POINT('',(-0.44,-4.85,-2.542562962528));
#1307 = DIRECTION('',(0.,-1.,-3.330669073875E-16));
#1308 = DIRECTION('',(0.,-3.330669073875E-16,1.));
#1309 = ORIENTED_EDGE('',*,*,#1310,.F.);
#1310 = EDGE_CURVE('',#1311,#1302,#1313,.T.);
#1311 = VERTEX_POINT('',#1312);
#1312 = CARTESIAN_POINT('',(-0.15,-4.85,-3.5));
#1313 = LINE('',#1314,#1315);
#1314 = CARTESIAN_POINT('',(-0.15,-4.85,-3.5));
#1315 = VECTOR('',#1316,1.);
#1316 = DIRECTION('',(0.,-5.551115123126E-16,1.));
#1317 = ORIENTED_EDGE('',*,*,#1318,.F.);
#1318 = EDGE_CURVE('',#1319,#1311,#1321,.T.);
#1319 = VERTEX_POINT('',#1320);
#1320 = CARTESIAN_POINT('',(0.15,-4.85,-3.5));
#1321 = LINE('',#1322,#1323);
#1322 = CARTESIAN_POINT('',(0.15,-4.85,-3.5));
#1323 = VECTOR('',#1324,1.);
#1324 = DIRECTION('',(-1.,-0.,0.));
#1325 = ORIENTED_EDGE('',*,*,#1326,.F.);
#1326 = EDGE_CURVE('',#1327,#1319,#1329,.T.);
#1327 = VERTEX_POINT('',#1328);
#1328 = CARTESIAN_POINT('',(0.15,-4.85,-2.542562962528));
#1329 = LINE('',#1330,#1331);
#1330 = CARTESIAN_POINT('',(0.15,-4.85,-2.5));
#1331 = VECTOR('',#1332,1.);
#1332 = DIRECTION('',(0.,5.551115123126E-16,-1.));
#1333 = ORIENTED_EDGE('',*,*,#1334,.F.);
#1334 = EDGE_CURVE('',#1335,#1327,#1337,.T.);
#1335 = VERTEX_POINT('',#1336);
#1336 = CARTESIAN_POINT('',(0.137769622714,-4.85,-2.459232075714));
#1337 = CIRCLE('',#1338,0.29);
#1338 = AXIS2_PLACEMENT_3D('',#1339,#1340,#1341);
#1339 = CARTESIAN_POINT('',(-0.14,-4.85,-2.542562962528));
#1340 = DIRECTION('',(-0.,1.,3.330669073875E-16));
#1341 = DIRECTION('',(0.,-3.330669073875E-16,1.));
#1342 = ORIENTED_EDGE('',*,*,#1343,.T.);
#1343 = EDGE_CURVE('',#1335,#1344,#1346,.T.);
#1344 = VERTEX_POINT('',#1345);
#1345 = CARTESIAN_POINT('',(-0.125000733956,-4.85,-1.583330886814));
#1346 = LINE('',#1347,#1348);
#1347 = CARTESIAN_POINT('',(0.15,-4.85,-2.5));
#1348 = VECTOR('',#1349,1.);
#1349 = DIRECTION('',(-0.287347885566,-5.31700397722E-16,0.957826285221)
  );
#1350 = ORIENTED_EDGE('',*,*,#1351,.F.);
#1351 = EDGE_CURVE('',#1352,#1344,#1354,.T.);
#1352 = VERTEX_POINT('',#1353);
#1353 = CARTESIAN_POINT('',(-0.125000733956,-4.85,-1.416669113186));
#1354 = CIRCLE('',#1355,0.29);
#1355 = AXIS2_PLACEMENT_3D('',#1356,#1357,#1358);
#1356 = CARTESIAN_POINT('',(0.152768888758,-4.85,-1.5));
#1357 = DIRECTION('',(0.,-1.,-3.330669073875E-16));
#1358 = DIRECTION('',(0.,-3.330669073875E-16,1.));
#1359 = ORIENTED_EDGE('',*,*,#1360,.T.);
#1360 = EDGE_CURVE('',#1352,#1361,#1363,.T.);
#1361 = VERTEX_POINT('',#1362);
#1362 = CARTESIAN_POINT('',(0.137769622714,-4.85,-0.540767924286));
#1363 = LINE('',#1364,#1365);
#1364 = CARTESIAN_POINT('',(-0.15,-4.85,-1.5));
#1365 = VECTOR('',#1366,1.);
#1366 = DIRECTION('',(0.287347885566,-5.31700397722E-16,0.957826285221)
  );
#1367 = ORIENTED_EDGE('',*,*,#1368,.F.);
#1368 = EDGE_CURVE('',#1369,#1361,#1371,.T.);
#1369 = VERTEX_POINT('',#1370);
#1370 = CARTESIAN_POINT('',(0.15,-4.85,-0.457437037472));
#1371 = CIRCLE('',#1372,0.29);
#1372 = AXIS2_PLACEMENT_3D('',#1373,#1374,#1375);
#1373 = CARTESIAN_POINT('',(-0.14,-4.85,-0.457437037472));
#1374 = DIRECTION('',(-0.,1.,3.330669073875E-16));
#1375 = DIRECTION('',(0.,-3.330669073875E-16,1.));
#1376 = ORIENTED_EDGE('',*,*,#1377,.F.);
#1377 = EDGE_CURVE('',#636,#1369,#1378,.T.);
#1378 = LINE('',#1379,#1380);
#1379 = CARTESIAN_POINT('',(0.15,-4.85,1.5));
#1380 = VECTOR('',#1381,1.);
#1381 = DIRECTION('',(0.,5.551115123126E-16,-1.));
#1382 = ORIENTED_EDGE('',*,*,#643,.F.);
#1383 = ORIENTED_EDGE('',*,*,#1384,.F.);
#1384 = EDGE_CURVE('',#1385,#644,#1387,.T.);
#1385 = VERTEX_POINT('',#1386);
#1386 = CARTESIAN_POINT('',(0.14,-4.85,1.5));
#1387 = LINE('',#1388,#1389);
#1388 = CARTESIAN_POINT('',(-0.15,-4.85,1.5));
#1389 = VECTOR('',#1390,1.);
#1390 = DIRECTION('',(1.,0.,0.));
#1391 = ORIENTED_EDGE('',*,*,#1392,.F.);
#1392 = EDGE_CURVE('',#1393,#1385,#1395,.T.);
#1393 = VERTEX_POINT('',#1394);
#1394 = CARTESIAN_POINT('',(-0.15,-4.85,1.21));
#1395 = CIRCLE('',#1396,0.29);
#1396 = AXIS2_PLACEMENT_3D('',#1397,#1398,#1399);
#1397 = CARTESIAN_POINT('',(0.14,-4.85,1.21));
#1398 = DIRECTION('',(-0.,1.,3.330669073875E-16));
#1399 = DIRECTION('',(0.,-3.330669073875E-16,1.));
#1400 = ORIENTED_EDGE('',*,*,#1401,.F.);
#1401 = EDGE_CURVE('',#1402,#1393,#1404,.T.);
#1402 = VERTEX_POINT('',#1403);
#1403 = CARTESIAN_POINT('',(-0.15,-4.85,-0.457437037472));
#1404 = LINE('',#1405,#1406);
#1405 = CARTESIAN_POINT('',(-0.15,-4.85,-0.5));
#1406 = VECTOR('',#1407,1.);
#1407 = DIRECTION('',(0.,-5.551115123126E-16,1.));
#1408 = ORIENTED_EDGE('',*,*,#1409,.F.);
#1409 = EDGE_CURVE('',#1275,#1402,#1410,.T.);
#1410 = CIRCLE('',#1411,0.29);
#1411 = AXIS2_PLACEMENT_3D('',#1412,#1413,#1414);
#1412 = CARTESIAN_POINT('',(-0.44,-4.85,-0.457437037472));
#1413 = DIRECTION('',(0.,-1.,-3.330669073875E-16));
#1414 = DIRECTION('',(0.,-3.330669073875E-16,1.));
#1415 = PLANE('',#1416);
#1416 = AXIS2_PLACEMENT_3D('',#1417,#1418,#1419);
#1417 = CARTESIAN_POINT('',(-0.15,-4.85,-0.5));
#1418 = DIRECTION('',(0.,-1.,-3.330669073875E-16));
#1419 = DIRECTION('',(0.,3.330669073875E-16,-1.));
#1420 = ADVANCED_FACE('',(#1421),#1565,.F.);
#1421 = FACE_BOUND('',#1422,.F.);
#1422 = EDGE_LOOP('',(#1423,#1433,#1442,#1450,#1459,#1467,#1475,#1483,
    #1492,#1500,#1509,#1517,#1526,#1532,#1533,#1541,#1550,#1558));
#1423 = ORIENTED_EDGE('',*,*,#1424,.T.);
#1424 = EDGE_CURVE('',#1425,#1427,#1429,.T.);
#1425 = VERTEX_POINT('',#1426);
#1426 = CARTESIAN_POINT('',(-0.162230377286,-4.15,-0.540767924286));
#1427 = VERTEX_POINT('',#1428);
#1428 = CARTESIAN_POINT('',(-0.425000733956,-4.15,-1.416669113186));
#1429 = LINE('',#1430,#1431);
#1430 = CARTESIAN_POINT('',(-0.15,-4.15,-0.5));
#1431 = VECTOR('',#1432,1.);
#1432 = DIRECTION('',(-0.287347885566,5.31700397722E-16,-0.957826285221)
  );
#1433 = ORIENTED_EDGE('',*,*,#1434,.T.);
#1434 = EDGE_CURVE('',#1427,#1435,#1437,.T.);
#1435 = VERTEX_POINT('',#1436);
#1436 = CARTESIAN_POINT('',(-0.425000733956,-4.15,-1.583330886814));
#1437 = CIRCLE('',#1438,0.29);
#1438 = AXIS2_PLACEMENT_3D('',#1439,#1440,#1441);
#1439 = CARTESIAN_POINT('',(-0.147231111242,-4.15,-1.5));
#1440 = DIRECTION('',(0.,-1.,-3.330669073875E-16));
#1441 = DIRECTION('',(0.,-3.330669073875E-16,1.));
#1442 = ORIENTED_EDGE('',*,*,#1443,.T.);
#1443 = EDGE_CURVE('',#1435,#1444,#1446,.T.);
#1444 = VERTEX_POINT('',#1445);
#1445 = CARTESIAN_POINT('',(-0.162230377286,-4.15,-2.459232075714));
#1446 = LINE('',#1447,#1448);
#1447 = CARTESIAN_POINT('',(-0.45,-4.15,-1.5));
#1448 = VECTOR('',#1449,1.);
#1449 = DIRECTION('',(0.287347885566,5.31700397722E-16,-0.957826285221)
  );
#1450 = ORIENTED_EDGE('',*,*,#1451,.F.);
#1451 = EDGE_CURVE('',#1452,#1444,#1454,.T.);
#1452 = VERTEX_POINT('',#1453);
#1453 = CARTESIAN_POINT('',(-0.15,-4.15,-2.542562962528));
#1454 = CIRCLE('',#1455,0.29);
#1455 = AXIS2_PLACEMENT_3D('',#1456,#1457,#1458);
#1456 = CARTESIAN_POINT('',(-0.44,-4.15,-2.542562962528));
#1457 = DIRECTION('',(0.,-1.,-3.330669073875E-16));
#1458 = DIRECTION('',(0.,-3.330669073875E-16,1.));
#1459 = ORIENTED_EDGE('',*,*,#1460,.F.);
#1460 = EDGE_CURVE('',#1461,#1452,#1463,.T.);
#1461 = VERTEX_POINT('',#1462);
#1462 = CARTESIAN_POINT('',(-0.15,-4.15,-3.5));
#1463 = LINE('',#1464,#1465);
#1464 = CARTESIAN_POINT('',(-0.15,-4.15,-3.5));
#1465 = VECTOR('',#1466,1.);
#1466 = DIRECTION('',(0.,-5.551115123126E-16,1.));
#1467 = ORIENTED_EDGE('',*,*,#1468,.F.);
#1468 = EDGE_CURVE('',#1469,#1461,#1471,.T.);
#1469 = VERTEX_POINT('',#1470);
#1470 = CARTESIAN_POINT('',(0.15,-4.15,-3.5));
#1471 = LINE('',#1472,#1473);
#1472 = CARTESIAN_POINT('',(0.15,-4.15,-3.5));
#1473 = VECTOR('',#1474,1.);
#1474 = DIRECTION('',(-1.,-0.,0.));
#1475 = ORIENTED_EDGE('',*,*,#1476,.F.);
#1476 = EDGE_CURVE('',#1477,#1469,#1479,.T.);
#1477 = VERTEX_POINT('',#1478);
#1478 = CARTESIAN_POINT('',(0.15,-4.15,-2.542562962528));
#1479 = LINE('',#1480,#1481);
#1480 = CARTESIAN_POINT('',(0.15,-4.15,-2.5));
#1481 = VECTOR('',#1482,1.);
#1482 = DIRECTION('',(0.,5.551115123126E-16,-1.));
#1483 = ORIENTED_EDGE('',*,*,#1484,.F.);
#1484 = EDGE_CURVE('',#1485,#1477,#1487,.T.);
#1485 = VERTEX_POINT('',#1486);
#1486 = CARTESIAN_POINT('',(0.137769622714,-4.15,-2.459232075714));
#1487 = CIRCLE('',#1488,0.29);
#1488 = AXIS2_PLACEMENT_3D('',#1489,#1490,#1491);
#1489 = CARTESIAN_POINT('',(-0.14,-4.15,-2.542562962528));
#1490 = DIRECTION('',(-0.,1.,3.330669073875E-16));
#1491 = DIRECTION('',(0.,-3.330669073875E-16,1.));
#1492 = ORIENTED_EDGE('',*,*,#1493,.T.);
#1493 = EDGE_CURVE('',#1485,#1494,#1496,.T.);
#1494 = VERTEX_POINT('',#1495);
#1495 = CARTESIAN_POINT('',(-0.125000733956,-4.15,-1.583330886814));
#1496 = LINE('',#1497,#1498);
#1497 = CARTESIAN_POINT('',(0.15,-4.15,-2.5));
#1498 = VECTOR('',#1499,1.);
#1499 = DIRECTION('',(-0.287347885566,-5.31700397722E-16,0.957826285221)
  );
#1500 = ORIENTED_EDGE('',*,*,#1501,.F.);
#1501 = EDGE_CURVE('',#1502,#1494,#1504,.T.);
#1502 = VERTEX_POINT('',#1503);
#1503 = CARTESIAN_POINT('',(-0.125000733956,-4.15,-1.416669113186));
#1504 = CIRCLE('',#1505,0.29);
#1505 = AXIS2_PLACEMENT_3D('',#1506,#1507,#1508);
#1506 = CARTESIAN_POINT('',(0.152768888758,-4.15,-1.5));
#1507 = DIRECTION('',(0.,-1.,-3.330669073875E-16));
#1508 = DIRECTION('',(0.,-3.330669073875E-16,1.));
#1509 = ORIENTED_EDGE('',*,*,#1510,.T.);
#1510 = EDGE_CURVE('',#1502,#1511,#1513,.T.);
#1511 = VERTEX_POINT('',#1512);
#1512 = CARTESIAN_POINT('',(0.137769622714,-4.15,-0.540767924286));
#1513 = LINE('',#1514,#1515);
#1514 = CARTESIAN_POINT('',(-0.15,-4.15,-1.5));
#1515 = VECTOR('',#1516,1.);
#1516 = DIRECTION('',(0.287347885566,-5.31700397722E-16,0.957826285221)
  );
#1517 = ORIENTED_EDGE('',*,*,#1518,.F.);
#1518 = EDGE_CURVE('',#1519,#1511,#1521,.T.);
#1519 = VERTEX_POINT('',#1520);
#1520 = CARTESIAN_POINT('',(0.15,-4.15,-0.457437037472));
#1521 = CIRCLE('',#1522,0.29);
#1522 = AXIS2_PLACEMENT_3D('',#1523,#1524,#1525);
#1523 = CARTESIAN_POINT('',(-0.14,-4.15,-0.457437037472));
#1524 = DIRECTION('',(-0.,1.,3.330669073875E-16));
#1525 = DIRECTION('',(0.,-3.330669073875E-16,1.));
#1526 = ORIENTED_EDGE('',*,*,#1527,.F.);
#1527 = EDGE_CURVE('',#660,#1519,#1528,.T.);
#1528 = LINE('',#1529,#1530);
#1529 = CARTESIAN_POINT('',(0.15,-4.15,1.5));
#1530 = VECTOR('',#1531,1.);
#1531 = DIRECTION('',(0.,5.551115123126E-16,-1.));
#1532 = ORIENTED_EDGE('',*,*,#659,.F.);
#1533 = ORIENTED_EDGE('',*,*,#1534,.F.);
#1534 = EDGE_CURVE('',#1535,#652,#1537,.T.);
#1535 = VERTEX_POINT('',#1536);
#1536 = CARTESIAN_POINT('',(0.14,-4.15,1.5));
#1537 = LINE('',#1538,#1539);
#1538 = CARTESIAN_POINT('',(-0.15,-4.15,1.5));
#1539 = VECTOR('',#1540,1.);
#1540 = DIRECTION('',(1.,0.,0.));
#1541 = ORIENTED_EDGE('',*,*,#1542,.F.);
#1542 = EDGE_CURVE('',#1543,#1535,#1545,.T.);
#1543 = VERTEX_POINT('',#1544);
#1544 = CARTESIAN_POINT('',(-0.15,-4.15,1.21));
#1545 = CIRCLE('',#1546,0.29);
#1546 = AXIS2_PLACEMENT_3D('',#1547,#1548,#1549);
#1547 = CARTESIAN_POINT('',(0.14,-4.15,1.21));
#1548 = DIRECTION('',(-0.,1.,3.330669073875E-16));
#1549 = DIRECTION('',(0.,-3.330669073875E-16,1.));
#1550 = ORIENTED_EDGE('',*,*,#1551,.F.);
#1551 = EDGE_CURVE('',#1552,#1543,#1554,.T.);
#1552 = VERTEX_POINT('',#1553);
#1553 = CARTESIAN_POINT('',(-0.15,-4.15,-0.457437037472));
#1554 = LINE('',#1555,#1556);
#1555 = CARTESIAN_POINT('',(-0.15,-4.15,-0.5));
#1556 = VECTOR('',#1557,1.);
#1557 = DIRECTION('',(0.,-5.551115123126E-16,1.));
#1558 = ORIENTED_EDGE('',*,*,#1559,.F.);
#1559 = EDGE_CURVE('',#1425,#1552,#1560,.T.);
#1560 = CIRCLE('',#1561,0.29);
#1561 = AXIS2_PLACEMENT_3D('',#1562,#1563,#1564);
#1562 = CARTESIAN_POINT('',(-0.44,-4.15,-0.457437037472));
#1563 = DIRECTION('',(0.,-1.,-3.330669073875E-16));
#1564 = DIRECTION('',(0.,-3.330669073875E-16,1.));
#1565 = PLANE('',#1566);
#1566 = AXIS2_PLACEMENT_3D('',#1567,#1568,#1569);
#1567 = CARTESIAN_POINT('',(-0.15,-4.15,-0.5));
#1568 = DIRECTION('',(0.,-1.,-3.330669073875E-16));
#1569 = DIRECTION('',(0.,3.330669073875E-16,-1.));
#1570 = ADVANCED_FACE('',(#1571),#1582,.F.);
#1571 = FACE_BOUND('',#1572,.F.);
#1572 = EDGE_LOOP('',(#1573,#1574,#1580,#1581));
#1573 = ORIENTED_EDGE('',*,*,#1384,.F.);
#1574 = ORIENTED_EDGE('',*,*,#1575,.T.);
#1575 = EDGE_CURVE('',#1385,#1535,#1576,.T.);
#1576 = LINE('',#1577,#1578);
#1577 = CARTESIAN_POINT('',(0.14,-4.85,1.5));
#1578 = VECTOR('',#1579,1.);
#1579 = DIRECTION('',(0.,1.,3.330669073875E-16));
#1580 = ORIENTED_EDGE('',*,*,#1534,.T.);
#1581 = ORIENTED_EDGE('',*,*,#651,.F.);
#1582 = PLANE('',#1583);
#1583 = AXIS2_PLACEMENT_3D('',#1584,#1585,#1586);
#1584 = CARTESIAN_POINT('',(-0.15,-4.85,1.5));
#1585 = DIRECTION('',(0.,3.330669073875E-16,-1.));
#1586 = DIRECTION('',(1.,0.,0.));
#1587 = ADVANCED_FACE('',(#1588),#1732,.F.);
#1588 = FACE_BOUND('',#1589,.F.);
#1589 = EDGE_LOOP('',(#1590,#1600,#1609,#1617,#1626,#1634,#1642,#1650,
    #1659,#1667,#1676,#1684,#1693,#1699,#1700,#1708,#1717,#1725));
#1590 = ORIENTED_EDGE('',*,*,#1591,.T.);
#1591 = EDGE_CURVE('',#1592,#1594,#1596,.T.);
#1592 = VERTEX_POINT('',#1593);
#1593 = CARTESIAN_POINT('',(6.462230377286,-4.85,-0.540767924286));
#1594 = VERTEX_POINT('',#1595);
#1595 = CARTESIAN_POINT('',(6.725000733956,-4.85,-1.416669113186));
#1596 = LINE('',#1597,#1598);
#1597 = CARTESIAN_POINT('',(6.45,-4.85,-0.5));
#1598 = VECTOR('',#1599,1.);
#1599 = DIRECTION('',(0.287347885566,5.31700397722E-16,-0.957826285221)
  );
#1600 = ORIENTED_EDGE('',*,*,#1601,.T.);
#1601 = EDGE_CURVE('',#1594,#1602,#1604,.T.);
#1602 = VERTEX_POINT('',#1603);
#1603 = CARTESIAN_POINT('',(6.725000733956,-4.85,-1.583330886814));
#1604 = CIRCLE('',#1605,0.29);
#1605 = AXIS2_PLACEMENT_3D('',#1606,#1607,#1608);
#1606 = CARTESIAN_POINT('',(6.447231111242,-4.85,-1.5));
#1607 = DIRECTION('',(-0.,1.,3.330669073875E-16));
#1608 = DIRECTION('',(0.,-3.330669073875E-16,1.));
#1609 = ORIENTED_EDGE('',*,*,#1610,.T.);
#1610 = EDGE_CURVE('',#1602,#1611,#1613,.T.);
#1611 = VERTEX_POINT('',#1612);
#1612 = CARTESIAN_POINT('',(6.462230377286,-4.85,-2.459232075714));
#1613 = LINE('',#1614,#1615);
#1614 = CARTESIAN_POINT('',(6.75,-4.85,-1.5));
#1615 = VECTOR('',#1616,1.);
#1616 = DIRECTION('',(-0.287347885566,5.31700397722E-16,-0.957826285221)
  );
#1617 = ORIENTED_EDGE('',*,*,#1618,.F.);
#1618 = EDGE_CURVE('',#1619,#1611,#1621,.T.);
#1619 = VERTEX_POINT('',#1620);
#1620 = CARTESIAN_POINT('',(6.45,-4.85,-2.542562962528));
#1621 = CIRCLE('',#1622,0.29);
#1622 = AXIS2_PLACEMENT_3D('',#1623,#1624,#1625);
#1623 = CARTESIAN_POINT('',(6.74,-4.85,-2.542562962528));
#1624 = DIRECTION('',(-0.,1.,3.330669073875E-16));
#1625 = DIRECTION('',(0.,-3.330669073875E-16,1.));
#1626 = ORIENTED_EDGE('',*,*,#1627,.F.);
#1627 = EDGE_CURVE('',#1628,#1619,#1630,.T.);
#1628 = VERTEX_POINT('',#1629);
#1629 = CARTESIAN_POINT('',(6.45,-4.85,-3.5));
#1630 = LINE('',#1631,#1632);
#1631 = CARTESIAN_POINT('',(6.45,-4.85,-3.5));
#1632 = VECTOR('',#1633,1.);
#1633 = DIRECTION('',(0.,-5.551115123126E-16,1.));
#1634 = ORIENTED_EDGE('',*,*,#1635,.F.);
#1635 = EDGE_CURVE('',#1636,#1628,#1638,.T.);
#1636 = VERTEX_POINT('',#1637);
#1637 = CARTESIAN_POINT('',(6.15,-4.85,-3.5));
#1638 = LINE('',#1639,#1640);
#1639 = CARTESIAN_POINT('',(6.15,-4.85,-3.5));
#1640 = VECTOR('',#1641,1.);
#1641 = DIRECTION('',(1.,0.,0.));
#1642 = ORIENTED_EDGE('',*,*,#1643,.F.);
#1643 = EDGE_CURVE('',#1644,#1636,#1646,.T.);
#1644 = VERTEX_POINT('',#1645);
#1645 = CARTESIAN_POINT('',(6.15,-4.85,-2.542562962528));
#1646 = LINE('',#1647,#1648);
#1647 = CARTESIAN_POINT('',(6.15,-4.85,-2.5));
#1648 = VECTOR('',#1649,1.);
#1649 = DIRECTION('',(0.,5.551115123126E-16,-1.));
#1650 = ORIENTED_EDGE('',*,*,#1651,.F.);
#1651 = EDGE_CURVE('',#1652,#1644,#1654,.T.);
#1652 = VERTEX_POINT('',#1653);
#1653 = CARTESIAN_POINT('',(6.162230377286,-4.85,-2.459232075714));
#1654 = CIRCLE('',#1655,0.29);
#1655 = AXIS2_PLACEMENT_3D('',#1656,#1657,#1658);
#1656 = CARTESIAN_POINT('',(6.44,-4.85,-2.542562962528));
#1657 = DIRECTION('',(0.,-1.,-3.330669073875E-16));
#1658 = DIRECTION('',(0.,-3.330669073875E-16,1.));
#1659 = ORIENTED_EDGE('',*,*,#1660,.T.);
#1660 = EDGE_CURVE('',#1652,#1661,#1663,.T.);
#1661 = VERTEX_POINT('',#1662);
#1662 = CARTESIAN_POINT('',(6.425000733956,-4.85,-1.583330886814));
#1663 = LINE('',#1664,#1665);
#1664 = CARTESIAN_POINT('',(6.15,-4.85,-2.5));
#1665 = VECTOR('',#1666,1.);
#1666 = DIRECTION('',(0.287347885566,-5.31700397722E-16,0.957826285221)
  );
#1667 = ORIENTED_EDGE('',*,*,#1668,.F.);
#1668 = EDGE_CURVE('',#1669,#1661,#1671,.T.);
#1669 = VERTEX_POINT('',#1670);
#1670 = CARTESIAN_POINT('',(6.425000733956,-4.85,-1.416669113186));
#1671 = CIRCLE('',#1672,0.29);
#1672 = AXIS2_PLACEMENT_3D('',#1673,#1674,#1675);
#1673 = CARTESIAN_POINT('',(6.147231111242,-4.85,-1.5));
#1674 = DIRECTION('',(-0.,1.,3.330669073875E-16));
#1675 = DIRECTION('',(0.,-3.330669073875E-16,1.));
#1676 = ORIENTED_EDGE('',*,*,#1677,.T.);
#1677 = EDGE_CURVE('',#1669,#1678,#1680,.T.);
#1678 = VERTEX_POINT('',#1679);
#1679 = CARTESIAN_POINT('',(6.162230377286,-4.85,-0.540767924286));
#1680 = LINE('',#1681,#1682);
#1681 = CARTESIAN_POINT('',(6.45,-4.85,-1.5));
#1682 = VECTOR('',#1683,1.);
#1683 = DIRECTION('',(-0.287347885566,-5.31700397722E-16,0.957826285221)
  );
#1684 = ORIENTED_EDGE('',*,*,#1685,.F.);
#1685 = EDGE_CURVE('',#1686,#1678,#1688,.T.);
#1686 = VERTEX_POINT('',#1687);
#1687 = CARTESIAN_POINT('',(6.15,-4.85,-0.457437037472));
#1688 = CIRCLE('',#1689,0.29);
#1689 = AXIS2_PLACEMENT_3D('',#1690,#1691,#1692);
#1690 = CARTESIAN_POINT('',(6.44,-4.85,-0.457437037472));
#1691 = DIRECTION('',(0.,-1.,-3.330669073875E-16));
#1692 = DIRECTION('',(0.,-3.330669073875E-16,1.));
#1693 = ORIENTED_EDGE('',*,*,#1694,.F.);
#1694 = EDGE_CURVE('',#706,#1686,#1695,.T.);
#1695 = LINE('',#1696,#1697);
#1696 = CARTESIAN_POINT('',(6.15,-4.85,1.5));
#1697 = VECTOR('',#1698,1.);
#1698 = DIRECTION('',(0.,5.551115123126E-16,-1.));
#1699 = ORIENTED_EDGE('',*,*,#779,.F.);
#1700 = ORIENTED_EDGE('',*,*,#1701,.F.);
#1701 = EDGE_CURVE('',#1702,#772,#1704,.T.);
#1702 = VERTEX_POINT('',#1703);
#1703 = CARTESIAN_POINT('',(6.16,-4.85,1.5));
#1704 = LINE('',#1705,#1706);
#1705 = CARTESIAN_POINT('',(6.45,-4.85,1.5));
#1706 = VECTOR('',#1707,1.);
#1707 = DIRECTION('',(-1.,-0.,0.));
#1708 = ORIENTED_EDGE('',*,*,#1709,.F.);
#1709 = EDGE_CURVE('',#1710,#1702,#1712,.T.);
#1710 = VERTEX_POINT('',#1711);
#1711 = CARTESIAN_POINT('',(6.45,-4.85,1.21));
#1712 = CIRCLE('',#1713,0.29);
#1713 = AXIS2_PLACEMENT_3D('',#1714,#1715,#1716);
#1714 = CARTESIAN_POINT('',(6.16,-4.85,1.21));
#1715 = DIRECTION('',(0.,-1.,-3.330669073875E-16));
#1716 = DIRECTION('',(0.,-3.330669073875E-16,1.));
#1717 = ORIENTED_EDGE('',*,*,#1718,.F.);
#1718 = EDGE_CURVE('',#1719,#1710,#1721,.T.);
#1719 = VERTEX_POINT('',#1720);
#1720 = CARTESIAN_POINT('',(6.45,-4.85,-0.457437037472));
#1721 = LINE('',#1722,#1723);
#1722 = CARTESIAN_POINT('',(6.45,-4.85,-0.5));
#1723 = VECTOR('',#1724,1.);
#1724 = DIRECTION('',(0.,-5.551115123126E-16,1.));
#1725 = ORIENTED_EDGE('',*,*,#1726,.F.);
#1726 = EDGE_CURVE('',#1592,#1719,#1727,.T.);
#1727 = CIRCLE('',#1728,0.29);
#1728 = AXIS2_PLACEMENT_3D('',#1729,#1730,#1731);
#1729 = CARTESIAN_POINT('',(6.74,-4.85,-0.457437037472));
#1730 = DIRECTION('',(-0.,1.,3.330669073875E-16));
#1731 = DIRECTION('',(0.,-3.330669073875E-16,1.));
#1732 = PLANE('',#1733);
#1733 = AXIS2_PLACEMENT_3D('',#1734,#1735,#1736);
#1734 = CARTESIAN_POINT('',(6.45,-4.85,-0.5));
#1735 = DIRECTION('',(0.,1.,3.330669073875E-16));
#1736 = DIRECTION('',(0.,-3.330669073875E-16,1.));
#1737 = ADVANCED_FACE('',(#1738),#1756,.T.);
#1738 = FACE_BOUND('',#1739,.T.);
#1739 = EDGE_LOOP('',(#1740,#1741,#1749,#1755));
#1740 = ORIENTED_EDGE('',*,*,#1701,.F.);
#1741 = ORIENTED_EDGE('',*,*,#1742,.T.);
#1742 = EDGE_CURVE('',#1702,#1743,#1745,.T.);
#1743 = VERTEX_POINT('',#1744);
#1744 = CARTESIAN_POINT('',(6.16,-4.15,1.5));
#1745 = LINE('',#1746,#1747);
#1746 = CARTESIAN_POINT('',(6.16,-4.85,1.5));
#1747 = VECTOR('',#1748,1.);
#1748 = DIRECTION('',(0.,1.,3.330669073875E-16));
#1749 = ORIENTED_EDGE('',*,*,#1750,.T.);
#1750 = EDGE_CURVE('',#1743,#764,#1751,.T.);
#1751 = LINE('',#1752,#1753);
#1752 = CARTESIAN_POINT('',(6.45,-4.15,1.5));
#1753 = VECTOR('',#1754,1.);
#1754 = DIRECTION('',(-1.,-0.,0.));
#1755 = ORIENTED_EDGE('',*,*,#771,.F.);
#1756 = PLANE('',#1757);
#1757 = AXIS2_PLACEMENT_3D('',#1758,#1759,#1760);
#1758 = CARTESIAN_POINT('',(6.45,-4.85,1.5));
#1759 = DIRECTION('',(0.,-3.330669073875E-16,1.));
#1760 = DIRECTION('',(-1.,0.,0.));
#1761 = ADVANCED_FACE('',(#1762),#1899,.T.);
#1762 = FACE_BOUND('',#1763,.T.);
#1763 = EDGE_LOOP('',(#1764,#1774,#1783,#1791,#1800,#1808,#1816,#1824,
    #1833,#1841,#1850,#1858,#1867,#1873,#1874,#1875,#1884,#1892));
#1764 = ORIENTED_EDGE('',*,*,#1765,.T.);
#1765 = EDGE_CURVE('',#1766,#1768,#1770,.T.);
#1766 = VERTEX_POINT('',#1767);
#1767 = CARTESIAN_POINT('',(6.462230377286,-4.15,-0.540767924286));
#1768 = VERTEX_POINT('',#1769);
#1769 = CARTESIAN_POINT('',(6.725000733956,-4.15,-1.416669113186));
#1770 = LINE('',#1771,#1772);
#1771 = CARTESIAN_POINT('',(6.45,-4.15,-0.5));
#1772 = VECTOR('',#1773,1.);
#1773 = DIRECTION('',(0.287347885566,5.31700397722E-16,-0.957826285221)
  );
#1774 = ORIENTED_EDGE('',*,*,#1775,.T.);
#1775 = EDGE_CURVE('',#1768,#1776,#1778,.T.);
#1776 = VERTEX_POINT('',#1777);
#1777 = CARTESIAN_POINT('',(6.725000733956,-4.15,-1.583330886814));
#1778 = CIRCLE('',#1779,0.29);
#1779 = AXIS2_PLACEMENT_3D('',#1780,#1781,#1782);
#1780 = CARTESIAN_POINT('',(6.447231111242,-4.15,-1.5));
#1781 = DIRECTION('',(-0.,1.,3.330669073875E-16));
#1782 = DIRECTION('',(0.,-3.330669073875E-16,1.));
#1783 = ORIENTED_EDGE('',*,*,#1784,.T.);
#1784 = EDGE_CURVE('',#1776,#1785,#1787,.T.);
#1785 = VERTEX_POINT('',#1786);
#1786 = CARTESIAN_POINT('',(6.462230377286,-4.15,-2.459232075714));
#1787 = LINE('',#1788,#1789);
#1788 = CARTESIAN_POINT('',(6.75,-4.15,-1.5));
#1789 = VECTOR('',#1790,1.);
#1790 = DIRECTION('',(-0.287347885566,5.31700397722E-16,-0.957826285221)
  );
#1791 = ORIENTED_EDGE('',*,*,#1792,.F.);
#1792 = EDGE_CURVE('',#1793,#1785,#1795,.T.);
#1793 = VERTEX_POINT('',#1794);
#1794 = CARTESIAN_POINT('',(6.45,-4.15,-2.542562962528));
#1795 = CIRCLE('',#1796,0.29);
#1796 = AXIS2_PLACEMENT_3D('',#1797,#1798,#1799);
#1797 = CARTESIAN_POINT('',(6.74,-4.15,-2.542562962528));
#1798 = DIRECTION('',(-0.,1.,3.330669073875E-16));
#1799 = DIRECTION('',(0.,-3.330669073875E-16,1.));
#1800 = ORIENTED_EDGE('',*,*,#1801,.F.);
#1801 = EDGE_CURVE('',#1802,#1793,#1804,.T.);
#1802 = VERTEX_POINT('',#1803);
#1803 = CARTESIAN_POINT('',(6.45,-4.15,-3.5));
#1804 = LINE('',#1805,#1806);
#1805 = CARTESIAN_POINT('',(6.45,-4.15,-3.5));
#1806 = VECTOR('',#1807,1.);
#1807 = DIRECTION('',(0.,-5.551115123126E-16,1.));
#1808 = ORIENTED_EDGE('',*,*,#1809,.F.);
#1809 = EDGE_CURVE('',#1810,#1802,#1812,.T.);
#1810 = VERTEX_POINT('',#1811);
#1811 = CARTESIAN_POINT('',(6.15,-4.15,-3.5));
#1812 = LINE('',#1813,#1814);
#1813 = CARTESIAN_POINT('',(6.15,-4.15,-3.5));
#1814 = VECTOR('',#1815,1.);
#1815 = DIRECTION('',(1.,0.,0.));
#1816 = ORIENTED_EDGE('',*,*,#1817,.F.);
#1817 = EDGE_CURVE('',#1818,#1810,#1820,.T.);
#1818 = VERTEX_POINT('',#1819);
#1819 = CARTESIAN_POINT('',(6.15,-4.15,-2.542562962528));
#1820 = LINE('',#1821,#1822);
#1821 = CARTESIAN_POINT('',(6.15,-4.15,-2.5));
#1822 = VECTOR('',#1823,1.);
#1823 = DIRECTION('',(0.,5.551115123126E-16,-1.));
#1824 = ORIENTED_EDGE('',*,*,#1825,.F.);
#1825 = EDGE_CURVE('',#1826,#1818,#1828,.T.);
#1826 = VERTEX_POINT('',#1827);
#1827 = CARTESIAN_POINT('',(6.162230377286,-4.15,-2.459232075714));
#1828 = CIRCLE('',#1829,0.29);
#1829 = AXIS2_PLACEMENT_3D('',#1830,#1831,#1832);
#1830 = CARTESIAN_POINT('',(6.44,-4.15,-2.542562962528));
#1831 = DIRECTION('',(0.,-1.,-3.330669073875E-16));
#1832 = DIRECTION('',(0.,-3.330669073875E-16,1.));
#1833 = ORIENTED_EDGE('',*,*,#1834,.T.);
#1834 = EDGE_CURVE('',#1826,#1835,#1837,.T.);
#1835 = VERTEX_POINT('',#1836);
#1836 = CARTESIAN_POINT('',(6.425000733956,-4.15,-1.583330886814));
#1837 = LINE('',#1838,#1839);
#1838 = CARTESIAN_POINT('',(6.15,-4.15,-2.5));
#1839 = VECTOR('',#1840,1.);
#1840 = DIRECTION('',(0.287347885566,-5.31700397722E-16,0.957826285221)
  );
#1841 = ORIENTED_EDGE('',*,*,#1842,.F.);
#1842 = EDGE_CURVE('',#1843,#1835,#1845,.T.);
#1843 = VERTEX_POINT('',#1844);
#1844 = CARTESIAN_POINT('',(6.425000733956,-4.15,-1.416669113186));
#1845 = CIRCLE('',#1846,0.29);
#1846 = AXIS2_PLACEMENT_3D('',#1847,#1848,#1849);
#1847 = CARTESIAN_POINT('',(6.147231111242,-4.15,-1.5));
#1848 = DIRECTION('',(-0.,1.,3.330669073875E-16));
#1849 = DIRECTION('',(0.,-3.330669073875E-16,1.));
#1850 = ORIENTED_EDGE('',*,*,#1851,.T.);
#1851 = EDGE_CURVE('',#1843,#1852,#1854,.T.);
#1852 = VERTEX_POINT('',#1853);
#1853 = CARTESIAN_POINT('',(6.162230377286,-4.15,-0.540767924286));
#1854 = LINE('',#1855,#1856);
#1855 = CARTESIAN_POINT('',(6.45,-4.15,-1.5));
#1856 = VECTOR('',#1857,1.);
#1857 = DIRECTION('',(-0.287347885566,-5.31700397722E-16,0.957826285221)
  );
#1858 = ORIENTED_EDGE('',*,*,#1859,.F.);
#1859 = EDGE_CURVE('',#1860,#1852,#1862,.T.);
#1860 = VERTEX_POINT('',#1861);
#1861 = CARTESIAN_POINT('',(6.15,-4.15,-0.457437037472));
#1862 = CIRCLE('',#1863,0.29);
#1863 = AXIS2_PLACEMENT_3D('',#1864,#1865,#1866);
#1864 = CARTESIAN_POINT('',(6.44,-4.15,-0.457437037472));
#1865 = DIRECTION('',(0.,-1.,-3.330669073875E-16));
#1866 = DIRECTION('',(0.,-3.330669073875E-16,1.));
#1867 = ORIENTED_EDGE('',*,*,#1868,.F.);
#1868 = EDGE_CURVE('',#756,#1860,#1869,.T.);
#1869 = LINE('',#1870,#1871);
#1870 = CARTESIAN_POINT('',(6.15,-4.15,1.5));
#1871 = VECTOR('',#1872,1.);
#1872 = DIRECTION('',(0.,5.551115123126E-16,-1.));
#1873 = ORIENTED_EDGE('',*,*,#763,.F.);
#1874 = ORIENTED_EDGE('',*,*,#1750,.F.);
#1875 = ORIENTED_EDGE('',*,*,#1876,.F.);
#1876 = EDGE_CURVE('',#1877,#1743,#1879,.T.);
#1877 = VERTEX_POINT('',#1878);
#1878 = CARTESIAN_POINT('',(6.45,-4.15,1.21));
#1879 = CIRCLE('',#1880,0.29);
#1880 = AXIS2_PLACEMENT_3D('',#1881,#1882,#1883);
#1881 = CARTESIAN_POINT('',(6.16,-4.15,1.21));
#1882 = DIRECTION('',(0.,-1.,-3.330669073875E-16));
#1883 = DIRECTION('',(0.,-3.330669073875E-16,1.));
#1884 = ORIENTED_EDGE('',*,*,#1885,.F.);
#1885 = EDGE_CURVE('',#1886,#1877,#1888,.T.);
#1886 = VERTEX_POINT('',#1887);
#1887 = CARTESIAN_POINT('',(6.45,-4.15,-0.457437037472));
#1888 = LINE('',#1889,#1890);
#1889 = CARTESIAN_POINT('',(6.45,-4.15,-0.5));
#1890 = VECTOR('',#1891,1.);
#1891 = DIRECTION('',(0.,-5.551115123126E-16,1.));
#1892 = ORIENTED_EDGE('',*,*,#1893,.F.);
#1893 = EDGE_CURVE('',#1766,#1886,#1894,.T.);
#1894 = CIRCLE('',#1895,0.29);
#1895 = AXIS2_PLACEMENT_3D('',#1896,#1897,#1898);
#1896 = CARTESIAN_POINT('',(6.74,-4.15,-0.457437037472));
#1897 = DIRECTION('',(-0.,1.,3.330669073875E-16));
#1898 = DIRECTION('',(0.,-3.330669073875E-16,1.));
#1899 = PLANE('',#1900);
#1900 = AXIS2_PLACEMENT_3D('',#1901,#1902,#1903);
#1901 = CARTESIAN_POINT('',(6.45,-4.15,-0.5));
#1902 = DIRECTION('',(0.,1.,3.330669073875E-16));
#1903 = DIRECTION('',(0.,-3.330669073875E-16,1.));
#1904 = ADVANCED_FACE('',(#1905),#2049,.T.);
#1905 = FACE_BOUND('',#1906,.T.);
#1906 = EDGE_LOOP('',(#1907,#1917,#1926,#1934,#1943,#1951,#1959,#1967,
    #1976,#1984,#1993,#2001,#2010,#2016,#2017,#2025,#2034,#2042));
#1907 = ORIENTED_EDGE('',*,*,#1908,.T.);
#1908 = EDGE_CURVE('',#1909,#1911,#1913,.T.);
#1909 = VERTEX_POINT('',#1910);
#1910 = CARTESIAN_POINT('',(6.462230377286,0.35,-0.540767924286));
#1911 = VERTEX_POINT('',#1912);
#1912 = CARTESIAN_POINT('',(6.725000733956,0.35,-1.416669113186));
#1913 = LINE('',#1914,#1915);
#1914 = CARTESIAN_POINT('',(6.45,0.35,-0.5));
#1915 = VECTOR('',#1916,1.);
#1916 = DIRECTION('',(0.287347885566,5.31700397722E-16,-0.957826285221)
  );
#1917 = ORIENTED_EDGE('',*,*,#1918,.T.);
#1918 = EDGE_CURVE('',#1911,#1919,#1921,.T.);
#1919 = VERTEX_POINT('',#1920);
#1920 = CARTESIAN_POINT('',(6.725000733956,0.35,-1.583330886814));
#1921 = CIRCLE('',#1922,0.29);
#1922 = AXIS2_PLACEMENT_3D('',#1923,#1924,#1925);
#1923 = CARTESIAN_POINT('',(6.447231111242,0.35,-1.5));
#1924 = DIRECTION('',(-0.,1.,3.330669073875E-16));
#1925 = DIRECTION('',(0.,-3.330669073875E-16,1.));
#1926 = ORIENTED_EDGE('',*,*,#1927,.T.);
#1927 = EDGE_CURVE('',#1919,#1928,#1930,.T.);
#1928 = VERTEX_POINT('',#1929);
#1929 = CARTESIAN_POINT('',(6.462230377286,0.35,-2.459232075714));
#1930 = LINE('',#1931,#1932);
#1931 = CARTESIAN_POINT('',(6.75,0.35,-1.5));
#1932 = VECTOR('',#1933,1.);
#1933 = DIRECTION('',(-0.287347885566,5.31700397722E-16,-0.957826285221)
  );
#1934 = ORIENTED_EDGE('',*,*,#1935,.F.);
#1935 = EDGE_CURVE('',#1936,#1928,#1938,.T.);
#1936 = VERTEX_POINT('',#1937);
#1937 = CARTESIAN_POINT('',(6.45,0.35,-2.542562962528));
#1938 = CIRCLE('',#1939,0.29);
#1939 = AXIS2_PLACEMENT_3D('',#1940,#1941,#1942);
#1940 = CARTESIAN_POINT('',(6.74,0.35,-2.542562962528));
#1941 = DIRECTION('',(-0.,1.,3.330669073875E-16));
#1942 = DIRECTION('',(0.,-3.330669073875E-16,1.));
#1943 = ORIENTED_EDGE('',*,*,#1944,.F.);
#1944 = EDGE_CURVE('',#1945,#1936,#1947,.T.);
#1945 = VERTEX_POINT('',#1946);
#1946 = CARTESIAN_POINT('',(6.45,0.35,-3.5));
#1947 = LINE('',#1948,#1949);
#1948 = CARTESIAN_POINT('',(6.45,0.35,-3.5));
#1949 = VECTOR('',#1950,1.);
#1950 = DIRECTION('',(0.,-5.551115123126E-16,1.));
#1951 = ORIENTED_EDGE('',*,*,#1952,.F.);
#1952 = EDGE_CURVE('',#1953,#1945,#1955,.T.);
#1953 = VERTEX_POINT('',#1954);
#1954 = CARTESIAN_POINT('',(6.15,0.35,-3.5));
#1955 = LINE('',#1956,#1957);
#1956 = CARTESIAN_POINT('',(6.15,0.35,-3.5));
#1957 = VECTOR('',#1958,1.);
#1958 = DIRECTION('',(1.,0.,0.));
#1959 = ORIENTED_EDGE('',*,*,#1960,.F.);
#1960 = EDGE_CURVE('',#1961,#1953,#1963,.T.);
#1961 = VERTEX_POINT('',#1962);
#1962 = CARTESIAN_POINT('',(6.15,0.35,-2.542562962528));
#1963 = LINE('',#1964,#1965);
#1964 = CARTESIAN_POINT('',(6.15,0.35,-2.5));
#1965 = VECTOR('',#1966,1.);
#1966 = DIRECTION('',(0.,5.551115123126E-16,-1.));
#1967 = ORIENTED_EDGE('',*,*,#1968,.F.);
#1968 = EDGE_CURVE('',#1969,#1961,#1971,.T.);
#1969 = VERTEX_POINT('',#1970);
#1970 = CARTESIAN_POINT('',(6.162230377286,0.35,-2.459232075714));
#1971 = CIRCLE('',#1972,0.29);
#1972 = AXIS2_PLACEMENT_3D('',#1973,#1974,#1975);
#1973 = CARTESIAN_POINT('',(6.44,0.35,-2.542562962528));
#1974 = DIRECTION('',(0.,-1.,-3.330669073875E-16));
#1975 = DIRECTION('',(0.,-3.330669073875E-16,1.));
#1976 = ORIENTED_EDGE('',*,*,#1977,.T.);
#1977 = EDGE_CURVE('',#1969,#1978,#1980,.T.);
#1978 = VERTEX_POINT('',#1979);
#1979 = CARTESIAN_POINT('',(6.425000733956,0.35,-1.583330886814));
#1980 = LINE('',#1981,#1982);
#1981 = CARTESIAN_POINT('',(6.15,0.35,-2.5));
#1982 = VECTOR('',#1983,1.);
#1983 = DIRECTION('',(0.287347885566,-5.31700397722E-16,0.957826285221)
  );
#1984 = ORIENTED_EDGE('',*,*,#1985,.F.);
#1985 = EDGE_CURVE('',#1986,#1978,#1988,.T.);
#1986 = VERTEX_POINT('',#1987);
#1987 = CARTESIAN_POINT('',(6.425000733956,0.35,-1.416669113186));
#1988 = CIRCLE('',#1989,0.29);
#1989 = AXIS2_PLACEMENT_3D('',#1990,#1991,#1992);
#1990 = CARTESIAN_POINT('',(6.147231111242,0.35,-1.5));
#1991 = DIRECTION('',(-0.,1.,3.330669073875E-16));
#1992 = DIRECTION('',(0.,-3.330669073875E-16,1.));
#1993 = ORIENTED_EDGE('',*,*,#1994,.T.);
#1994 = EDGE_CURVE('',#1986,#1995,#1997,.T.);
#1995 = VERTEX_POINT('',#1996);
#1996 = CARTESIAN_POINT('',(6.162230377286,0.35,-0.540767924286));
#1997 = LINE('',#1998,#1999);
#1998 = CARTESIAN_POINT('',(6.45,0.35,-1.5));
#1999 = VECTOR('',#2000,1.);
#2000 = DIRECTION('',(-0.287347885566,-5.31700397722E-16,0.957826285221)
  );
#2001 = ORIENTED_EDGE('',*,*,#2002,.F.);
#2002 = EDGE_CURVE('',#2003,#1995,#2005,.T.);
#2003 = VERTEX_POINT('',#2004);
#2004 = CARTESIAN_POINT('',(6.15,0.35,-0.457437037472));
#2005 = CIRCLE('',#2006,0.29);
#2006 = AXIS2_PLACEMENT_3D('',#2007,#2008,#2009);
#2007 = CARTESIAN_POINT('',(6.44,0.35,-0.457437037472));
#2008 = DIRECTION('',(0.,-1.,-3.330669073875E-16));
#2009 = DIRECTION('',(0.,-3.330669073875E-16,1.));
#2010 = ORIENTED_EDGE('',*,*,#2011,.F.);
#2011 = EDGE_CURVE('',#724,#2003,#2012,.T.);
#2012 = LINE('',#2013,#2014);
#2013 = CARTESIAN_POINT('',(6.15,0.35,1.5));
#2014 = VECTOR('',#2015,1.);
#2015 = DIRECTION('',(0.,5.551115123126E-16,-1.));
#2016 = ORIENTED_EDGE('',*,*,#731,.F.);
#2017 = ORIENTED_EDGE('',*,*,#2018,.F.);
#2018 = EDGE_CURVE('',#2019,#732,#2021,.T.);
#2019 = VERTEX_POINT('',#2020);
#2020 = CARTESIAN_POINT('',(6.16,0.35,1.5));
#2021 = LINE('',#2022,#2023);
#2022 = CARTESIAN_POINT('',(6.45,0.35,1.5));
#2023 = VECTOR('',#2024,1.);
#2024 = DIRECTION('',(-1.,-0.,0.));
#2025 = ORIENTED_EDGE('',*,*,#2026,.F.);
#2026 = EDGE_CURVE('',#2027,#2019,#2029,.T.);
#2027 = VERTEX_POINT('',#2028);
#2028 = CARTESIAN_POINT('',(6.45,0.35,1.21));
#2029 = CIRCLE('',#2030,0.29);
#2030 = AXIS2_PLACEMENT_3D('',#2031,#2032,#2033);
#2031 = CARTESIAN_POINT('',(6.16,0.35,1.21));
#2032 = DIRECTION('',(0.,-1.,-3.330669073875E-16));
#2033 = DIRECTION('',(0.,-3.330669073875E-16,1.));
#2034 = ORIENTED_EDGE('',*,*,#2035,.F.);
#2035 = EDGE_CURVE('',#2036,#2027,#2038,.T.);
#2036 = VERTEX_POINT('',#2037);
#2037 = CARTESIAN_POINT('',(6.45,0.35,-0.457437037472));
#2038 = LINE('',#2039,#2040);
#2039 = CARTESIAN_POINT('',(6.45,0.35,-0.5));
#2040 = VECTOR('',#2041,1.);
#2041 = DIRECTION('',(0.,-5.551115123126E-16,1.));
#2042 = ORIENTED_EDGE('',*,*,#2043,.F.);
#2043 = EDGE_CURVE('',#1909,#2036,#2044,.T.);
#2044 = CIRCLE('',#2045,0.29);
#2045 = AXIS2_PLACEMENT_3D('',#2046,#2047,#2048);
#2046 = CARTESIAN_POINT('',(6.74,0.35,-0.457437037472));
#2047 = DIRECTION('',(-0.,1.,3.330669073875E-16));
#2048 = DIRECTION('',(0.,-3.330669073875E-16,1.));
#2049 = PLANE('',#2050);
#2050 = AXIS2_PLACEMENT_3D('',#2051,#2052,#2053);
#2051 = CARTESIAN_POINT('',(6.45,0.35,-0.5));
#2052 = DIRECTION('',(1.64346021921E-31,1.,5.551115123126E-16));
#2053 = DIRECTION('',(0.,-5.551115123126E-16,1.));
#2054 = ADVANCED_FACE('',(#2055),#2199,.F.);
#2055 = FACE_BOUND('',#2056,.F.);
#2056 = EDGE_LOOP('',(#2057,#2067,#2076,#2084,#2093,#2101,#2109,#2117,
    #2126,#2134,#2143,#2151,#2160,#2166,#2167,#2175,#2184,#2192));
#2057 = ORIENTED_EDGE('',*,*,#2058,.T.);
#2058 = EDGE_CURVE('',#2059,#2061,#2063,.T.);
#2059 = VERTEX_POINT('',#2060);
#2060 = CARTESIAN_POINT('',(6.462230377286,-0.35,-0.540767924286));
#2061 = VERTEX_POINT('',#2062);
#2062 = CARTESIAN_POINT('',(6.725000733956,-0.35,-1.416669113186));
#2063 = LINE('',#2064,#2065);
#2064 = CARTESIAN_POINT('',(6.45,-0.35,-0.5));
#2065 = VECTOR('',#2066,1.);
#2066 = DIRECTION('',(0.287347885566,5.31700397722E-16,-0.957826285221)
  );
#2067 = ORIENTED_EDGE('',*,*,#2068,.T.);
#2068 = EDGE_CURVE('',#2061,#2069,#2071,.T.);
#2069 = VERTEX_POINT('',#2070);
#2070 = CARTESIAN_POINT('',(6.725000733956,-0.35,-1.583330886814));
#2071 = CIRCLE('',#2072,0.29);
#2072 = AXIS2_PLACEMENT_3D('',#2073,#2074,#2075);
#2073 = CARTESIAN_POINT('',(6.447231111242,-0.35,-1.5));
#2074 = DIRECTION('',(-0.,1.,3.330669073875E-16));
#2075 = DIRECTION('',(0.,-3.330669073875E-16,1.));
#2076 = ORIENTED_EDGE('',*,*,#2077,.T.);
#2077 = EDGE_CURVE('',#2069,#2078,#2080,.T.);
#2078 = VERTEX_POINT('',#2079);
#2079 = CARTESIAN_POINT('',(6.462230377286,-0.35,-2.459232075714));
#2080 = LINE('',#2081,#2082);
#2081 = CARTESIAN_POINT('',(6.75,-0.35,-1.5));
#2082 = VECTOR('',#2083,1.);
#2083 = DIRECTION('',(-0.287347885566,5.31700397722E-16,-0.957826285221)
  );
#2084 = ORIENTED_EDGE('',*,*,#2085,.F.);
#2085 = EDGE_CURVE('',#2086,#2078,#2088,.T.);
#2086 = VERTEX_POINT('',#2087);
#2087 = CARTESIAN_POINT('',(6.45,-0.35,-2.542562962528));
#2088 = CIRCLE('',#2089,0.29);
#2089 = AXIS2_PLACEMENT_3D('',#2090,#2091,#2092);
#2090 = CARTESIAN_POINT('',(6.74,-0.35,-2.542562962528));
#2091 = DIRECTION('',(-0.,1.,3.330669073875E-16));
#2092 = DIRECTION('',(0.,-3.330669073875E-16,1.));
#2093 = ORIENTED_EDGE('',*,*,#2094,.F.);
#2094 = EDGE_CURVE('',#2095,#2086,#2097,.T.);
#2095 = VERTEX_POINT('',#2096);
#2096 = CARTESIAN_POINT('',(6.45,-0.35,-3.5));
#2097 = LINE('',#2098,#2099);
#2098 = CARTESIAN_POINT('',(6.45,-0.35,-3.5));
#2099 = VECTOR('',#2100,1.);
#2100 = DIRECTION('',(0.,-5.551115123126E-16,1.));
#2101 = ORIENTED_EDGE('',*,*,#2102,.F.);
#2102 = EDGE_CURVE('',#2103,#2095,#2105,.T.);
#2103 = VERTEX_POINT('',#2104);
#2104 = CARTESIAN_POINT('',(6.15,-0.35,-3.5));
#2105 = LINE('',#2106,#2107);
#2106 = CARTESIAN_POINT('',(6.15,-0.35,-3.5));
#2107 = VECTOR('',#2108,1.);
#2108 = DIRECTION('',(1.,0.,0.));
#2109 = ORIENTED_EDGE('',*,*,#2110,.F.);
#2110 = EDGE_CURVE('',#2111,#2103,#2113,.T.);
#2111 = VERTEX_POINT('',#2112);
#2112 = CARTESIAN_POINT('',(6.15,-0.35,-2.542562962528));
#2113 = LINE('',#2114,#2115);
#2114 = CARTESIAN_POINT('',(6.15,-0.35,-2.5));
#2115 = VECTOR('',#2116,1.);
#2116 = DIRECTION('',(0.,5.551115123126E-16,-1.));
#2117 = ORIENTED_EDGE('',*,*,#2118,.F.);
#2118 = EDGE_CURVE('',#2119,#2111,#2121,.T.);
#2119 = VERTEX_POINT('',#2120);
#2120 = CARTESIAN_POINT('',(6.162230377286,-0.35,-2.459232075714));
#2121 = CIRCLE('',#2122,0.29);
#2122 = AXIS2_PLACEMENT_3D('',#2123,#2124,#2125);
#2123 = CARTESIAN_POINT('',(6.44,-0.35,-2.542562962528));
#2124 = DIRECTION('',(0.,-1.,-3.330669073875E-16));
#2125 = DIRECTION('',(0.,-3.330669073875E-16,1.));
#2126 = ORIENTED_EDGE('',*,*,#2127,.T.);
#2127 = EDGE_CURVE('',#2119,#2128,#2130,.T.);
#2128 = VERTEX_POINT('',#2129);
#2129 = CARTESIAN_POINT('',(6.425000733956,-0.35,-1.583330886814));
#2130 = LINE('',#2131,#2132);
#2131 = CARTESIAN_POINT('',(6.15,-0.35,-2.5));
#2132 = VECTOR('',#2133,1.);
#2133 = DIRECTION('',(0.287347885566,-5.31700397722E-16,0.957826285221)
  );
#2134 = ORIENTED_EDGE('',*,*,#2135,.F.);
#2135 = EDGE_CURVE('',#2136,#2128,#2138,.T.);
#2136 = VERTEX_POINT('',#2137);
#2137 = CARTESIAN_POINT('',(6.425000733956,-0.35,-1.416669113186));
#2138 = CIRCLE('',#2139,0.29);
#2139 = AXIS2_PLACEMENT_3D('',#2140,#2141,#2142);
#2140 = CARTESIAN_POINT('',(6.147231111242,-0.35,-1.5));
#2141 = DIRECTION('',(-0.,1.,3.330669073875E-16));
#2142 = DIRECTION('',(0.,-3.330669073875E-16,1.));
#2143 = ORIENTED_EDGE('',*,*,#2144,.T.);
#2144 = EDGE_CURVE('',#2136,#2145,#2147,.T.);
#2145 = VERTEX_POINT('',#2146);
#2146 = CARTESIAN_POINT('',(6.162230377286,-0.35,-0.540767924286));
#2147 = LINE('',#2148,#2149);
#2148 = CARTESIAN_POINT('',(6.45,-0.35,-1.5));
#2149 = VECTOR('',#2150,1.);
#2150 = DIRECTION('',(-0.287347885566,-5.31700397722E-16,0.957826285221)
  );
#2151 = ORIENTED_EDGE('',*,*,#2152,.F.);
#2152 = EDGE_CURVE('',#2153,#2145,#2155,.T.);
#2153 = VERTEX_POINT('',#2154);
#2154 = CARTESIAN_POINT('',(6.15,-0.35,-0.457437037472));
#2155 = CIRCLE('',#2156,0.29);
#2156 = AXIS2_PLACEMENT_3D('',#2157,#2158,#2159);
#2157 = CARTESIAN_POINT('',(6.44,-0.35,-0.457437037472));
#2158 = DIRECTION('',(0.,-1.,-3.330669073875E-16));
#2159 = DIRECTION('',(0.,-3.330669073875E-16,1.));
#2160 = ORIENTED_EDGE('',*,*,#2161,.F.);
#2161 = EDGE_CURVE('',#748,#2153,#2162,.T.);
#2162 = LINE('',#2163,#2164);
#2163 = CARTESIAN_POINT('',(6.15,-0.35,1.5));
#2164 = VECTOR('',#2165,1.);
#2165 = DIRECTION('',(0.,5.551115123126E-16,-1.));
#2166 = ORIENTED_EDGE('',*,*,#747,.F.);
#2167 = ORIENTED_EDGE('',*,*,#2168,.F.);
#2168 = EDGE_CURVE('',#2169,#740,#2171,.T.);
#2169 = VERTEX_POINT('',#2170);
#2170 = CARTESIAN_POINT('',(6.16,-0.35,1.5));
#2171 = LINE('',#2172,#2173);
#2172 = CARTESIAN_POINT('',(6.45,-0.35,1.5));
#2173 = VECTOR('',#2174,1.);
#2174 = DIRECTION('',(-1.,-0.,0.));
#2175 = ORIENTED_EDGE('',*,*,#2176,.F.);
#2176 = EDGE_CURVE('',#2177,#2169,#2179,.T.);
#2177 = VERTEX_POINT('',#2178);
#2178 = CARTESIAN_POINT('',(6.45,-0.35,1.21));
#2179 = CIRCLE('',#2180,0.29);
#2180 = AXIS2_PLACEMENT_3D('',#2181,#2182,#2183);
#2181 = CARTESIAN_POINT('',(6.16,-0.35,1.21));
#2182 = DIRECTION('',(0.,-1.,-3.330669073875E-16));
#2183 = DIRECTION('',(0.,-3.330669073875E-16,1.));
#2184 = ORIENTED_EDGE('',*,*,#2185,.F.);
#2185 = EDGE_CURVE('',#2186,#2177,#2188,.T.);
#2186 = VERTEX_POINT('',#2187);
#2187 = CARTESIAN_POINT('',(6.45,-0.35,-0.457437037472));
#2188 = LINE('',#2189,#2190);
#2189 = CARTESIAN_POINT('',(6.45,-0.35,-0.5));
#2190 = VECTOR('',#2191,1.);
#2191 = DIRECTION('',(0.,-5.551115123126E-16,1.));
#2192 = ORIENTED_EDGE('',*,*,#2193,.F.);
#2193 = EDGE_CURVE('',#2059,#2186,#2194,.T.);
#2194 = CIRCLE('',#2195,0.29);
#2195 = AXIS2_PLACEMENT_3D('',#2196,#2197,#2198);
#2196 = CARTESIAN_POINT('',(6.74,-0.35,-0.457437037472));
#2197 = DIRECTION('',(-0.,1.,3.330669073875E-16));
#2198 = DIRECTION('',(0.,-3.330669073875E-16,1.));
#2199 = PLANE('',#2200);
#2200 = AXIS2_PLACEMENT_3D('',#2201,#2202,#2203);
#2201 = CARTESIAN_POINT('',(6.45,-0.35,-0.5));
#2202 = DIRECTION('',(1.64346021921E-31,1.,5.551115123126E-16));
#2203 = DIRECTION('',(0.,-5.551115123126E-16,1.));
#2204 = ADVANCED_FACE('',(#2205),#2216,.T.);
#2205 = FACE_BOUND('',#2206,.T.);
#2206 = EDGE_LOOP('',(#2207,#2208,#2214,#2215));
#2207 = ORIENTED_EDGE('',*,*,#2168,.F.);
#2208 = ORIENTED_EDGE('',*,*,#2209,.T.);
#2209 = EDGE_CURVE('',#2169,#2019,#2210,.T.);
#2210 = LINE('',#2211,#2212);
#2211 = CARTESIAN_POINT('',(6.16,-0.35,1.5));
#2212 = VECTOR('',#2213,1.);
#2213 = DIRECTION('',(0.,1.,3.330669073875E-16));
#2214 = ORIENTED_EDGE('',*,*,#2018,.T.);
#2215 = ORIENTED_EDGE('',*,*,#739,.F.);
#2216 = PLANE('',#2217);
#2217 = AXIS2_PLACEMENT_3D('',#2218,#2219,#2220);
#2218 = CARTESIAN_POINT('',(6.45,-0.35,1.5));
#2219 = DIRECTION('',(0.,-3.330669073875E-16,1.));
#2220 = DIRECTION('',(-1.,0.,0.));
#2221 = ADVANCED_FACE('',(#2222),#2225,.F.);
#2222 = FACE_BOUND('',#2223,.F.);
#2223 = EDGE_LOOP('',(#2224));
#2224 = ORIENTED_EDGE('',*,*,#879,.F.);
#2225 = PLANE('',#2226);
#2226 = AXIS2_PLACEMENT_3D('',#2227,#2228,#2229);
#2227 = CARTESIAN_POINT('',(4.9,-2.25,5.));
#2228 = DIRECTION('',(0.,0.,-1.));
#2229 = DIRECTION('',(-1.,0.,0.));
#2230 = ADVANCED_FACE('',(#2231),#2242,.F.);
#2231 = FACE_BOUND('',#2232,.F.);
#2232 = EDGE_LOOP('',(#2233,#2234,#2235,#2236));
#2233 = ORIENTED_EDGE('',*,*,#1377,.F.);
#2234 = ORIENTED_EDGE('',*,*,#916,.F.);
#2235 = ORIENTED_EDGE('',*,*,#1527,.T.);
#2236 = ORIENTED_EDGE('',*,*,#2237,.F.);
#2237 = EDGE_CURVE('',#1369,#1519,#2238,.T.);
#2238 = LINE('',#2239,#2240);
#2239 = CARTESIAN_POINT('',(0.15,-4.85,-0.457437037472));
#2240 = VECTOR('',#2241,1.);
#2241 = DIRECTION('',(0.,1.,3.330669073875E-16));
#2242 = PLANE('',#2243);
#2243 = AXIS2_PLACEMENT_3D('',#2244,#2245,#2246);
#2244 = CARTESIAN_POINT('',(0.15,-4.85,1.5));
#2245 = DIRECTION('',(-1.,0.,-0.));
#2246 = DIRECTION('',(0.,5.551115123126E-16,-1.));
#2247 = ADVANCED_FACE('',(#2248),#2259,.T.);
#2248 = FACE_BOUND('',#2249,.T.);
#2249 = EDGE_LOOP('',(#2250,#2251,#2252,#2253));
#2250 = ORIENTED_EDGE('',*,*,#1694,.F.);
#2251 = ORIENTED_EDGE('',*,*,#941,.T.);
#2252 = ORIENTED_EDGE('',*,*,#1868,.T.);
#2253 = ORIENTED_EDGE('',*,*,#2254,.F.);
#2254 = EDGE_CURVE('',#1686,#1860,#2255,.T.);
#2255 = LINE('',#2256,#2257);
#2256 = CARTESIAN_POINT('',(6.15,-4.85,-0.457437037472));
#2257 = VECTOR('',#2258,1.);
#2258 = DIRECTION('',(0.,1.,3.330669073875E-16));
#2259 = PLANE('',#2260);
#2260 = AXIS2_PLACEMENT_3D('',#2261,#2262,#2263);
#2261 = CARTESIAN_POINT('',(6.15,-4.85,1.5));
#2262 = DIRECTION('',(-1.,0.,-0.));
#2263 = DIRECTION('',(0.,5.551115123126E-16,-1.));
#2264 = ADVANCED_FACE('',(#2265),#2276,.F.);
#2265 = FACE_BOUND('',#2266,.F.);
#2266 = EDGE_LOOP('',(#2267,#2268,#2269,#2270));
#2267 = ORIENTED_EDGE('',*,*,#1234,.F.);
#2268 = ORIENTED_EDGE('',*,*,#923,.F.);
#2269 = ORIENTED_EDGE('',*,*,#1060,.T.);
#2270 = ORIENTED_EDGE('',*,*,#2271,.F.);
#2271 = EDGE_CURVE('',#1226,#1052,#2272,.T.);
#2272 = LINE('',#2273,#2274);
#2273 = CARTESIAN_POINT('',(0.15,-0.35,-0.457437037472));
#2274 = VECTOR('',#2275,1.);
#2275 = DIRECTION('',(0.,1.,3.330669073875E-16));
#2276 = PLANE('',#2277);
#2277 = AXIS2_PLACEMENT_3D('',#2278,#2279,#2280);
#2278 = CARTESIAN_POINT('',(0.15,-0.35,1.5));
#2279 = DIRECTION('',(-1.,0.,-0.));
#2280 = DIRECTION('',(0.,5.551115123126E-16,-1.));
#2281 = ADVANCED_FACE('',(#2282),#2293,.T.);
#2282 = FACE_BOUND('',#2283,.T.);
#2283 = EDGE_LOOP('',(#2284,#2285,#2286,#2287));
#2284 = ORIENTED_EDGE('',*,*,#2161,.F.);
#2285 = ORIENTED_EDGE('',*,*,#934,.T.);
#2286 = ORIENTED_EDGE('',*,*,#2011,.T.);
#2287 = ORIENTED_EDGE('',*,*,#2288,.F.);
#2288 = EDGE_CURVE('',#2153,#2003,#2289,.T.);
#2289 = LINE('',#2290,#2291);
#2290 = CARTESIAN_POINT('',(6.15,-0.35,-0.457437037472));
#2291 = VECTOR('',#2292,1.);
#2292 = DIRECTION('',(0.,1.,3.330669073875E-16));
#2293 = PLANE('',#2294);
#2294 = AXIS2_PLACEMENT_3D('',#2295,#2296,#2297);
#2295 = CARTESIAN_POINT('',(6.15,-0.35,1.5));
#2296 = DIRECTION('',(-1.,0.,-0.));
#2297 = DIRECTION('',(0.,5.551115123126E-16,-1.));
#2298 = ADVANCED_FACE('',(#2299),#2315,.T.);
#2299 = FACE_BOUND('',#2300,.T.);
#2300 = EDGE_LOOP('',(#2301,#2302,#2308,#2309));
#2301 = ORIENTED_EDGE('',*,*,#1131,.F.);
#2302 = ORIENTED_EDGE('',*,*,#2303,.T.);
#2303 = EDGE_CURVE('',#1132,#958,#2304,.T.);
#2304 = LINE('',#2305,#2306);
#2305 = CARTESIAN_POINT('',(-0.162230377286,-0.35,-0.540767924286));
#2306 = VECTOR('',#2307,1.);
#2307 = DIRECTION('',(0.,1.,3.330669073875E-16));
#2308 = ORIENTED_EDGE('',*,*,#957,.T.);
#2309 = ORIENTED_EDGE('',*,*,#2310,.F.);
#2310 = EDGE_CURVE('',#1134,#960,#2311,.T.);
#2311 = LINE('',#2312,#2313);
#2312 = CARTESIAN_POINT('',(-0.425000733956,-0.35,-1.416669113186));
#2313 = VECTOR('',#2314,1.);
#2314 = DIRECTION('',(0.,1.,3.330669073875E-16));
#2315 = PLANE('',#2316);
#2316 = AXIS2_PLACEMENT_3D('',#2317,#2318,#2319);
#2317 = CARTESIAN_POINT('',(-0.15,-0.35,-0.5));
#2318 = DIRECTION('',(-0.957826285221,-9.570607158995E-17,0.287347885566
    ));
#2319 = DIRECTION('',(-0.287347885566,5.31700397722E-16,-0.957826285221)
  );
#2320 = ADVANCED_FACE('',(#2321),#2332,.F.);
#2321 = FACE_BOUND('',#2322,.F.);
#2322 = EDGE_LOOP('',(#2323,#2324,#2325,#2331));
#2323 = ORIENTED_EDGE('',*,*,#2303,.T.);
#2324 = ORIENTED_EDGE('',*,*,#1092,.T.);
#2325 = ORIENTED_EDGE('',*,*,#2326,.F.);
#2326 = EDGE_CURVE('',#1252,#1085,#2327,.T.);
#2327 = LINE('',#2328,#2329);
#2328 = CARTESIAN_POINT('',(-0.15,-0.35,-0.457437037472));
#2329 = VECTOR('',#2330,1.);
#2330 = DIRECTION('',(0.,1.,3.330669073875E-16));
#2331 = ORIENTED_EDGE('',*,*,#1259,.F.);
#2332 = CYLINDRICAL_SURFACE('',#2333,0.29);
#2333 = AXIS2_PLACEMENT_3D('',#2334,#2335,#2336);
#2334 = CARTESIAN_POINT('',(-0.44,-0.35,-0.457437037472));
#2335 = DIRECTION('',(0.,1.,3.330669073875E-16));
#2336 = DIRECTION('',(0.957826285221,9.570607158983E-17,-0.287347885566)
  );
#2337 = ADVANCED_FACE('',(#2338),#2349,.T.);
#2338 = FACE_BOUND('',#2339,.T.);
#2339 = EDGE_LOOP('',(#2340,#2341,#2342,#2348));
#2340 = ORIENTED_EDGE('',*,*,#2310,.T.);
#2341 = ORIENTED_EDGE('',*,*,#967,.T.);
#2342 = ORIENTED_EDGE('',*,*,#2343,.F.);
#2343 = EDGE_CURVE('',#1142,#968,#2344,.T.);
#2344 = LINE('',#2345,#2346);
#2345 = CARTESIAN_POINT('',(-0.425000733956,-0.35,-1.583330886814));
#2346 = VECTOR('',#2347,1.);
#2347 = DIRECTION('',(0.,1.,3.330669073875E-16));
#2348 = ORIENTED_EDGE('',*,*,#1141,.F.);
#2349 = CYLINDRICAL_SURFACE('',#2350,0.29);
#2350 = AXIS2_PLACEMENT_3D('',#2351,#2352,#2353);
#2351 = CARTESIAN_POINT('',(-0.147231111242,-0.35,-1.5));
#2352 = DIRECTION('',(0.,1.,3.330669073875E-16));
#2353 = DIRECTION('',(-0.957826285221,-9.570607158983E-17,0.287347885566
    ));
#2354 = ADVANCED_FACE('',(#2355),#2366,.F.);
#2355 = FACE_BOUND('',#2356,.F.);
#2356 = EDGE_LOOP('',(#2357,#2358,#2359,#2360));
#2357 = ORIENTED_EDGE('',*,*,#1251,.F.);
#2358 = ORIENTED_EDGE('',*,*,#2326,.T.);
#2359 = ORIENTED_EDGE('',*,*,#1084,.T.);
#2360 = ORIENTED_EDGE('',*,*,#2361,.F.);
#2361 = EDGE_CURVE('',#1243,#1076,#2362,.T.);
#2362 = LINE('',#2363,#2364);
#2363 = CARTESIAN_POINT('',(-0.15,-0.35,1.21));
#2364 = VECTOR('',#2365,1.);
#2365 = DIRECTION('',(0.,1.,3.330669073875E-16));
#2366 = PLANE('',#2367);
#2367 = AXIS2_PLACEMENT_3D('',#2368,#2369,#2370);
#2368 = CARTESIAN_POINT('',(-0.15,-0.35,-0.5));
#2369 = DIRECTION('',(1.,0.,0.));
#2370 = DIRECTION('',(0.,-5.551115123126E-16,1.));
#2371 = ADVANCED_FACE('',(#2372),#2383,.T.);
#2372 = FACE_BOUND('',#2373,.T.);
#2373 = EDGE_LOOP('',(#2374,#2375,#2376,#2377));
#2374 = ORIENTED_EDGE('',*,*,#1150,.F.);
#2375 = ORIENTED_EDGE('',*,*,#2343,.T.);
#2376 = ORIENTED_EDGE('',*,*,#976,.T.);
#2377 = ORIENTED_EDGE('',*,*,#2378,.F.);
#2378 = EDGE_CURVE('',#1151,#977,#2379,.T.);
#2379 = LINE('',#2380,#2381);
#2380 = CARTESIAN_POINT('',(-0.162230377286,-0.35,-2.459232075714));
#2381 = VECTOR('',#2382,1.);
#2382 = DIRECTION('',(0.,1.,3.330669073875E-16));
#2383 = PLANE('',#2384);
#2384 = AXIS2_PLACEMENT_3D('',#2385,#2386,#2387);
#2385 = CARTESIAN_POINT('',(-0.45,-0.35,-1.5));
#2386 = DIRECTION('',(-0.957826285221,9.570607158995E-17,-0.287347885566
    ));
#2387 = DIRECTION('',(0.287347885566,5.31700397722E-16,-0.957826285221)
  );
#2388 = ADVANCED_FACE('',(#2389),#2395,.T.);
#2389 = FACE_BOUND('',#2390,.T.);
#2390 = EDGE_LOOP('',(#2391,#2392,#2393,#2394));
#2391 = ORIENTED_EDGE('',*,*,#1242,.T.);
#2392 = ORIENTED_EDGE('',*,*,#1115,.T.);
#2393 = ORIENTED_EDGE('',*,*,#1075,.F.);
#2394 = ORIENTED_EDGE('',*,*,#2361,.F.);
#2395 = CYLINDRICAL_SURFACE('',#2396,0.29);
#2396 = AXIS2_PLACEMENT_3D('',#2397,#2398,#2399);
#2397 = CARTESIAN_POINT('',(0.14,-0.35,1.21));
#2398 = DIRECTION('',(0.,1.,3.330669073875E-16));
#2399 = DIRECTION('',(-1.,0.,0.));
#2400 = ADVANCED_FACE('',(#2401),#2412,.F.);
#2401 = FACE_BOUND('',#2402,.F.);
#2402 = EDGE_LOOP('',(#2403,#2409,#2410,#2411));
#2403 = ORIENTED_EDGE('',*,*,#2404,.T.);
#2404 = EDGE_CURVE('',#1159,#985,#2405,.T.);
#2405 = LINE('',#2406,#2407);
#2406 = CARTESIAN_POINT('',(-0.15,-0.35,-2.542562962528));
#2407 = VECTOR('',#2408,1.);
#2408 = DIRECTION('',(0.,1.,3.330669073875E-16));
#2409 = ORIENTED_EDGE('',*,*,#984,.T.);
#2410 = ORIENTED_EDGE('',*,*,#2378,.F.);
#2411 = ORIENTED_EDGE('',*,*,#1158,.F.);
#2412 = CYLINDRICAL_SURFACE('',#2413,0.29);
#2413 = AXIS2_PLACEMENT_3D('',#2414,#2415,#2416);
#2414 = CARTESIAN_POINT('',(-0.44,-0.35,-2.542562962528));
#2415 = DIRECTION('',(0.,1.,3.330669073875E-16));
#2416 = DIRECTION('',(1.,0.,-0.));
#2417 = ADVANCED_FACE('',(#2418),#2429,.F.);
#2418 = FACE_BOUND('',#2419,.F.);
#2419 = EDGE_LOOP('',(#2420,#2421,#2427,#2428));
#2420 = ORIENTED_EDGE('',*,*,#1167,.F.);
#2421 = ORIENTED_EDGE('',*,*,#2422,.T.);
#2422 = EDGE_CURVE('',#1168,#994,#2423,.T.);
#2423 = LINE('',#2424,#2425);
#2424 = CARTESIAN_POINT('',(-0.15,-0.35,-3.5));
#2425 = VECTOR('',#2426,1.);
#2426 = DIRECTION('',(0.,1.,3.330669073875E-16));
#2427 = ORIENTED_EDGE('',*,*,#993,.T.);
#2428 = ORIENTED_EDGE('',*,*,#2404,.F.);
#2429 = PLANE('',#2430);
#2430 = AXIS2_PLACEMENT_3D('',#2431,#2432,#2433);
#2431 = CARTESIAN_POINT('',(-0.15,-0.35,-3.5));
#2432 = DIRECTION('',(1.,0.,0.));
#2433 = DIRECTION('',(0.,-5.551115123126E-16,1.));
#2434 = ADVANCED_FACE('',(#2435),#2446,.F.);
#2435 = FACE_BOUND('',#2436,.F.);
#2436 = EDGE_LOOP('',(#2437,#2443,#2444,#2445));
#2437 = ORIENTED_EDGE('',*,*,#2438,.T.);
#2438 = EDGE_CURVE('',#1176,#1002,#2439,.T.);
#2439 = LINE('',#2440,#2441);
#2440 = CARTESIAN_POINT('',(0.15,-0.35,-3.5));
#2441 = VECTOR('',#2442,1.);
#2442 = DIRECTION('',(0.,1.,3.330669073875E-16));
#2443 = ORIENTED_EDGE('',*,*,#1001,.T.);
#2444 = ORIENTED_EDGE('',*,*,#2422,.F.);
#2445 = ORIENTED_EDGE('',*,*,#1175,.F.);
#2446 = PLANE('',#2447);
#2447 = AXIS2_PLACEMENT_3D('',#2448,#2449,#2450);
#2448 = CARTESIAN_POINT('',(0.15,-0.35,-3.5));
#2449 = DIRECTION('',(0.,-3.330669073875E-16,1.));
#2450 = DIRECTION('',(-1.,0.,0.));
#2451 = ADVANCED_FACE('',(#2452),#2463,.F.);
#2452 = FACE_BOUND('',#2453,.F.);
#2453 = EDGE_LOOP('',(#2454,#2455,#2461,#2462));
#2454 = ORIENTED_EDGE('',*,*,#1183,.F.);
#2455 = ORIENTED_EDGE('',*,*,#2456,.T.);
#2456 = EDGE_CURVE('',#1184,#1010,#2457,.T.);
#2457 = LINE('',#2458,#2459);
#2458 = CARTESIAN_POINT('',(0.15,-0.35,-2.542562962528));
#2459 = VECTOR('',#2460,1.);
#2460 = DIRECTION('',(0.,1.,3.330669073875E-16));
#2461 = ORIENTED_EDGE('',*,*,#1009,.T.);
#2462 = ORIENTED_EDGE('',*,*,#2438,.F.);
#2463 = PLANE('',#2464);
#2464 = AXIS2_PLACEMENT_3D('',#2465,#2466,#2467);
#2465 = CARTESIAN_POINT('',(0.15,-0.35,-2.5));
#2466 = DIRECTION('',(-1.,0.,-0.));
#2467 = DIRECTION('',(0.,5.551115123126E-16,-1.));
#2468 = ADVANCED_FACE('',(#2469),#2480,.T.);
#2469 = FACE_BOUND('',#2470,.T.);
#2470 = EDGE_LOOP('',(#2471,#2472,#2478,#2479));
#2471 = ORIENTED_EDGE('',*,*,#1225,.T.);
#2472 = ORIENTED_EDGE('',*,*,#2473,.T.);
#2473 = EDGE_CURVE('',#1218,#1044,#2474,.T.);
#2474 = LINE('',#2475,#2476);
#2475 = CARTESIAN_POINT('',(0.137769622714,-0.35,-0.540767924286));
#2476 = VECTOR('',#2477,1.);
#2477 = DIRECTION('',(0.,1.,3.330669073875E-16));
#2478 = ORIENTED_EDGE('',*,*,#1051,.F.);
#2479 = ORIENTED_EDGE('',*,*,#2271,.F.);
#2480 = CYLINDRICAL_SURFACE('',#2481,0.29);
#2481 = AXIS2_PLACEMENT_3D('',#2482,#2483,#2484);
#2482 = CARTESIAN_POINT('',(-0.14,-0.35,-0.457437037472));
#2483 = DIRECTION('',(0.,1.,3.330669073875E-16));
#2484 = DIRECTION('',(1.,0.,-0.));
#2485 = ADVANCED_FACE('',(#2486),#2497,.T.);
#2486 = FACE_BOUND('',#2487,.T.);
#2487 = EDGE_LOOP('',(#2488,#2489,#2490,#2491));
#2488 = ORIENTED_EDGE('',*,*,#1191,.T.);
#2489 = ORIENTED_EDGE('',*,*,#2456,.T.);
#2490 = ORIENTED_EDGE('',*,*,#1017,.F.);
#2491 = ORIENTED_EDGE('',*,*,#2492,.F.);
#2492 = EDGE_CURVE('',#1192,#1018,#2493,.T.);
#2493 = LINE('',#2494,#2495);
#2494 = CARTESIAN_POINT('',(0.137769622714,-0.35,-2.459232075714));
#2495 = VECTOR('',#2496,1.);
#2496 = DIRECTION('',(0.,1.,3.330669073875E-16));
#2497 = CYLINDRICAL_SURFACE('',#2498,0.29);
#2498 = AXIS2_PLACEMENT_3D('',#2499,#2500,#2501);
#2499 = CARTESIAN_POINT('',(-0.14,-0.35,-2.542562962528));
#2500 = DIRECTION('',(0.,1.,3.330669073875E-16));
#2501 = DIRECTION('',(0.957826285221,-9.570607158983E-17,0.287347885566)
  );
#2502 = ADVANCED_FACE('',(#2503),#2514,.T.);
#2503 = FACE_BOUND('',#2504,.T.);
#2504 = EDGE_LOOP('',(#2505,#2506,#2512,#2513));
#2505 = ORIENTED_EDGE('',*,*,#1217,.F.);
#2506 = ORIENTED_EDGE('',*,*,#2507,.T.);
#2507 = EDGE_CURVE('',#1209,#1035,#2508,.T.);
#2508 = LINE('',#2509,#2510);
#2509 = CARTESIAN_POINT('',(-0.125000733956,-0.35,-1.416669113186));
#2510 = VECTOR('',#2511,1.);
#2511 = DIRECTION('',(0.,1.,3.330669073875E-16));
#2512 = ORIENTED_EDGE('',*,*,#1043,.T.);
#2513 = ORIENTED_EDGE('',*,*,#2473,.F.);
#2514 = PLANE('',#2515);
#2515 = AXIS2_PLACEMENT_3D('',#2516,#2517,#2518);
#2516 = CARTESIAN_POINT('',(-0.15,-0.35,-1.5));
#2517 = DIRECTION('',(0.957826285221,9.570607158995E-17,-0.287347885566)
  );
#2518 = DIRECTION('',(0.287347885566,-5.31700397722E-16,0.957826285221)
  );
#2519 = ADVANCED_FACE('',(#2520),#2531,.T.);
#2520 = FACE_BOUND('',#2521,.T.);
#2521 = EDGE_LOOP('',(#2522,#2523,#2524,#2525));
#2522 = ORIENTED_EDGE('',*,*,#1200,.F.);
#2523 = ORIENTED_EDGE('',*,*,#2492,.T.);
#2524 = ORIENTED_EDGE('',*,*,#1026,.T.);
#2525 = ORIENTED_EDGE('',*,*,#2526,.F.);
#2526 = EDGE_CURVE('',#1201,#1027,#2527,.T.);
#2527 = LINE('',#2528,#2529);
#2528 = CARTESIAN_POINT('',(-0.125000733956,-0.35,-1.583330886814));
#2529 = VECTOR('',#2530,1.);
#2530 = DIRECTION('',(0.,1.,3.330669073875E-16));
#2531 = PLANE('',#2532);
#2532 = AXIS2_PLACEMENT_3D('',#2533,#2534,#2535);
#2533 = CARTESIAN_POINT('',(0.15,-0.35,-2.5));
#2534 = DIRECTION('',(0.957826285221,-9.570607158995E-17,0.287347885566)
  );
#2535 = DIRECTION('',(-0.287347885566,-5.31700397722E-16,0.957826285221)
  );
#2536 = ADVANCED_FACE('',(#2537),#2543,.F.);
#2537 = FACE_BOUND('',#2538,.F.);
#2538 = EDGE_LOOP('',(#2539,#2540,#2541,#2542));
#2539 = ORIENTED_EDGE('',*,*,#2507,.T.);
#2540 = ORIENTED_EDGE('',*,*,#1034,.T.);
#2541 = ORIENTED_EDGE('',*,*,#2526,.F.);
#2542 = ORIENTED_EDGE('',*,*,#1208,.F.);
#2543 = CYLINDRICAL_SURFACE('',#2544,0.29);
#2544 = AXIS2_PLACEMENT_3D('',#2545,#2546,#2547);
#2545 = CARTESIAN_POINT('',(0.152768888758,-0.35,-1.5));
#2546 = DIRECTION('',(0.,1.,3.330669073875E-16));
#2547 = DIRECTION('',(-0.957826285221,-9.570607158983E-17,0.287347885566
    ));
#2548 = ADVANCED_FACE('',(#2549),#2565,.T.);
#2549 = FACE_BOUND('',#2550,.T.);
#2550 = EDGE_LOOP('',(#2551,#2552,#2558,#2559));
#2551 = ORIENTED_EDGE('',*,*,#1274,.F.);
#2552 = ORIENTED_EDGE('',*,*,#2553,.T.);
#2553 = EDGE_CURVE('',#1275,#1425,#2554,.T.);
#2554 = LINE('',#2555,#2556);
#2555 = CARTESIAN_POINT('',(-0.162230377286,-4.85,-0.540767924286));
#2556 = VECTOR('',#2557,1.);
#2557 = DIRECTION('',(0.,1.,3.330669073875E-16));
#2558 = ORIENTED_EDGE('',*,*,#1424,.T.);
#2559 = ORIENTED_EDGE('',*,*,#2560,.F.);
#2560 = EDGE_CURVE('',#1277,#1427,#2561,.T.);
#2561 = LINE('',#2562,#2563);
#2562 = CARTESIAN_POINT('',(-0.425000733956,-4.85,-1.416669113186));
#2563 = VECTOR('',#2564,1.);
#2564 = DIRECTION('',(0.,1.,3.330669073875E-16));
#2565 = PLANE('',#2566);
#2566 = AXIS2_PLACEMENT_3D('',#2567,#2568,#2569);
#2567 = CARTESIAN_POINT('',(-0.15,-4.85,-0.5));
#2568 = DIRECTION('',(-0.957826285221,-9.570607158995E-17,0.287347885566
    ));
#2569 = DIRECTION('',(-0.287347885566,5.31700397722E-16,-0.957826285221)
  );
#2570 = ADVANCED_FACE('',(#2571),#2582,.F.);
#2571 = FACE_BOUND('',#2572,.F.);
#2572 = EDGE_LOOP('',(#2573,#2574,#2575,#2581));
#2573 = ORIENTED_EDGE('',*,*,#2553,.T.);
#2574 = ORIENTED_EDGE('',*,*,#1559,.T.);
#2575 = ORIENTED_EDGE('',*,*,#2576,.F.);
#2576 = EDGE_CURVE('',#1402,#1552,#2577,.T.);
#2577 = LINE('',#2578,#2579);
#2578 = CARTESIAN_POINT('',(-0.15,-4.85,-0.457437037472));
#2579 = VECTOR('',#2580,1.);
#2580 = DIRECTION('',(0.,1.,3.330669073875E-16));
#2581 = ORIENTED_EDGE('',*,*,#1409,.F.);
#2582 = CYLINDRICAL_SURFACE('',#2583,0.29);
#2583 = AXIS2_PLACEMENT_3D('',#2584,#2585,#2586);
#2584 = CARTESIAN_POINT('',(-0.44,-4.85,-0.457437037472));
#2585 = DIRECTION('',(0.,1.,3.330669073875E-16));
#2586 = DIRECTION('',(0.957826285221,9.570607158983E-17,-0.287347885566)
  );
#2587 = ADVANCED_FACE('',(#2588),#2599,.T.);
#2588 = FACE_BOUND('',#2589,.T.);
#2589 = EDGE_LOOP('',(#2590,#2591,#2592,#2598));
#2590 = ORIENTED_EDGE('',*,*,#2560,.T.);
#2591 = ORIENTED_EDGE('',*,*,#1434,.T.);
#2592 = ORIENTED_EDGE('',*,*,#2593,.F.);
#2593 = EDGE_CURVE('',#1285,#1435,#2594,.T.);
#2594 = LINE('',#2595,#2596);
#2595 = CARTESIAN_POINT('',(-0.425000733956,-4.85,-1.583330886814));
#2596 = VECTOR('',#2597,1.);
#2597 = DIRECTION('',(0.,1.,3.330669073875E-16));
#2598 = ORIENTED_EDGE('',*,*,#1284,.F.);
#2599 = CYLINDRICAL_SURFACE('',#2600,0.29);
#2600 = AXIS2_PLACEMENT_3D('',#2601,#2602,#2603);
#2601 = CARTESIAN_POINT('',(-0.147231111242,-4.85,-1.5));
#2602 = DIRECTION('',(0.,1.,3.330669073875E-16));
#2603 = DIRECTION('',(-0.957826285221,-9.570607158983E-17,0.287347885566
    ));
#2604 = ADVANCED_FACE('',(#2605),#2616,.F.);
#2605 = FACE_BOUND('',#2606,.F.);
#2606 = EDGE_LOOP('',(#2607,#2608,#2609,#2610));
#2607 = ORIENTED_EDGE('',*,*,#1401,.F.);
#2608 = ORIENTED_EDGE('',*,*,#2576,.T.);
#2609 = ORIENTED_EDGE('',*,*,#1551,.T.);
#2610 = ORIENTED_EDGE('',*,*,#2611,.F.);
#2611 = EDGE_CURVE('',#1393,#1543,#2612,.T.);
#2612 = LINE('',#2613,#2614);
#2613 = CARTESIAN_POINT('',(-0.15,-4.85,1.21));
#2614 = VECTOR('',#2615,1.);
#2615 = DIRECTION('',(0.,1.,3.330669073875E-16));
#2616 = PLANE('',#2617);
#2617 = AXIS2_PLACEMENT_3D('',#2618,#2619,#2620);
#2618 = CARTESIAN_POINT('',(-0.15,-4.85,-0.5));
#2619 = DIRECTION('',(1.,0.,0.));
#2620 = DIRECTION('',(0.,-5.551115123126E-16,1.));
#2621 = ADVANCED_FACE('',(#2622),#2633,.T.);
#2622 = FACE_BOUND('',#2623,.T.);
#2623 = EDGE_LOOP('',(#2624,#2625,#2626,#2627));
#2624 = ORIENTED_EDGE('',*,*,#1293,.F.);
#2625 = ORIENTED_EDGE('',*,*,#2593,.T.);
#2626 = ORIENTED_EDGE('',*,*,#1443,.T.);
#2627 = ORIENTED_EDGE('',*,*,#2628,.F.);
#2628 = EDGE_CURVE('',#1294,#1444,#2629,.T.);
#2629 = LINE('',#2630,#2631);
#2630 = CARTESIAN_POINT('',(-0.162230377286,-4.85,-2.459232075714));
#2631 = VECTOR('',#2632,1.);
#2632 = DIRECTION('',(0.,1.,3.330669073875E-16));
#2633 = PLANE('',#2634);
#2634 = AXIS2_PLACEMENT_3D('',#2635,#2636,#2637);
#2635 = CARTESIAN_POINT('',(-0.45,-4.85,-1.5));
#2636 = DIRECTION('',(-0.957826285221,9.570607158995E-17,-0.287347885566
    ));
#2637 = DIRECTION('',(0.287347885566,5.31700397722E-16,-0.957826285221)
  );
#2638 = ADVANCED_FACE('',(#2639),#2645,.T.);
#2639 = FACE_BOUND('',#2640,.T.);
#2640 = EDGE_LOOP('',(#2641,#2642,#2643,#2644));
#2641 = ORIENTED_EDGE('',*,*,#1392,.T.);
#2642 = ORIENTED_EDGE('',*,*,#1575,.T.);
#2643 = ORIENTED_EDGE('',*,*,#1542,.F.);
#2644 = ORIENTED_EDGE('',*,*,#2611,.F.);
#2645 = CYLINDRICAL_SURFACE('',#2646,0.29);
#2646 = AXIS2_PLACEMENT_3D('',#2647,#2648,#2649);
#2647 = CARTESIAN_POINT('',(0.14,-4.85,1.21));
#2648 = DIRECTION('',(0.,1.,3.330669073875E-16));
#2649 = DIRECTION('',(-1.,0.,0.));
#2650 = ADVANCED_FACE('',(#2651),#2662,.F.);
#2651 = FACE_BOUND('',#2652,.F.);
#2652 = EDGE_LOOP('',(#2653,#2659,#2660,#2661));
#2653 = ORIENTED_EDGE('',*,*,#2654,.T.);
#2654 = EDGE_CURVE('',#1302,#1452,#2655,.T.);
#2655 = LINE('',#2656,#2657);
#2656 = CARTESIAN_POINT('',(-0.15,-4.85,-2.542562962528));
#2657 = VECTOR('',#2658,1.);
#2658 = DIRECTION('',(0.,1.,3.330669073875E-16));
#2659 = ORIENTED_EDGE('',*,*,#1451,.T.);
#2660 = ORIENTED_EDGE('',*,*,#2628,.F.);
#2661 = ORIENTED_EDGE('',*,*,#1301,.F.);
#2662 = CYLINDRICAL_SURFACE('',#2663,0.29);
#2663 = AXIS2_PLACEMENT_3D('',#2664,#2665,#2666);
#2664 = CARTESIAN_POINT('',(-0.44,-4.85,-2.542562962528));
#2665 = DIRECTION('',(0.,1.,3.330669073875E-16));
#2666 = DIRECTION('',(1.,0.,-0.));
#2667 = ADVANCED_FACE('',(#2668),#2679,.F.);
#2668 = FACE_BOUND('',#2669,.F.);
#2669 = EDGE_LOOP('',(#2670,#2671,#2677,#2678));
#2670 = ORIENTED_EDGE('',*,*,#1310,.F.);
#2671 = ORIENTED_EDGE('',*,*,#2672,.T.);
#2672 = EDGE_CURVE('',#1311,#1461,#2673,.T.);
#2673 = LINE('',#2674,#2675);
#2674 = CARTESIAN_POINT('',(-0.15,-4.85,-3.5));
#2675 = VECTOR('',#2676,1.);
#2676 = DIRECTION('',(0.,1.,3.330669073875E-16));
#2677 = ORIENTED_EDGE('',*,*,#1460,.T.);
#2678 = ORIENTED_EDGE('',*,*,#2654,.F.);
#2679 = PLANE('',#2680);
#2680 = AXIS2_PLACEMENT_3D('',#2681,#2682,#2683);
#2681 = CARTESIAN_POINT('',(-0.15,-4.85,-3.5));
#2682 = DIRECTION('',(1.,0.,0.));
#2683 = DIRECTION('',(0.,-5.551115123126E-16,1.));
#2684 = ADVANCED_FACE('',(#2685),#2696,.F.);
#2685 = FACE_BOUND('',#2686,.F.);
#2686 = EDGE_LOOP('',(#2687,#2693,#2694,#2695));
#2687 = ORIENTED_EDGE('',*,*,#2688,.T.);
#2688 = EDGE_CURVE('',#1319,#1469,#2689,.T.);
#2689 = LINE('',#2690,#2691);
#2690 = CARTESIAN_POINT('',(0.15,-4.85,-3.5));
#2691 = VECTOR('',#2692,1.);
#2692 = DIRECTION('',(0.,1.,3.330669073875E-16));
#2693 = ORIENTED_EDGE('',*,*,#1468,.T.);
#2694 = ORIENTED_EDGE('',*,*,#2672,.F.);
#2695 = ORIENTED_EDGE('',*,*,#1318,.F.);
#2696 = PLANE('',#2697);
#2697 = AXIS2_PLACEMENT_3D('',#2698,#2699,#2700);
#2698 = CARTESIAN_POINT('',(0.15,-4.85,-3.5));
#2699 = DIRECTION('',(0.,-3.330669073875E-16,1.));
#2700 = DIRECTION('',(-1.,0.,0.));
#2701 = ADVANCED_FACE('',(#2702),#2713,.F.);
#2702 = FACE_BOUND('',#2703,.F.);
#2703 = EDGE_LOOP('',(#2704,#2705,#2711,#2712));
#2704 = ORIENTED_EDGE('',*,*,#1326,.F.);
#2705 = ORIENTED_EDGE('',*,*,#2706,.T.);
#2706 = EDGE_CURVE('',#1327,#1477,#2707,.T.);
#2707 = LINE('',#2708,#2709);
#2708 = CARTESIAN_POINT('',(0.15,-4.85,-2.542562962528));
#2709 = VECTOR('',#2710,1.);
#2710 = DIRECTION('',(0.,1.,3.330669073875E-16));
#2711 = ORIENTED_EDGE('',*,*,#1476,.T.);
#2712 = ORIENTED_EDGE('',*,*,#2688,.F.);
#2713 = PLANE('',#2714);
#2714 = AXIS2_PLACEMENT_3D('',#2715,#2716,#2717);
#2715 = CARTESIAN_POINT('',(0.15,-4.85,-2.5));
#2716 = DIRECTION('',(-1.,0.,-0.));
#2717 = DIRECTION('',(0.,5.551115123126E-16,-1.));
#2718 = ADVANCED_FACE('',(#2719),#2730,.T.);
#2719 = FACE_BOUND('',#2720,.T.);
#2720 = EDGE_LOOP('',(#2721,#2722,#2728,#2729));
#2721 = ORIENTED_EDGE('',*,*,#1368,.T.);
#2722 = ORIENTED_EDGE('',*,*,#2723,.T.);
#2723 = EDGE_CURVE('',#1361,#1511,#2724,.T.);
#2724 = LINE('',#2725,#2726);
#2725 = CARTESIAN_POINT('',(0.137769622714,-4.85,-0.540767924286));
#2726 = VECTOR('',#2727,1.);
#2727 = DIRECTION('',(0.,1.,3.330669073875E-16));
#2728 = ORIENTED_EDGE('',*,*,#1518,.F.);
#2729 = ORIENTED_EDGE('',*,*,#2237,.F.);
#2730 = CYLINDRICAL_SURFACE('',#2731,0.29);
#2731 = AXIS2_PLACEMENT_3D('',#2732,#2733,#2734);
#2732 = CARTESIAN_POINT('',(-0.14,-4.85,-0.457437037472));
#2733 = DIRECTION('',(0.,1.,3.330669073875E-16));
#2734 = DIRECTION('',(1.,0.,-0.));
#2735 = ADVANCED_FACE('',(#2736),#2747,.T.);
#2736 = FACE_BOUND('',#2737,.T.);
#2737 = EDGE_LOOP('',(#2738,#2739,#2740,#2741));
#2738 = ORIENTED_EDGE('',*,*,#1334,.T.);
#2739 = ORIENTED_EDGE('',*,*,#2706,.T.);
#2740 = ORIENTED_EDGE('',*,*,#1484,.F.);
#2741 = ORIENTED_EDGE('',*,*,#2742,.F.);
#2742 = EDGE_CURVE('',#1335,#1485,#2743,.T.);
#2743 = LINE('',#2744,#2745);
#2744 = CARTESIAN_POINT('',(0.137769622714,-4.85,-2.459232075714));
#2745 = VECTOR('',#2746,1.);
#2746 = DIRECTION('',(0.,1.,3.330669073875E-16));
#2747 = CYLINDRICAL_SURFACE('',#2748,0.29);
#2748 = AXIS2_PLACEMENT_3D('',#2749,#2750,#2751);
#2749 = CARTESIAN_POINT('',(-0.14,-4.85,-2.542562962528));
#2750 = DIRECTION('',(0.,1.,3.330669073875E-16));
#2751 = DIRECTION('',(0.957826285221,-9.570607158983E-17,0.287347885566)
  );
#2752 = ADVANCED_FACE('',(#2753),#2764,.T.);
#2753 = FACE_BOUND('',#2754,.T.);
#2754 = EDGE_LOOP('',(#2755,#2756,#2762,#2763));
#2755 = ORIENTED_EDGE('',*,*,#1360,.F.);
#2756 = ORIENTED_EDGE('',*,*,#2757,.T.);
#2757 = EDGE_CURVE('',#1352,#1502,#2758,.T.);
#2758 = LINE('',#2759,#2760);
#2759 = CARTESIAN_POINT('',(-0.125000733956,-4.85,-1.416669113186));
#2760 = VECTOR('',#2761,1.);
#2761 = DIRECTION('',(0.,1.,3.330669073875E-16));
#2762 = ORIENTED_EDGE('',*,*,#1510,.T.);
#2763 = ORIENTED_EDGE('',*,*,#2723,.F.);
#2764 = PLANE('',#2765);
#2765 = AXIS2_PLACEMENT_3D('',#2766,#2767,#2768);
#2766 = CARTESIAN_POINT('',(-0.15,-4.85,-1.5));
#2767 = DIRECTION('',(0.957826285221,9.570607158995E-17,-0.287347885566)
  );
#2768 = DIRECTION('',(0.287347885566,-5.31700397722E-16,0.957826285221)
  );
#2769 = ADVANCED_FACE('',(#2770),#2781,.T.);
#2770 = FACE_BOUND('',#2771,.T.);
#2771 = EDGE_LOOP('',(#2772,#2773,#2774,#2775));
#2772 = ORIENTED_EDGE('',*,*,#1343,.F.);
#2773 = ORIENTED_EDGE('',*,*,#2742,.T.);
#2774 = ORIENTED_EDGE('',*,*,#1493,.T.);
#2775 = ORIENTED_EDGE('',*,*,#2776,.F.);
#2776 = EDGE_CURVE('',#1344,#1494,#2777,.T.);
#2777 = LINE('',#2778,#2779);
#2778 = CARTESIAN_POINT('',(-0.125000733956,-4.85,-1.583330886814));
#2779 = VECTOR('',#2780,1.);
#2780 = DIRECTION('',(0.,1.,3.330669073875E-16));
#2781 = PLANE('',#2782);
#2782 = AXIS2_PLACEMENT_3D('',#2783,#2784,#2785);
#2783 = CARTESIAN_POINT('',(0.15,-4.85,-2.5));
#2784 = DIRECTION('',(0.957826285221,-9.570607158995E-17,0.287347885566)
  );
#2785 = DIRECTION('',(-0.287347885566,-5.31700397722E-16,0.957826285221)
  );
#2786 = ADVANCED_FACE('',(#2787),#2793,.F.);
#2787 = FACE_BOUND('',#2788,.F.);
#2788 = EDGE_LOOP('',(#2789,#2790,#2791,#2792));
#2789 = ORIENTED_EDGE('',*,*,#2757,.T.);
#2790 = ORIENTED_EDGE('',*,*,#1501,.T.);
#2791 = ORIENTED_EDGE('',*,*,#2776,.F.);
#2792 = ORIENTED_EDGE('',*,*,#1351,.F.);
#2793 = CYLINDRICAL_SURFACE('',#2794,0.29);
#2794 = AXIS2_PLACEMENT_3D('',#2795,#2796,#2797);
#2795 = CARTESIAN_POINT('',(0.152768888758,-4.85,-1.5));
#2796 = DIRECTION('',(0.,1.,3.330669073875E-16));
#2797 = DIRECTION('',(-0.957826285221,-9.570607158983E-17,0.287347885566
    ));
#2798 = ADVANCED_FACE('',(#2799),#2815,.F.);
#2799 = FACE_BOUND('',#2800,.F.);
#2800 = EDGE_LOOP('',(#2801,#2802,#2808,#2809));
#2801 = ORIENTED_EDGE('',*,*,#1591,.F.);
#2802 = ORIENTED_EDGE('',*,*,#2803,.T.);
#2803 = EDGE_CURVE('',#1592,#1766,#2804,.T.);
#2804 = LINE('',#2805,#2806);
#2805 = CARTESIAN_POINT('',(6.462230377286,-4.85,-0.540767924286));
#2806 = VECTOR('',#2807,1.);
#2807 = DIRECTION('',(0.,1.,3.330669073875E-16));
#2808 = ORIENTED_EDGE('',*,*,#1765,.T.);
#2809 = ORIENTED_EDGE('',*,*,#2810,.F.);
#2810 = EDGE_CURVE('',#1594,#1768,#2811,.T.);
#2811 = LINE('',#2812,#2813);
#2812 = CARTESIAN_POINT('',(6.725000733956,-4.85,-1.416669113186));
#2813 = VECTOR('',#2814,1.);
#2814 = DIRECTION('',(0.,1.,3.330669073875E-16));
#2815 = PLANE('',#2816);
#2816 = AXIS2_PLACEMENT_3D('',#2817,#2818,#2819);
#2817 = CARTESIAN_POINT('',(6.45,-4.85,-0.5));
#2818 = DIRECTION('',(-0.957826285221,9.570607158995E-17,-0.287347885566
    ));
#2819 = DIRECTION('',(0.287347885566,5.31700397722E-16,-0.957826285221)
  );
#2820 = ADVANCED_FACE('',(#2821),#2832,.F.);
#2821 = FACE_BOUND('',#2822,.F.);
#2822 = EDGE_LOOP('',(#2823,#2824,#2830,#2831));
#2823 = ORIENTED_EDGE('',*,*,#1726,.T.);
#2824 = ORIENTED_EDGE('',*,*,#2825,.T.);
#2825 = EDGE_CURVE('',#1719,#1886,#2826,.T.);
#2826 = LINE('',#2827,#2828);
#2827 = CARTESIAN_POINT('',(6.45,-4.85,-0.457437037472));
#2828 = VECTOR('',#2829,1.);
#2829 = DIRECTION('',(0.,1.,3.330669073875E-16));
#2830 = ORIENTED_EDGE('',*,*,#1893,.F.);
#2831 = ORIENTED_EDGE('',*,*,#2803,.F.);
#2832 = CYLINDRICAL_SURFACE('',#2833,0.29);
#2833 = AXIS2_PLACEMENT_3D('',#2834,#2835,#2836);
#2834 = CARTESIAN_POINT('',(6.74,-4.85,-0.457437037472));
#2835 = DIRECTION('',(0.,1.,3.330669073875E-16));
#2836 = DIRECTION('',(-0.957826285221,9.570607158983E-17,-0.287347885566
    ));
#2837 = ADVANCED_FACE('',(#2838),#2849,.T.);
#2838 = FACE_BOUND('',#2839,.T.);
#2839 = EDGE_LOOP('',(#2840,#2841,#2847,#2848));
#2840 = ORIENTED_EDGE('',*,*,#1601,.T.);
#2841 = ORIENTED_EDGE('',*,*,#2842,.T.);
#2842 = EDGE_CURVE('',#1602,#1776,#2843,.T.);
#2843 = LINE('',#2844,#2845);
#2844 = CARTESIAN_POINT('',(6.725000733956,-4.85,-1.583330886814));
#2845 = VECTOR('',#2846,1.);
#2846 = DIRECTION('',(0.,1.,3.330669073875E-16));
#2847 = ORIENTED_EDGE('',*,*,#1775,.F.);
#2848 = ORIENTED_EDGE('',*,*,#2810,.F.);
#2849 = CYLINDRICAL_SURFACE('',#2850,0.29);
#2850 = AXIS2_PLACEMENT_3D('',#2851,#2852,#2853);
#2851 = CARTESIAN_POINT('',(6.447231111242,-4.85,-1.5));
#2852 = DIRECTION('',(0.,1.,3.330669073875E-16));
#2853 = DIRECTION('',(0.957826285221,-9.570607158983E-17,0.287347885566)
  );
#2854 = ADVANCED_FACE('',(#2855),#2866,.T.);
#2855 = FACE_BOUND('',#2856,.T.);
#2856 = EDGE_LOOP('',(#2857,#2858,#2859,#2860));
#2857 = ORIENTED_EDGE('',*,*,#1718,.F.);
#2858 = ORIENTED_EDGE('',*,*,#2825,.T.);
#2859 = ORIENTED_EDGE('',*,*,#1885,.T.);
#2860 = ORIENTED_EDGE('',*,*,#2861,.F.);
#2861 = EDGE_CURVE('',#1710,#1877,#2862,.T.);
#2862 = LINE('',#2863,#2864);
#2863 = CARTESIAN_POINT('',(6.45,-4.85,1.21));
#2864 = VECTOR('',#2865,1.);
#2865 = DIRECTION('',(0.,1.,3.330669073875E-16));
#2866 = PLANE('',#2867);
#2867 = AXIS2_PLACEMENT_3D('',#2868,#2869,#2870);
#2868 = CARTESIAN_POINT('',(6.45,-4.85,-0.5));
#2869 = DIRECTION('',(1.,0.,0.));
#2870 = DIRECTION('',(0.,-5.551115123126E-16,1.));
#2871 = ADVANCED_FACE('',(#2872),#2883,.F.);
#2872 = FACE_BOUND('',#2873,.F.);
#2873 = EDGE_LOOP('',(#2874,#2875,#2876,#2877));
#2874 = ORIENTED_EDGE('',*,*,#1610,.F.);
#2875 = ORIENTED_EDGE('',*,*,#2842,.T.);
#2876 = ORIENTED_EDGE('',*,*,#1784,.T.);
#2877 = ORIENTED_EDGE('',*,*,#2878,.F.);
#2878 = EDGE_CURVE('',#1611,#1785,#2879,.T.);
#2879 = LINE('',#2880,#2881);
#2880 = CARTESIAN_POINT('',(6.462230377286,-4.85,-2.459232075714));
#2881 = VECTOR('',#2882,1.);
#2882 = DIRECTION('',(0.,1.,3.330669073875E-16));
#2883 = PLANE('',#2884);
#2884 = AXIS2_PLACEMENT_3D('',#2885,#2886,#2887);
#2885 = CARTESIAN_POINT('',(6.75,-4.85,-1.5));
#2886 = DIRECTION('',(-0.957826285221,-9.570607158995E-17,0.287347885566
    ));
#2887 = DIRECTION('',(-0.287347885566,5.31700397722E-16,-0.957826285221)
  );
#2888 = ADVANCED_FACE('',(#2889),#2895,.T.);
#2889 = FACE_BOUND('',#2890,.T.);
#2890 = EDGE_LOOP('',(#2891,#2892,#2893,#2894));
#2891 = ORIENTED_EDGE('',*,*,#2861,.T.);
#2892 = ORIENTED_EDGE('',*,*,#1876,.T.);
#2893 = ORIENTED_EDGE('',*,*,#1742,.F.);
#2894 = ORIENTED_EDGE('',*,*,#1709,.F.);
#2895 = CYLINDRICAL_SURFACE('',#2896,0.29);
#2896 = AXIS2_PLACEMENT_3D('',#2897,#2898,#2899);
#2897 = CARTESIAN_POINT('',(6.16,-4.85,1.21));
#2898 = DIRECTION('',(0.,1.,3.330669073875E-16));
#2899 = DIRECTION('',(1.,0.,-0.));
#2900 = ADVANCED_FACE('',(#2901),#2912,.F.);
#2901 = FACE_BOUND('',#2902,.F.);
#2902 = EDGE_LOOP('',(#2903,#2904,#2905,#2906));
#2903 = ORIENTED_EDGE('',*,*,#1618,.T.);
#2904 = ORIENTED_EDGE('',*,*,#2878,.T.);
#2905 = ORIENTED_EDGE('',*,*,#1792,.F.);
#2906 = ORIENTED_EDGE('',*,*,#2907,.F.);
#2907 = EDGE_CURVE('',#1619,#1793,#2908,.T.);
#2908 = LINE('',#2909,#2910);
#2909 = CARTESIAN_POINT('',(6.45,-4.85,-2.542562962528));
#2910 = VECTOR('',#2911,1.);
#2911 = DIRECTION('',(0.,1.,3.330669073875E-16));
#2912 = CYLINDRICAL_SURFACE('',#2913,0.29);
#2913 = AXIS2_PLACEMENT_3D('',#2914,#2915,#2916);
#2914 = CARTESIAN_POINT('',(6.74,-4.85,-2.542562962528));
#2915 = DIRECTION('',(0.,1.,3.330669073875E-16));
#2916 = DIRECTION('',(-1.,0.,0.));
#2917 = ADVANCED_FACE('',(#2918),#2929,.T.);
#2918 = FACE_BOUND('',#2919,.T.);
#2919 = EDGE_LOOP('',(#2920,#2921,#2927,#2928));
#2920 = ORIENTED_EDGE('',*,*,#1627,.F.);
#2921 = ORIENTED_EDGE('',*,*,#2922,.T.);
#2922 = EDGE_CURVE('',#1628,#1802,#2923,.T.);
#2923 = LINE('',#2924,#2925);
#2924 = CARTESIAN_POINT('',(6.45,-4.85,-3.5));
#2925 = VECTOR('',#2926,1.);
#2926 = DIRECTION('',(0.,1.,3.330669073875E-16));
#2927 = ORIENTED_EDGE('',*,*,#1801,.T.);
#2928 = ORIENTED_EDGE('',*,*,#2907,.F.);
#2929 = PLANE('',#2930);
#2930 = AXIS2_PLACEMENT_3D('',#2931,#2932,#2933);
#2931 = CARTESIAN_POINT('',(6.45,-4.85,-3.5));
#2932 = DIRECTION('',(1.,0.,0.));
#2933 = DIRECTION('',(0.,-5.551115123126E-16,1.));
#2934 = ADVANCED_FACE('',(#2935),#2946,.T.);
#2935 = FACE_BOUND('',#2936,.T.);
#2936 = EDGE_LOOP('',(#2937,#2943,#2944,#2945));
#2937 = ORIENTED_EDGE('',*,*,#2938,.T.);
#2938 = EDGE_CURVE('',#1636,#1810,#2939,.T.);
#2939 = LINE('',#2940,#2941);
#2940 = CARTESIAN_POINT('',(6.15,-4.85,-3.5));
#2941 = VECTOR('',#2942,1.);
#2942 = DIRECTION('',(0.,1.,3.330669073875E-16));
#2943 = ORIENTED_EDGE('',*,*,#1809,.T.);
#2944 = ORIENTED_EDGE('',*,*,#2922,.F.);
#2945 = ORIENTED_EDGE('',*,*,#1635,.F.);
#2946 = PLANE('',#2947);
#2947 = AXIS2_PLACEMENT_3D('',#2948,#2949,#2950);
#2948 = CARTESIAN_POINT('',(6.15,-4.85,-3.5));
#2949 = DIRECTION('',(0.,3.330669073875E-16,-1.));
#2950 = DIRECTION('',(1.,0.,0.));
#2951 = ADVANCED_FACE('',(#2952),#2963,.T.);
#2952 = FACE_BOUND('',#2953,.T.);
#2953 = EDGE_LOOP('',(#2954,#2955,#2961,#2962));
#2954 = ORIENTED_EDGE('',*,*,#1643,.F.);
#2955 = ORIENTED_EDGE('',*,*,#2956,.T.);
#2956 = EDGE_CURVE('',#1644,#1818,#2957,.T.);
#2957 = LINE('',#2958,#2959);
#2958 = CARTESIAN_POINT('',(6.15,-4.85,-2.542562962528));
#2959 = VECTOR('',#2960,1.);
#2960 = DIRECTION('',(0.,1.,3.330669073875E-16));
#2961 = ORIENTED_EDGE('',*,*,#1817,.T.);
#2962 = ORIENTED_EDGE('',*,*,#2938,.F.);
#2963 = PLANE('',#2964);
#2964 = AXIS2_PLACEMENT_3D('',#2965,#2966,#2967);
#2965 = CARTESIAN_POINT('',(6.15,-4.85,-2.5));
#2966 = DIRECTION('',(-1.,0.,-0.));
#2967 = DIRECTION('',(0.,5.551115123126E-16,-1.));
#2968 = ADVANCED_FACE('',(#2969),#2980,.T.);
#2969 = FACE_BOUND('',#2970,.T.);
#2970 = EDGE_LOOP('',(#2971,#2972,#2973,#2979));
#2971 = ORIENTED_EDGE('',*,*,#2254,.T.);
#2972 = ORIENTED_EDGE('',*,*,#1859,.T.);
#2973 = ORIENTED_EDGE('',*,*,#2974,.F.);
#2974 = EDGE_CURVE('',#1678,#1852,#2975,.T.);
#2975 = LINE('',#2976,#2977);
#2976 = CARTESIAN_POINT('',(6.162230377286,-4.85,-0.540767924286));
#2977 = VECTOR('',#2978,1.);
#2978 = DIRECTION('',(0.,1.,3.330669073875E-16));
#2979 = ORIENTED_EDGE('',*,*,#1685,.F.);
#2980 = CYLINDRICAL_SURFACE('',#2981,0.29);
#2981 = AXIS2_PLACEMENT_3D('',#2982,#2983,#2984);
#2982 = CARTESIAN_POINT('',(6.44,-4.85,-0.457437037472));
#2983 = DIRECTION('',(0.,1.,3.330669073875E-16));
#2984 = DIRECTION('',(-1.,0.,0.));
#2985 = ADVANCED_FACE('',(#2986),#2997,.T.);
#2986 = FACE_BOUND('',#2987,.T.);
#2987 = EDGE_LOOP('',(#2988,#2994,#2995,#2996));
#2988 = ORIENTED_EDGE('',*,*,#2989,.T.);
#2989 = EDGE_CURVE('',#1652,#1826,#2990,.T.);
#2990 = LINE('',#2991,#2992);
#2991 = CARTESIAN_POINT('',(6.162230377286,-4.85,-2.459232075714));
#2992 = VECTOR('',#2993,1.);
#2993 = DIRECTION('',(0.,1.,3.330669073875E-16));
#2994 = ORIENTED_EDGE('',*,*,#1825,.T.);
#2995 = ORIENTED_EDGE('',*,*,#2956,.F.);
#2996 = ORIENTED_EDGE('',*,*,#1651,.F.);
#2997 = CYLINDRICAL_SURFACE('',#2998,0.29);
#2998 = AXIS2_PLACEMENT_3D('',#2999,#3000,#3001);
#2999 = CARTESIAN_POINT('',(6.44,-4.85,-2.542562962528));
#3000 = DIRECTION('',(0.,1.,3.330669073875E-16));
#3001 = DIRECTION('',(-0.957826285221,-9.570607158983E-17,0.287347885566
    ));
#3002 = ADVANCED_FACE('',(#3003),#3014,.F.);
#3003 = FACE_BOUND('',#3004,.F.);
#3004 = EDGE_LOOP('',(#3005,#3006,#3012,#3013));
#3005 = ORIENTED_EDGE('',*,*,#1677,.F.);
#3006 = ORIENTED_EDGE('',*,*,#3007,.T.);
#3007 = EDGE_CURVE('',#1669,#1843,#3008,.T.);
#3008 = LINE('',#3009,#3010);
#3009 = CARTESIAN_POINT('',(6.425000733956,-4.85,-1.416669113186));
#3010 = VECTOR('',#3011,1.);
#3011 = DIRECTION('',(0.,1.,3.330669073875E-16));
#3012 = ORIENTED_EDGE('',*,*,#1851,.T.);
#3013 = ORIENTED_EDGE('',*,*,#2974,.F.);
#3014 = PLANE('',#3015);
#3015 = AXIS2_PLACEMENT_3D('',#3016,#3017,#3018);
#3016 = CARTESIAN_POINT('',(6.45,-4.85,-1.5));
#3017 = DIRECTION('',(0.957826285221,-9.570607158995E-17,0.287347885566)
  );
#3018 = DIRECTION('',(-0.287347885566,-5.31700397722E-16,0.957826285221)
  );
#3019 = ADVANCED_FACE('',(#3020),#3031,.F.);
#3020 = FACE_BOUND('',#3021,.F.);
#3021 = EDGE_LOOP('',(#3022,#3023,#3024,#3025));
#3022 = ORIENTED_EDGE('',*,*,#1660,.F.);
#3023 = ORIENTED_EDGE('',*,*,#2989,.T.);
#3024 = ORIENTED_EDGE('',*,*,#1834,.T.);
#3025 = ORIENTED_EDGE('',*,*,#3026,.F.);
#3026 = EDGE_CURVE('',#1661,#1835,#3027,.T.);
#3027 = LINE('',#3028,#3029);
#3028 = CARTESIAN_POINT('',(6.425000733956,-4.85,-1.583330886814));
#3029 = VECTOR('',#3030,1.);
#3030 = DIRECTION('',(0.,1.,3.330669073875E-16));
#3031 = PLANE('',#3032);
#3032 = AXIS2_PLACEMENT_3D('',#3033,#3034,#3035);
#3033 = CARTESIAN_POINT('',(6.15,-4.85,-2.5));
#3034 = DIRECTION('',(0.957826285221,9.570607158995E-17,-0.287347885566)
  );
#3035 = DIRECTION('',(0.287347885566,-5.31700397722E-16,0.957826285221)
  );
#3036 = ADVANCED_FACE('',(#3037),#3043,.F.);
#3037 = FACE_BOUND('',#3038,.F.);
#3038 = EDGE_LOOP('',(#3039,#3040,#3041,#3042));
#3039 = ORIENTED_EDGE('',*,*,#1668,.T.);
#3040 = ORIENTED_EDGE('',*,*,#3026,.T.);
#3041 = ORIENTED_EDGE('',*,*,#1842,.F.);
#3042 = ORIENTED_EDGE('',*,*,#3007,.F.);
#3043 = CYLINDRICAL_SURFACE('',#3044,0.29);
#3044 = AXIS2_PLACEMENT_3D('',#3045,#3046,#3047);
#3045 = CARTESIAN_POINT('',(6.147231111242,-4.85,-1.5));
#3046 = DIRECTION('',(0.,1.,3.330669073875E-16));
#3047 = DIRECTION('',(0.957826285221,-9.570607158983E-17,0.287347885566)
  );
#3048 = ADVANCED_FACE('',(#3049),#3065,.F.);
#3049 = FACE_BOUND('',#3050,.F.);
#3050 = EDGE_LOOP('',(#3051,#3052,#3058,#3059));
#3051 = ORIENTED_EDGE('',*,*,#2058,.F.);
#3052 = ORIENTED_EDGE('',*,*,#3053,.T.);
#3053 = EDGE_CURVE('',#2059,#1909,#3054,.T.);
#3054 = LINE('',#3055,#3056);
#3055 = CARTESIAN_POINT('',(6.462230377286,-0.35,-0.540767924286));
#3056 = VECTOR('',#3057,1.);
#3057 = DIRECTION('',(0.,1.,3.330669073875E-16));
#3058 = ORIENTED_EDGE('',*,*,#1908,.T.);
#3059 = ORIENTED_EDGE('',*,*,#3060,.F.);
#3060 = EDGE_CURVE('',#2061,#1911,#3061,.T.);
#3061 = LINE('',#3062,#3063);
#3062 = CARTESIAN_POINT('',(6.725000733956,-0.35,-1.416669113186));
#3063 = VECTOR('',#3064,1.);
#3064 = DIRECTION('',(0.,1.,3.330669073875E-16));
#3065 = PLANE('',#3066);
#3066 = AXIS2_PLACEMENT_3D('',#3067,#3068,#3069);
#3067 = CARTESIAN_POINT('',(6.45,-0.35,-0.5));
#3068 = DIRECTION('',(-0.957826285221,9.570607158995E-17,-0.287347885566
    ));
#3069 = DIRECTION('',(0.287347885566,5.31700397722E-16,-0.957826285221)
  );
#3070 = ADVANCED_FACE('',(#3071),#3082,.F.);
#3071 = FACE_BOUND('',#3072,.F.);
#3072 = EDGE_LOOP('',(#3073,#3074,#3080,#3081));
#3073 = ORIENTED_EDGE('',*,*,#2193,.T.);
#3074 = ORIENTED_EDGE('',*,*,#3075,.T.);
#3075 = EDGE_CURVE('',#2186,#2036,#3076,.T.);
#3076 = LINE('',#3077,#3078);
#3077 = CARTESIAN_POINT('',(6.45,-0.35,-0.457437037472));
#3078 = VECTOR('',#3079,1.);
#3079 = DIRECTION('',(0.,1.,3.330669073875E-16));
#3080 = ORIENTED_EDGE('',*,*,#2043,.F.);
#3081 = ORIENTED_EDGE('',*,*,#3053,.F.);
#3082 = CYLINDRICAL_SURFACE('',#3083,0.29);
#3083 = AXIS2_PLACEMENT_3D('',#3084,#3085,#3086);
#3084 = CARTESIAN_POINT('',(6.74,-0.35,-0.457437037472));
#3085 = DIRECTION('',(0.,1.,3.330669073875E-16));
#3086 = DIRECTION('',(-0.957826285221,9.570607158983E-17,-0.287347885566
    ));
#3087 = ADVANCED_FACE('',(#3088),#3099,.T.);
#3088 = FACE_BOUND('',#3089,.T.);
#3089 = EDGE_LOOP('',(#3090,#3091,#3097,#3098));
#3090 = ORIENTED_EDGE('',*,*,#2068,.T.);
#3091 = ORIENTED_EDGE('',*,*,#3092,.T.);
#3092 = EDGE_CURVE('',#2069,#1919,#3093,.T.);
#3093 = LINE('',#3094,#3095);
#3094 = CARTESIAN_POINT('',(6.725000733956,-0.35,-1.583330886814));
#3095 = VECTOR('',#3096,1.);
#3096 = DIRECTION('',(0.,1.,3.330669073875E-16));
#3097 = ORIENTED_EDGE('',*,*,#1918,.F.);
#3098 = ORIENTED_EDGE('',*,*,#3060,.F.);
#3099 = CYLINDRICAL_SURFACE('',#3100,0.29);
#3100 = AXIS2_PLACEMENT_3D('',#3101,#3102,#3103);
#3101 = CARTESIAN_POINT('',(6.447231111242,-0.35,-1.5));
#3102 = DIRECTION('',(0.,1.,3.330669073875E-16));
#3103 = DIRECTION('',(0.957826285221,-9.570607158983E-17,0.287347885566)
  );
#3104 = ADVANCED_FACE('',(#3105),#3116,.T.);
#3105 = FACE_BOUND('',#3106,.T.);
#3106 = EDGE_LOOP('',(#3107,#3108,#3109,#3110));
#3107 = ORIENTED_EDGE('',*,*,#2185,.F.);
#3108 = ORIENTED_EDGE('',*,*,#3075,.T.);
#3109 = ORIENTED_EDGE('',*,*,#2035,.T.);
#3110 = ORIENTED_EDGE('',*,*,#3111,.F.);
#3111 = EDGE_CURVE('',#2177,#2027,#3112,.T.);
#3112 = LINE('',#3113,#3114);
#3113 = CARTESIAN_POINT('',(6.45,-0.35,1.21));
#3114 = VECTOR('',#3115,1.);
#3115 = DIRECTION('',(0.,1.,3.330669073875E-16));
#3116 = PLANE('',#3117);
#3117 = AXIS2_PLACEMENT_3D('',#3118,#3119,#3120);
#3118 = CARTESIAN_POINT('',(6.45,-0.35,-0.5));
#3119 = DIRECTION('',(1.,0.,0.));
#3120 = DIRECTION('',(0.,-5.551115123126E-16,1.));
#3121 = ADVANCED_FACE('',(#3122),#3133,.F.);
#3122 = FACE_BOUND('',#3123,.F.);
#3123 = EDGE_LOOP('',(#3124,#3125,#3126,#3127));
#3124 = ORIENTED_EDGE('',*,*,#2077,.F.);
#3125 = ORIENTED_EDGE('',*,*,#3092,.T.);
#3126 = ORIENTED_EDGE('',*,*,#1927,.T.);
#3127 = ORIENTED_EDGE('',*,*,#3128,.F.);
#3128 = EDGE_CURVE('',#2078,#1928,#3129,.T.);
#3129 = LINE('',#3130,#3131);
#3130 = CARTESIAN_POINT('',(6.462230377286,-0.35,-2.459232075714));
#3131 = VECTOR('',#3132,1.);
#3132 = DIRECTION('',(0.,1.,3.330669073875E-16));
#3133 = PLANE('',#3134);
#3134 = AXIS2_PLACEMENT_3D('',#3135,#3136,#3137);
#3135 = CARTESIAN_POINT('',(6.75,-0.35,-1.5));
#3136 = DIRECTION('',(-0.957826285221,-9.570607158995E-17,0.287347885566
    ));
#3137 = DIRECTION('',(-0.287347885566,5.31700397722E-16,-0.957826285221)
  );
#3138 = ADVANCED_FACE('',(#3139),#3145,.T.);
#3139 = FACE_BOUND('',#3140,.T.);
#3140 = EDGE_LOOP('',(#3141,#3142,#3143,#3144));
#3141 = ORIENTED_EDGE('',*,*,#3111,.T.);
#3142 = ORIENTED_EDGE('',*,*,#2026,.T.);
#3143 = ORIENTED_EDGE('',*,*,#2209,.F.);
#3144 = ORIENTED_EDGE('',*,*,#2176,.F.);
#3145 = CYLINDRICAL_SURFACE('',#3146,0.29);
#3146 = AXIS2_PLACEMENT_3D('',#3147,#3148,#3149);
#3147 = CARTESIAN_POINT('',(6.16,-0.35,1.21));
#3148 = DIRECTION('',(0.,1.,3.330669073875E-16));
#3149 = DIRECTION('',(1.,0.,-0.));
#3150 = ADVANCED_FACE('',(#3151),#3162,.F.);
#3151 = FACE_BOUND('',#3152,.F.);
#3152 = EDGE_LOOP('',(#3153,#3154,#3155,#3156));
#3153 = ORIENTED_EDGE('',*,*,#2085,.T.);
#3154 = ORIENTED_EDGE('',*,*,#3128,.T.);
#3155 = ORIENTED_EDGE('',*,*,#1935,.F.);
#3156 = ORIENTED_EDGE('',*,*,#3157,.F.);
#3157 = EDGE_CURVE('',#2086,#1936,#3158,.T.);
#3158 = LINE('',#3159,#3160);
#3159 = CARTESIAN_POINT('',(6.45,-0.35,-2.542562962528));
#3160 = VECTOR('',#3161,1.);
#3161 = DIRECTION('',(0.,1.,3.330669073875E-16));
#3162 = CYLINDRICAL_SURFACE('',#3163,0.29);
#3163 = AXIS2_PLACEMENT_3D('',#3164,#3165,#3166);
#3164 = CARTESIAN_POINT('',(6.74,-0.35,-2.542562962528));
#3165 = DIRECTION('',(0.,1.,3.330669073875E-16));
#3166 = DIRECTION('',(-1.,0.,0.));
#3167 = ADVANCED_FACE('',(#3168),#3179,.T.);
#3168 = FACE_BOUND('',#3169,.T.);
#3169 = EDGE_LOOP('',(#3170,#3171,#3177,#3178));
#3170 = ORIENTED_EDGE('',*,*,#2094,.F.);
#3171 = ORIENTED_EDGE('',*,*,#3172,.T.);
#3172 = EDGE_CURVE('',#2095,#1945,#3173,.T.);
#3173 = LINE('',#3174,#3175);
#3174 = CARTESIAN_POINT('',(6.45,-0.35,-3.5));
#3175 = VECTOR('',#3176,1.);
#3176 = DIRECTION('',(0.,1.,3.330669073875E-16));
#3177 = ORIENTED_EDGE('',*,*,#1944,.T.);
#3178 = ORIENTED_EDGE('',*,*,#3157,.F.);
#3179 = PLANE('',#3180);
#3180 = AXIS2_PLACEMENT_3D('',#3181,#3182,#3183);
#3181 = CARTESIAN_POINT('',(6.45,-0.35,-3.5));
#3182 = DIRECTION('',(1.,0.,0.));
#3183 = DIRECTION('',(0.,-5.551115123126E-16,1.));
#3184 = ADVANCED_FACE('',(#3185),#3196,.T.);
#3185 = FACE_BOUND('',#3186,.T.);
#3186 = EDGE_LOOP('',(#3187,#3193,#3194,#3195));
#3187 = ORIENTED_EDGE('',*,*,#3188,.T.);
#3188 = EDGE_CURVE('',#2103,#1953,#3189,.T.);
#3189 = LINE('',#3190,#3191);
#3190 = CARTESIAN_POINT('',(6.15,-0.35,-3.5));
#3191 = VECTOR('',#3192,1.);
#3192 = DIRECTION('',(0.,1.,3.330669073875E-16));
#3193 = ORIENTED_EDGE('',*,*,#1952,.T.);
#3194 = ORIENTED_EDGE('',*,*,#3172,.F.);
#3195 = ORIENTED_EDGE('',*,*,#2102,.F.);
#3196 = PLANE('',#3197);
#3197 = AXIS2_PLACEMENT_3D('',#3198,#3199,#3200);
#3198 = CARTESIAN_POINT('',(6.15,-0.35,-3.5));
#3199 = DIRECTION('',(0.,3.330669073875E-16,-1.));
#3200 = DIRECTION('',(1.,0.,0.));
#3201 = ADVANCED_FACE('',(#3202),#3213,.T.);
#3202 = FACE_BOUND('',#3203,.T.);
#3203 = EDGE_LOOP('',(#3204,#3205,#3211,#3212));
#3204 = ORIENTED_EDGE('',*,*,#2110,.F.);
#3205 = ORIENTED_EDGE('',*,*,#3206,.T.);
#3206 = EDGE_CURVE('',#2111,#1961,#3207,.T.);
#3207 = LINE('',#3208,#3209);
#3208 = CARTESIAN_POINT('',(6.15,-0.35,-2.542562962528));
#3209 = VECTOR('',#3210,1.);
#3210 = DIRECTION('',(0.,1.,3.330669073875E-16));
#3211 = ORIENTED_EDGE('',*,*,#1960,.T.);
#3212 = ORIENTED_EDGE('',*,*,#3188,.F.);
#3213 = PLANE('',#3214);
#3214 = AXIS2_PLACEMENT_3D('',#3215,#3216,#3217);
#3215 = CARTESIAN_POINT('',(6.15,-0.35,-2.5));
#3216 = DIRECTION('',(-1.,0.,-0.));
#3217 = DIRECTION('',(0.,5.551115123126E-16,-1.));
#3218 = ADVANCED_FACE('',(#3219),#3230,.T.);
#3219 = FACE_BOUND('',#3220,.T.);
#3220 = EDGE_LOOP('',(#3221,#3222,#3223,#3229));
#3221 = ORIENTED_EDGE('',*,*,#2288,.T.);
#3222 = ORIENTED_EDGE('',*,*,#2002,.T.);
#3223 = ORIENTED_EDGE('',*,*,#3224,.F.);
#3224 = EDGE_CURVE('',#2145,#1995,#3225,.T.);
#3225 = LINE('',#3226,#3227);
#3226 = CARTESIAN_POINT('',(6.162230377286,-0.35,-0.540767924286));
#3227 = VECTOR('',#3228,1.);
#3228 = DIRECTION('',(0.,1.,3.330669073875E-16));
#3229 = ORIENTED_EDGE('',*,*,#2152,.F.);
#3230 = CYLINDRICAL_SURFACE('',#3231,0.29);
#3231 = AXIS2_PLACEMENT_3D('',#3232,#3233,#3234);
#3232 = CARTESIAN_POINT('',(6.44,-0.35,-0.457437037472));
#3233 = DIRECTION('',(0.,1.,3.330669073875E-16));
#3234 = DIRECTION('',(-1.,0.,0.));
#3235 = ADVANCED_FACE('',(#3236),#3247,.T.);
#3236 = FACE_BOUND('',#3237,.T.);
#3237 = EDGE_LOOP('',(#3238,#3244,#3245,#3246));
#3238 = ORIENTED_EDGE('',*,*,#3239,.T.);
#3239 = EDGE_CURVE('',#2119,#1969,#3240,.T.);
#3240 = LINE('',#3241,#3242);
#3241 = CARTESIAN_POINT('',(6.162230377286,-0.35,-2.459232075714));
#3242 = VECTOR('',#3243,1.);
#3243 = DIRECTION('',(0.,1.,3.330669073875E-16));
#3244 = ORIENTED_EDGE('',*,*,#1968,.T.);
#3245 = ORIENTED_EDGE('',*,*,#3206,.F.);
#3246 = ORIENTED_EDGE('',*,*,#2118,.F.);
#3247 = CYLINDRICAL_SURFACE('',#3248,0.29);
#3248 = AXIS2_PLACEMENT_3D('',#3249,#3250,#3251);
#3249 = CARTESIAN_POINT('',(6.44,-0.35,-2.542562962528));
#3250 = DIRECTION('',(0.,1.,3.330669073875E-16));
#3251 = DIRECTION('',(-0.957826285221,-9.570607158983E-17,0.287347885566
    ));
#3252 = ADVANCED_FACE('',(#3253),#3264,.F.);
#3253 = FACE_BOUND('',#3254,.F.);
#3254 = EDGE_LOOP('',(#3255,#3256,#3262,#3263));
#3255 = ORIENTED_EDGE('',*,*,#2144,.F.);
#3256 = ORIENTED_EDGE('',*,*,#3257,.T.);
#3257 = EDGE_CURVE('',#2136,#1986,#3258,.T.);
#3258 = LINE('',#3259,#3260);
#3259 = CARTESIAN_POINT('',(6.425000733956,-0.35,-1.416669113186));
#3260 = VECTOR('',#3261,1.);
#3261 = DIRECTION('',(0.,1.,3.330669073875E-16));
#3262 = ORIENTED_EDGE('',*,*,#1994,.T.);
#3263 = ORIENTED_EDGE('',*,*,#3224,.F.);
#3264 = PLANE('',#3265);
#3265 = AXIS2_PLACEMENT_3D('',#3266,#3267,#3268);
#3266 = CARTESIAN_POINT('',(6.45,-0.35,-1.5));
#3267 = DIRECTION('',(0.957826285221,-9.570607158995E-17,0.287347885566)
  );
#3268 = DIRECTION('',(-0.287347885566,-5.31700397722E-16,0.957826285221)
  );
#3269 = ADVANCED_FACE('',(#3270),#3281,.F.);
#3270 = FACE_BOUND('',#3271,.F.);
#3271 = EDGE_LOOP('',(#3272,#3273,#3274,#3275));
#3272 = ORIENTED_EDGE('',*,*,#2127,.F.);
#3273 = ORIENTED_EDGE('',*,*,#3239,.T.);
#3274 = ORIENTED_EDGE('',*,*,#1977,.T.);
#3275 = ORIENTED_EDGE('',*,*,#3276,.F.);
#3276 = EDGE_CURVE('',#2128,#1978,#3277,.T.);
#3277 = LINE('',#3278,#3279);
#3278 = CARTESIAN_POINT('',(6.425000733956,-0.35,-1.583330886814));
#3279 = VECTOR('',#3280,1.);
#3280 = DIRECTION('',(0.,1.,3.330669073875E-16));
#3281 = PLANE('',#3282);
#3282 = AXIS2_PLACEMENT_3D('',#3283,#3284,#3285);
#3283 = CARTESIAN_POINT('',(6.15,-0.35,-2.5));
#3284 = DIRECTION('',(0.957826285221,9.570607158995E-17,-0.287347885566)
  );
#3285 = DIRECTION('',(0.287347885566,-5.31700397722E-16,0.957826285221)
  );
#3286 = ADVANCED_FACE('',(#3287),#3293,.F.);
#3287 = FACE_BOUND('',#3288,.F.);
#3288 = EDGE_LOOP('',(#3289,#3290,#3291,#3292));
#3289 = ORIENTED_EDGE('',*,*,#2135,.T.);
#3290 = ORIENTED_EDGE('',*,*,#3276,.T.);
#3291 = ORIENTED_EDGE('',*,*,#1985,.F.);
#3292 = ORIENTED_EDGE('',*,*,#3257,.F.);
#3293 = CYLINDRICAL_SURFACE('',#3294,0.29);
#3294 = AXIS2_PLACEMENT_3D('',#3295,#3296,#3297);
#3295 = CARTESIAN_POINT('',(6.147231111242,-0.35,-1.5));
#3296 = DIRECTION('',(0.,1.,3.330669073875E-16));
#3297 = DIRECTION('',(0.957826285221,-9.570607158983E-17,0.287347885566)
  );
#3298 = ( GEOMETRIC_REPRESENTATION_CONTEXT(3) 
GLOBAL_UNCERTAINTY_ASSIGNED_CONTEXT((#3302)) 
GLOBAL_UNIT_ASSIGNED_CONTEXT((#3299,#3300,#3301)) REPRESENTATION_CONTEXT
('Context #1','3D Context with UNIT and UNCERTAINTY') );
#3299 = ( LENGTH_UNIT() NAMED_UNIT(*) SI_UNIT(.MILLI.,.METRE.) );
#3300 = ( NAMED_UNIT(*) PLANE_ANGLE_UNIT() SI_UNIT($,.RADIAN.) );
#3301 = ( NAMED_UNIT(*) SI_UNIT($,.STERADIAN.) SOLID_ANGLE_UNIT() );
#3302 = UNCERTAINTY_MEASURE_WITH_UNIT(LENGTH_MEASURE(1.E-07),#3299,
  'distance_accuracy_value','confusion accuracy');
#3303 = CONTEXT_DEPENDENT_SHAPE_REPRESENTATION(#3304,#3306);
#3304 = ( REPRESENTATION_RELATIONSHIP('','',#68,#10) 
REPRESENTATION_RELATIONSHIP_WITH_TRANSFORMATION(#3305) 
SHAPE_REPRESENTATION_RELATIONSHIP() );
#3305 = ITEM_DEFINED_TRANSFORMATION('','',#11,#15);
#3306 = PRODUCT_DEFINITION_SHAPE('Placement','Placement of an item',
  #3307);
#3307 = NEXT_ASSEMBLY_USAGE_OCCURRENCE('1','SW1','',#5,#63,$);
#3308 = PRODUCT_RELATED_PRODUCT_CATEGORY('part',$,(#65));
#3309 = SHAPE_DEFINITION_REPRESENTATION(#3310,#3316);
#3310 = PRODUCT_DEFINITION_SHAPE('','',#3311);
#3311 = PRODUCT_DEFINITION('design','',#3312,#3315);
#3312 = PRODUCT_DEFINITION_FORMATION('','',#3313);
#3313 = PRODUCT('PinHeader_1x06_P2.54mm_Vertical',
  'PinHeader_1x06_P2.54mm_Vertical','',(#3314));
#3314 = PRODUCT_CONTEXT('',#2,'mechanical');
#3315 = PRODUCT_DEFINITION_CONTEXT('part definition',#2,'design');
#3316 = ADVANCED_BREP_SHAPE_REPRESENTATION('',(#11,#3317),#7445);
#3317 = MANIFOLD_SOLID_BREP('',#3318);
#3318 = CLOSED_SHELL('',(#3319,#3359,#3390,#3421,#3914,#4407,#4424,#4441
    ,#4458,#4475,#4492,#4509,#4526,#4543,#4560,#4577,#4594,#4611,#4628,
    #4645,#4662,#4679,#4696,#4713,#4730,#4747,#4764,#4781,#4798,#4815,
    #4832,#4849,#4866,#4883,#4900,#4917,#4934,#4951,#4968,#4985,#4997,
    #5028,#5052,#5076,#5093,#5124,#5148,#5172,#5189,#5220,#5244,#5268,
    #5285,#5316,#5340,#5364,#5381,#5412,#5436,#5460,#5477,#5508,#5532,
    #5556,#5573,#5604,#5628,#5652,#5669,#5700,#5724,#5748,#5765,#5796,
    #5820,#5844,#5861,#5892,#5916,#5940,#5957,#5988,#6012,#6036,#6053,
    #6084,#6108,#6132,#6149,#6180,#6204,#6228,#6245,#6276,#6300,#6324,
    #6341,#6372,#6396,#6420,#6437,#6468,#6492,#6516,#6533,#6564,#6588,
    #6612,#6629,#6660,#6684,#6708,#6725,#6756,#6780,#6804,#6821,#6852,
    #6876,#6900,#6917,#6948,#6972,#6996,#7013,#7044,#7068,#7092,#7109,
    #7140,#7164,#7188,#7205,#7236,#7260,#7284,#7301,#7313,#7325,#7337,
    #7349,#7361,#7373,#7385,#7397,#7409,#7421,#7433));
#3319 = ADVANCED_FACE('',(#3320),#3354,.F.);
#3320 = FACE_BOUND('',#3321,.F.);
#3321 = EDGE_LOOP('',(#3322,#3332,#3340,#3348));
#3322 = ORIENTED_EDGE('',*,*,#3323,.T.);
#3323 = EDGE_CURVE('',#3324,#3326,#3328,.T.);
#3324 = VERTEX_POINT('',#3325);
#3325 = CARTESIAN_POINT('',(-1.016,1.27,0.));
#3326 = VERTEX_POINT('',#3327);
#3327 = CARTESIAN_POINT('',(-1.016,1.27,2.54));
#3328 = LINE('',#3329,#3330);
#3329 = CARTESIAN_POINT('',(-1.016,1.27,0.));
#3330 = VECTOR('',#3331,1.);
#3331 = DIRECTION('',(0.,0.,1.));
#3332 = ORIENTED_EDGE('',*,*,#3333,.T.);
#3333 = EDGE_CURVE('',#3326,#3334,#3336,.T.);
#3334 = VERTEX_POINT('',#3335);
#3335 = CARTESIAN_POINT('',(-1.27,1.016,2.54));
#3336 = LINE('',#3337,#3338);
#3337 = CARTESIAN_POINT('',(-1.016,1.27,2.54));
#3338 = VECTOR('',#3339,1.);
#3339 = DIRECTION('',(-0.707106781187,-0.707106781187,0.));
#3340 = ORIENTED_EDGE('',*,*,#3341,.F.);
#3341 = EDGE_CURVE('',#3342,#3334,#3344,.T.);
#3342 = VERTEX_POINT('',#3343);
#3343 = CARTESIAN_POINT('',(-1.27,1.016,0.));
#3344 = LINE('',#3345,#3346);
#3345 = CARTESIAN_POINT('',(-1.27,1.016,0.));
#3346 = VECTOR('',#3347,1.);
#3347 = DIRECTION('',(0.,0.,1.));
#3348 = ORIENTED_EDGE('',*,*,#3349,.F.);
#3349 = EDGE_CURVE('',#3324,#3342,#3350,.T.);
#3350 = LINE('',#3351,#3352);
#3351 = CARTESIAN_POINT('',(-1.016,1.27,0.));
#3352 = VECTOR('',#3353,1.);
#3353 = DIRECTION('',(-0.707106781187,-0.707106781187,0.));
#3354 = PLANE('',#3355);
#3355 = AXIS2_PLACEMENT_3D('',#3356,#3357,#3358);
#3356 = CARTESIAN_POINT('',(-1.016,1.27,0.));
#3357 = DIRECTION('',(0.707106781187,-0.707106781187,0.));
#3358 = DIRECTION('',(-0.707106781187,-0.707106781187,0.));
#3359 = ADVANCED_FACE('',(#3360),#3385,.F.);
#3360 = FACE_BOUND('',#3361,.F.);
#3361 = EDGE_LOOP('',(#3362,#3372,#3378,#3379));
#3362 = ORIENTED_EDGE('',*,*,#3363,.T.);
#3363 = EDGE_CURVE('',#3364,#3366,#3368,.T.);
#3364 = VERTEX_POINT('',#3365);
#3365 = CARTESIAN_POINT('',(1.016,1.27,0.));
#3366 = VERTEX_POINT('',#3367);
#3367 = CARTESIAN_POINT('',(1.016,1.27,2.54));
#3368 = LINE('',#3369,#3370);
#3369 = CARTESIAN_POINT('',(1.016,1.27,0.));
#3370 = VECTOR('',#3371,1.);
#3371 = DIRECTION('',(0.,0.,1.));
#3372 = ORIENTED_EDGE('',*,*,#3373,.T.);
#3373 = EDGE_CURVE('',#3366,#3326,#3374,.T.);
#3374 = LINE('',#3375,#3376);
#3375 = CARTESIAN_POINT('',(1.016,1.27,2.54));
#3376 = VECTOR('',#3377,1.);
#3377 = DIRECTION('',(-1.,0.,0.));
#3378 = ORIENTED_EDGE('',*,*,#3323,.F.);
#3379 = ORIENTED_EDGE('',*,*,#3380,.F.);
#3380 = EDGE_CURVE('',#3364,#3324,#3381,.T.);
#3381 = LINE('',#3382,#3383);
#3382 = CARTESIAN_POINT('',(1.016,1.27,0.));
#3383 = VECTOR('',#3384,1.);
#3384 = DIRECTION('',(-1.,0.,0.));
#3385 = PLANE('',#3386);
#3386 = AXIS2_PLACEMENT_3D('',#3387,#3388,#3389);
#3387 = CARTESIAN_POINT('',(1.016,1.27,0.));
#3388 = DIRECTION('',(0.,-1.,0.));
#3389 = DIRECTION('',(-1.,0.,0.));
#3390 = ADVANCED_FACE('',(#3391),#3416,.F.);
#3391 = FACE_BOUND('',#3392,.F.);
#3392 = EDGE_LOOP('',(#3393,#3394,#3402,#3410));
#3393 = ORIENTED_EDGE('',*,*,#3341,.T.);
#3394 = ORIENTED_EDGE('',*,*,#3395,.T.);
#3395 = EDGE_CURVE('',#3334,#3396,#3398,.T.);
#3396 = VERTEX_POINT('',#3397);
#3397 = CARTESIAN_POINT('',(-1.27,-1.016,2.54));
#3398 = LINE('',#3399,#3400);
#3399 = CARTESIAN_POINT('',(-1.27,1.016,2.54));
#3400 = VECTOR('',#3401,1.);
#3401 = DIRECTION('',(0.,-1.,0.));
#3402 = ORIENTED_EDGE('',*,*,#3403,.F.);
#3403 = EDGE_CURVE('',#3404,#3396,#3406,.T.);
#3404 = VERTEX_POINT('',#3405);
#3405 = CARTESIAN_POINT('',(-1.27,-1.016,0.));
#3406 = LINE('',#3407,#3408);
#3407 = CARTESIAN_POINT('',(-1.27,-1.016,0.));
#3408 = VECTOR('',#3409,1.);
#3409 = DIRECTION('',(0.,0.,1.));
#3410 = ORIENTED_EDGE('',*,*,#3411,.F.);
#3411 = EDGE_CURVE('',#3342,#3404,#3412,.T.);
#3412 = LINE('',#3413,#3414);
#3413 = CARTESIAN_POINT('',(-1.27,1.016,0.));
#3414 = VECTOR('',#3415,1.);
#3415 = DIRECTION('',(0.,-1.,0.));
#3416 = PLANE('',#3417);
#3417 = AXIS2_PLACEMENT_3D('',#3418,#3419,#3420);
#3418 = CARTESIAN_POINT('',(-1.27,1.016,0.));
#3419 = DIRECTION('',(1.,0.,0.));
#3420 = DIRECTION('',(0.,-1.,0.));
#3421 = ADVANCED_FACE('',(#3422,#3705,#3739,#3773,#3807,#3841,#3875),
  #3909,.F.);
#3422 = FACE_BOUND('',#3423,.F.);
#3423 = EDGE_LOOP('',(#3424,#3425,#3426,#3434,#3442,#3450,#3458,#3466,
    #3474,#3482,#3490,#3498,#3506,#3514,#3522,#3530,#3538,#3546,#3554,
    #3562,#3570,#3578,#3586,#3594,#3602,#3610,#3618,#3626,#3634,#3642,
    #3650,#3658,#3666,#3674,#3682,#3690,#3698,#3704));
#3424 = ORIENTED_EDGE('',*,*,#3349,.T.);
#3425 = ORIENTED_EDGE('',*,*,#3411,.T.);
#3426 = ORIENTED_EDGE('',*,*,#3427,.T.);
#3427 = EDGE_CURVE('',#3404,#3428,#3430,.T.);
#3428 = VERTEX_POINT('',#3429);
#3429 = CARTESIAN_POINT('',(-1.016,-1.27,0.));
#3430 = LINE('',#3431,#3432);
#3431 = CARTESIAN_POINT('',(-1.27,-1.016,0.));
#3432 = VECTOR('',#3433,1.);
#3433 = DIRECTION('',(0.707106781187,-0.707106781187,0.));
#3434 = ORIENTED_EDGE('',*,*,#3435,.T.);
#3435 = EDGE_CURVE('',#3428,#3436,#3438,.T.);
#3436 = VERTEX_POINT('',#3437);
#3437 = CARTESIAN_POINT('',(-1.27,-1.524,0.));
#3438 = LINE('',#3439,#3440);
#3439 = CARTESIAN_POINT('',(-1.016,-1.27,0.));
#3440 = VECTOR('',#3441,1.);
#3441 = DIRECTION('',(-0.707106781187,-0.707106781187,0.));
#3442 = ORIENTED_EDGE('',*,*,#3443,.T.);
#3443 = EDGE_CURVE('',#3436,#3444,#3446,.T.);
#3444 = VERTEX_POINT('',#3445);
#3445 = CARTESIAN_POINT('',(-1.27,-3.556,0.));
#3446 = LINE('',#3447,#3448);
#3447 = CARTESIAN_POINT('',(-1.27,-1.524,0.));
#3448 = VECTOR('',#3449,1.);
#3449 = DIRECTION('',(0.,-1.,0.));
#3450 = ORIENTED_EDGE('',*,*,#3451,.T.);
#3451 = EDGE_CURVE('',#3444,#3452,#3454,.T.);
#3452 = VERTEX_POINT('',#3453);
#3453 = CARTESIAN_POINT('',(-1.016,-3.81,0.));
#3454 = LINE('',#3455,#3456);
#3455 = CARTESIAN_POINT('',(-1.27,-3.556,0.));
#3456 = VECTOR('',#3457,1.);
#3457 = DIRECTION('',(0.707106781187,-0.707106781187,0.));
#3458 = ORIENTED_EDGE('',*,*,#3459,.T.);
#3459 = EDGE_CURVE('',#3452,#3460,#3462,.T.);
#3460 = VERTEX_POINT('',#3461);
#3461 = CARTESIAN_POINT('',(-1.27,-4.064,0.));
#3462 = LINE('',#3463,#3464);
#3463 = CARTESIAN_POINT('',(-1.016,-3.81,0.));
#3464 = VECTOR('',#3465,1.);
#3465 = DIRECTION('',(-0.707106781187,-0.707106781187,0.));
#3466 = ORIENTED_EDGE('',*,*,#3467,.T.);
#3467 = EDGE_CURVE('',#3460,#3468,#3470,.T.);
#3468 = VERTEX_POINT('',#3469);
#3469 = CARTESIAN_POINT('',(-1.27,-6.096,0.));
#3470 = LINE('',#3471,#3472);
#3471 = CARTESIAN_POINT('',(-1.27,-4.064,0.));
#3472 = VECTOR('',#3473,1.);
#3473 = DIRECTION('',(0.,-1.,0.));
#3474 = ORIENTED_EDGE('',*,*,#3475,.T.);
#3475 = EDGE_CURVE('',#3468,#3476,#3478,.T.);
#3476 = VERTEX_POINT('',#3477);
#3477 = CARTESIAN_POINT('',(-1.016,-6.35,0.));
#3478 = LINE('',#3479,#3480);
#3479 = CARTESIAN_POINT('',(-1.27,-6.096,0.));
#3480 = VECTOR('',#3481,1.);
#3481 = DIRECTION('',(0.707106781187,-0.707106781187,0.));
#3482 = ORIENTED_EDGE('',*,*,#3483,.T.);
#3483 = EDGE_CURVE('',#3476,#3484,#3486,.T.);
#3484 = VERTEX_POINT('',#3485);
#3485 = CARTESIAN_POINT('',(-1.27,-6.604,0.));
#3486 = LINE('',#3487,#3488);
#3487 = CARTESIAN_POINT('',(-1.016,-6.35,0.));
#3488 = VECTOR('',#3489,1.);
#3489 = DIRECTION('',(-0.707106781187,-0.707106781187,0.));
#3490 = ORIENTED_EDGE('',*,*,#3491,.T.);
#3491 = EDGE_CURVE('',#3484,#3492,#3494,.T.);
#3492 = VERTEX_POINT('',#3493);
#3493 = CARTESIAN_POINT('',(-1.27,-8.636,0.));
#3494 = LINE('',#3495,#3496);
#3495 = CARTESIAN_POINT('',(-1.27,-6.604,0.));
#3496 = VECTOR('',#3497,1.);
#3497 = DIRECTION('',(0.,-1.,0.));
#3498 = ORIENTED_EDGE('',*,*,#3499,.T.);
#3499 = EDGE_CURVE('',#3492,#3500,#3502,.T.);
#3500 = VERTEX_POINT('',#3501);
#3501 = CARTESIAN_POINT('',(-1.016,-8.89,0.));
#3502 = LINE('',#3503,#3504);
#3503 = CARTESIAN_POINT('',(-1.27,-8.636,0.));
#3504 = VECTOR('',#3505,1.);
#3505 = DIRECTION('',(0.707106781187,-0.707106781187,0.));
#3506 = ORIENTED_EDGE('',*,*,#3507,.T.);
#3507 = EDGE_CURVE('',#3500,#3508,#3510,.T.);
#3508 = VERTEX_POINT('',#3509);
#3509 = CARTESIAN_POINT('',(-1.27,-9.144,0.));
#3510 = LINE('',#3511,#3512);
#3511 = CARTESIAN_POINT('',(-1.016,-8.89,0.));
#3512 = VECTOR('',#3513,1.);
#3513 = DIRECTION('',(-0.707106781187,-0.707106781187,0.));
#3514 = ORIENTED_EDGE('',*,*,#3515,.T.);
#3515 = EDGE_CURVE('',#3508,#3516,#3518,.T.);
#3516 = VERTEX_POINT('',#3517);
#3517 = CARTESIAN_POINT('',(-1.27,-11.176,0.));
#3518 = LINE('',#3519,#3520);
#3519 = CARTESIAN_POINT('',(-1.27,-9.144,0.));
#3520 = VECTOR('',#3521,1.);
#3521 = DIRECTION('',(0.,-1.,0.));
#3522 = ORIENTED_EDGE('',*,*,#3523,.T.);
#3523 = EDGE_CURVE('',#3516,#3524,#3526,.T.);
#3524 = VERTEX_POINT('',#3525);
#3525 = CARTESIAN_POINT('',(-1.016,-11.43,0.));
#3526 = LINE('',#3527,#3528);
#3527 = CARTESIAN_POINT('',(-1.27,-11.176,0.));
#3528 = VECTOR('',#3529,1.);
#3529 = DIRECTION('',(0.707106781187,-0.707106781187,0.));
#3530 = ORIENTED_EDGE('',*,*,#3531,.T.);
#3531 = EDGE_CURVE('',#3524,#3532,#3534,.T.);
#3532 = VERTEX_POINT('',#3533);
#3533 = CARTESIAN_POINT('',(-1.27,-11.684,0.));
#3534 = LINE('',#3535,#3536);
#3535 = CARTESIAN_POINT('',(-1.016,-11.43,0.));
#3536 = VECTOR('',#3537,1.);
#3537 = DIRECTION('',(-0.707106781187,-0.707106781187,0.));
#3538 = ORIENTED_EDGE('',*,*,#3539,.T.);
#3539 = EDGE_CURVE('',#3532,#3540,#3542,.T.);
#3540 = VERTEX_POINT('',#3541);
#3541 = CARTESIAN_POINT('',(-1.27,-13.716,0.));
#3542 = LINE('',#3543,#3544);
#3543 = CARTESIAN_POINT('',(-1.27,-11.684,0.));
#3544 = VECTOR('',#3545,1.);
#3545 = DIRECTION('',(0.,-1.,0.));
#3546 = ORIENTED_EDGE('',*,*,#3547,.T.);
#3547 = EDGE_CURVE('',#3540,#3548,#3550,.T.);
#3548 = VERTEX_POINT('',#3549);
#3549 = CARTESIAN_POINT('',(-1.016,-13.97,0.));
#3550 = LINE('',#3551,#3552);
#3551 = CARTESIAN_POINT('',(-1.27,-13.716,0.));
#3552 = VECTOR('',#3553,1.);
#3553 = DIRECTION('',(0.707106781187,-0.707106781187,0.));
#3554 = ORIENTED_EDGE('',*,*,#3555,.T.);
#3555 = EDGE_CURVE('',#3548,#3556,#3558,.T.);
#3556 = VERTEX_POINT('',#3557);
#3557 = CARTESIAN_POINT('',(1.016,-13.97,0.));
#3558 = LINE('',#3559,#3560);
#3559 = CARTESIAN_POINT('',(-1.016,-13.97,0.));
#3560 = VECTOR('',#3561,1.);
#3561 = DIRECTION('',(1.,0.,0.));
#3562 = ORIENTED_EDGE('',*,*,#3563,.T.);
#3563 = EDGE_CURVE('',#3556,#3564,#3566,.T.);
#3564 = VERTEX_POINT('',#3565);
#3565 = CARTESIAN_POINT('',(1.27,-13.716,0.));
#3566 = LINE('',#3567,#3568);
#3567 = CARTESIAN_POINT('',(1.016,-13.97,0.));
#3568 = VECTOR('',#3569,1.);
#3569 = DIRECTION('',(0.707106781187,0.707106781187,0.));
#3570 = ORIENTED_EDGE('',*,*,#3571,.T.);
#3571 = EDGE_CURVE('',#3564,#3572,#3574,.T.);
#3572 = VERTEX_POINT('',#3573);
#3573 = CARTESIAN_POINT('',(1.27,-11.684,0.));
#3574 = LINE('',#3575,#3576);
#3575 = CARTESIAN_POINT('',(1.27,-13.716,0.));
#3576 = VECTOR('',#3577,1.);
#3577 = DIRECTION('',(0.,1.,0.));
#3578 = ORIENTED_EDGE('',*,*,#3579,.T.);
#3579 = EDGE_CURVE('',#3572,#3580,#3582,.T.);
#3580 = VERTEX_POINT('',#3581);
#3581 = CARTESIAN_POINT('',(1.016,-11.43,0.));
#3582 = LINE('',#3583,#3584);
#3583 = CARTESIAN_POINT('',(1.27,-11.684,0.));
#3584 = VECTOR('',#3585,1.);
#3585 = DIRECTION('',(-0.707106781187,0.707106781187,0.));
#3586 = ORIENTED_EDGE('',*,*,#3587,.T.);
#3587 = EDGE_CURVE('',#3580,#3588,#3590,.T.);
#3588 = VERTEX_POINT('',#3589);
#3589 = CARTESIAN_POINT('',(1.27,-11.176,0.));
#3590 = LINE('',#3591,#3592);
#3591 = CARTESIAN_POINT('',(1.016,-11.43,0.));
#3592 = VECTOR('',#3593,1.);
#3593 = DIRECTION('',(0.707106781187,0.707106781187,0.));
#3594 = ORIENTED_EDGE('',*,*,#3595,.T.);
#3595 = EDGE_CURVE('',#3588,#3596,#3598,.T.);
#3596 = VERTEX_POINT('',#3597);
#3597 = CARTESIAN_POINT('',(1.27,-9.144,0.));
#3598 = LINE('',#3599,#3600);
#3599 = CARTESIAN_POINT('',(1.27,-11.176,0.));
#3600 = VECTOR('',#3601,1.);
#3601 = DIRECTION('',(0.,1.,0.));
#3602 = ORIENTED_EDGE('',*,*,#3603,.T.);
#3603 = EDGE_CURVE('',#3596,#3604,#3606,.T.);
#3604 = VERTEX_POINT('',#3605);
#3605 = CARTESIAN_POINT('',(1.016,-8.89,0.));
#3606 = LINE('',#3607,#3608);
#3607 = CARTESIAN_POINT('',(1.27,-9.144,0.));
#3608 = VECTOR('',#3609,1.);
#3609 = DIRECTION('',(-0.707106781187,0.707106781187,0.));
#3610 = ORIENTED_EDGE('',*,*,#3611,.T.);
#3611 = EDGE_CURVE('',#3604,#3612,#3614,.T.);
#3612 = VERTEX_POINT('',#3613);
#3613 = CARTESIAN_POINT('',(1.27,-8.636,0.));
#3614 = LINE('',#3615,#3616);
#3615 = CARTESIAN_POINT('',(1.016,-8.89,0.));
#3616 = VECTOR('',#3617,1.);
#3617 = DIRECTION('',(0.707106781187,0.707106781187,0.));
#3618 = ORIENTED_EDGE('',*,*,#3619,.T.);
#3619 = EDGE_CURVE('',#3612,#3620,#3622,.T.);
#3620 = VERTEX_POINT('',#3621);
#3621 = CARTESIAN_POINT('',(1.27,-6.604,0.));
#3622 = LINE('',#3623,#3624);
#3623 = CARTESIAN_POINT('',(1.27,-8.636,0.));
#3624 = VECTOR('',#3625,1.);
#3625 = DIRECTION('',(0.,1.,0.));
#3626 = ORIENTED_EDGE('',*,*,#3627,.T.);
#3627 = EDGE_CURVE('',#3620,#3628,#3630,.T.);
#3628 = VERTEX_POINT('',#3629);
#3629 = CARTESIAN_POINT('',(1.016,-6.35,0.));
#3630 = LINE('',#3631,#3632);
#3631 = CARTESIAN_POINT('',(1.27,-6.604,0.));
#3632 = VECTOR('',#3633,1.);
#3633 = DIRECTION('',(-0.707106781187,0.707106781187,0.));
#3634 = ORIENTED_EDGE('',*,*,#3635,.T.);
#3635 = EDGE_CURVE('',#3628,#3636,#3638,.T.);
#3636 = VERTEX_POINT('',#3637);
#3637 = CARTESIAN_POINT('',(1.27,-6.096,0.));
#3638 = LINE('',#3639,#3640);
#3639 = CARTESIAN_POINT('',(1.016,-6.35,0.));
#3640 = VECTOR('',#3641,1.);
#3641 = DIRECTION('',(0.707106781187,0.707106781187,0.));
#3642 = ORIENTED_EDGE('',*,*,#3643,.T.);
#3643 = EDGE_CURVE('',#3636,#3644,#3646,.T.);
#3644 = VERTEX_POINT('',#3645);
#3645 = CARTESIAN_POINT('',(1.27,-4.064,0.));
#3646 = LINE('',#3647,#3648);
#3647 = CARTESIAN_POINT('',(1.27,-6.096,0.));
#3648 = VECTOR('',#3649,1.);
#3649 = DIRECTION('',(0.,1.,0.));
#3650 = ORIENTED_EDGE('',*,*,#3651,.T.);
#3651 = EDGE_CURVE('',#3644,#3652,#3654,.T.);
#3652 = VERTEX_POINT('',#3653);
#3653 = CARTESIAN_POINT('',(1.016,-3.81,0.));
#3654 = LINE('',#3655,#3656);
#3655 = CARTESIAN_POINT('',(1.27,-4.064,0.));
#3656 = VECTOR('',#3657,1.);
#3657 = DIRECTION('',(-0.707106781187,0.707106781187,0.));
#3658 = ORIENTED_EDGE('',*,*,#3659,.T.);
#3659 = EDGE_CURVE('',#3652,#3660,#3662,.T.);
#3660 = VERTEX_POINT('',#3661);
#3661 = CARTESIAN_POINT('',(1.27,-3.556,0.));
#3662 = LINE('',#3663,#3664);
#3663 = CARTESIAN_POINT('',(1.016,-3.81,0.));
#3664 = VECTOR('',#3665,1.);
#3665 = DIRECTION('',(0.707106781187,0.707106781187,0.));
#3666 = ORIENTED_EDGE('',*,*,#3667,.T.);
#3667 = EDGE_CURVE('',#3660,#3668,#3670,.T.);
#3668 = VERTEX_POINT('',#3669);
#3669 = CARTESIAN_POINT('',(1.27,-1.524,0.));
#3670 = LINE('',#3671,#3672);
#3671 = CARTESIAN_POINT('',(1.27,-3.556,0.));
#3672 = VECTOR('',#3673,1.);
#3673 = DIRECTION('',(0.,1.,0.));
#3674 = ORIENTED_EDGE('',*,*,#3675,.T.);
#3675 = EDGE_CURVE('',#3668,#3676,#3678,.T.);
#3676 = VERTEX_POINT('',#3677);
#3677 = CARTESIAN_POINT('',(1.016,-1.27,0.));
#3678 = LINE('',#3679,#3680);
#3679 = CARTESIAN_POINT('',(1.27,-1.524,0.));
#3680 = VECTOR('',#3681,1.);
#3681 = DIRECTION('',(-0.707106781187,0.707106781187,0.));
#3682 = ORIENTED_EDGE('',*,*,#3683,.T.);
#3683 = EDGE_CURVE('',#3676,#3684,#3686,.T.);
#3684 = VERTEX_POINT('',#3685);
#3685 = CARTESIAN_POINT('',(1.27,-1.016,0.));
#3686 = LINE('',#3687,#3688);
#3687 = CARTESIAN_POINT('',(1.016,-1.27,0.));
#3688 = VECTOR('',#3689,1.);
#3689 = DIRECTION('',(0.707106781187,0.707106781187,0.));
#3690 = ORIENTED_EDGE('',*,*,#3691,.T.);
#3691 = EDGE_CURVE('',#3684,#3692,#3694,.T.);
#3692 = VERTEX_POINT('',#3693);
#3693 = CARTESIAN_POINT('',(1.27,1.016,0.));
#3694 = LINE('',#3695,#3696);
#3695 = CARTESIAN_POINT('',(1.27,-1.016,0.));
#3696 = VECTOR('',#3697,1.);
#3697 = DIRECTION('',(0.,1.,0.));
#3698 = ORIENTED_EDGE('',*,*,#3699,.T.);
#3699 = EDGE_CURVE('',#3692,#3364,#3700,.T.);
#3700 = LINE('',#3701,#3702);
#3701 = CARTESIAN_POINT('',(1.27,1.016,0.));
#3702 = VECTOR('',#3703,1.);
#3703 = DIRECTION('',(-0.707106781187,0.707106781187,0.));
#3704 = ORIENTED_EDGE('',*,*,#3380,.T.);
#3705 = FACE_BOUND('',#3706,.F.);
#3706 = EDGE_LOOP('',(#3707,#3717,#3725,#3733));
#3707 = ORIENTED_EDGE('',*,*,#3708,.F.);
#3708 = EDGE_CURVE('',#3709,#3711,#3713,.T.);
#3709 = VERTEX_POINT('',#3710);
#3710 = CARTESIAN_POINT('',(0.32,-0.32,0.));
#3711 = VERTEX_POINT('',#3712);
#3712 = CARTESIAN_POINT('',(0.32,0.32,0.));
#3713 = LINE('',#3714,#3715);
#3714 = CARTESIAN_POINT('',(0.32,-3.335,0.));
#3715 = VECTOR('',#3716,1.);
#3716 = DIRECTION('',(0.,1.,0.));
#3717 = ORIENTED_EDGE('',*,*,#3718,.T.);
#3718 = EDGE_CURVE('',#3709,#3719,#3721,.T.);
#3719 = VERTEX_POINT('',#3720);
#3720 = CARTESIAN_POINT('',(-0.32,-0.32,0.));
#3721 = LINE('',#3722,#3723);
#3722 = CARTESIAN_POINT('',(-0.16,-0.32,0.));
#3723 = VECTOR('',#3724,1.);
#3724 = DIRECTION('',(-1.,0.,0.));
#3725 = ORIENTED_EDGE('',*,*,#3726,.T.);
#3726 = EDGE_CURVE('',#3719,#3727,#3729,.T.);
#3727 = VERTEX_POINT('',#3728);
#3728 = CARTESIAN_POINT('',(-0.32,0.32,0.));
#3729 = LINE('',#3730,#3731);
#3730 = CARTESIAN_POINT('',(-0.32,-3.335,0.));
#3731 = VECTOR('',#3732,1.);
#3732 = DIRECTION('',(0.,1.,0.));
#3733 = ORIENTED_EDGE('',*,*,#3734,.F.);
#3734 = EDGE_CURVE('',#3711,#3727,#3735,.T.);
#3735 = LINE('',#3736,#3737);
#3736 = CARTESIAN_POINT('',(-0.16,0.32,0.));
#3737 = VECTOR('',#3738,1.);
#3738 = DIRECTION('',(-1.,0.,0.));
#3739 = FACE_BOUND('',#3740,.F.);
#3740 = EDGE_LOOP('',(#3741,#3751,#3759,#3767));
#3741 = ORIENTED_EDGE('',*,*,#3742,.F.);
#3742 = EDGE_CURVE('',#3743,#3745,#3747,.T.);
#3743 = VERTEX_POINT('',#3744);
#3744 = CARTESIAN_POINT('',(0.32,-5.4,0.));
#3745 = VERTEX_POINT('',#3746);
#3746 = CARTESIAN_POINT('',(0.32,-4.76,0.));
#3747 = LINE('',#3748,#3749);
#3748 = CARTESIAN_POINT('',(0.32,-5.875,0.));
#3749 = VECTOR('',#3750,1.);
#3750 = DIRECTION('',(0.,1.,0.));
#3751 = ORIENTED_EDGE('',*,*,#3752,.T.);
#3752 = EDGE_CURVE('',#3743,#3753,#3755,.T.);
#3753 = VERTEX_POINT('',#3754);
#3754 = CARTESIAN_POINT('',(-0.32,-5.4,0.));
#3755 = LINE('',#3756,#3757);
#3756 = CARTESIAN_POINT('',(-0.16,-5.4,0.));
#3757 = VECTOR('',#3758,1.);
#3758 = DIRECTION('',(-1.,0.,0.));
#3759 = ORIENTED_EDGE('',*,*,#3760,.T.);
#3760 = EDGE_CURVE('',#3753,#3761,#3763,.T.);
#3761 = VERTEX_POINT('',#3762);
#3762 = CARTESIAN_POINT('',(-0.32,-4.76,0.));
#3763 = LINE('',#3764,#3765);
#3764 = CARTESIAN_POINT('',(-0.32,-5.875,0.));
#3765 = VECTOR('',#3766,1.);
#3766 = DIRECTION('',(0.,1.,0.));
#3767 = ORIENTED_EDGE('',*,*,#3768,.F.);
#3768 = EDGE_CURVE('',#3745,#3761,#3769,.T.);
#3769 = LINE('',#3770,#3771);
#3770 = CARTESIAN_POINT('',(-0.16,-4.76,0.));
#3771 = VECTOR('',#3772,1.);
#3772 = DIRECTION('',(-1.,0.,0.));
#3773 = FACE_BOUND('',#3774,.F.);
#3774 = EDGE_LOOP('',(#3775,#3785,#3793,#3801));
#3775 = ORIENTED_EDGE('',*,*,#3776,.F.);
#3776 = EDGE_CURVE('',#3777,#3779,#3781,.T.);
#3777 = VERTEX_POINT('',#3778);
#3778 = CARTESIAN_POINT('',(0.32,-2.86,0.));
#3779 = VERTEX_POINT('',#3780);
#3780 = CARTESIAN_POINT('',(0.32,-2.22,0.));
#3781 = LINE('',#3782,#3783);
#3782 = CARTESIAN_POINT('',(0.32,-4.605,0.));
#3783 = VECTOR('',#3784,1.);
#3784 = DIRECTION('',(0.,1.,0.));
#3785 = ORIENTED_EDGE('',*,*,#3786,.T.);
#3786 = EDGE_CURVE('',#3777,#3787,#3789,.T.);
#3787 = VERTEX_POINT('',#3788);
#3788 = CARTESIAN_POINT('',(-0.32,-2.86,0.));
#3789 = LINE('',#3790,#3791);
#3790 = CARTESIAN_POINT('',(-0.16,-2.86,0.));
#3791 = VECTOR('',#3792,1.);
#3792 = DIRECTION('',(-1.,0.,0.));
#3793 = ORIENTED_EDGE('',*,*,#3794,.T.);
#3794 = EDGE_CURVE('',#3787,#3795,#3797,.T.);
#3795 = VERTEX_POINT('',#3796);
#3796 = CARTESIAN_POINT('',(-0.32,-2.22,0.));
#3797 = LINE('',#3798,#3799);
#3798 = CARTESIAN_POINT('',(-0.32,-4.605,0.));
#3799 = VECTOR('',#3800,1.);
#3800 = DIRECTION('',(0.,1.,0.));
#3801 = ORIENTED_EDGE('',*,*,#3802,.F.);
#3802 = EDGE_CURVE('',#3779,#3795,#3803,.T.);
#3803 = LINE('',#3804,#3805);
#3804 = CARTESIAN_POINT('',(-0.16,-2.22,0.));
#3805 = VECTOR('',#3806,1.);
#3806 = DIRECTION('',(-1.,0.,0.));
#3807 = FACE_BOUND('',#3808,.F.);
#3808 = EDGE_LOOP('',(#3809,#3819,#3827,#3835));
#3809 = ORIENTED_EDGE('',*,*,#3810,.T.);
#3810 = EDGE_CURVE('',#3811,#3813,#3815,.T.);
#3811 = VERTEX_POINT('',#3812);
#3812 = CARTESIAN_POINT('',(0.32,-13.02,0.));
#3813 = VERTEX_POINT('',#3814);
#3814 = CARTESIAN_POINT('',(-0.32,-13.02,0.));
#3815 = LINE('',#3816,#3817);
#3816 = CARTESIAN_POINT('',(-0.16,-13.02,0.));
#3817 = VECTOR('',#3818,1.);
#3818 = DIRECTION('',(-1.,0.,0.));
#3819 = ORIENTED_EDGE('',*,*,#3820,.T.);
#3820 = EDGE_CURVE('',#3813,#3821,#3823,.T.);
#3821 = VERTEX_POINT('',#3822);
#3822 = CARTESIAN_POINT('',(-0.32,-12.38,0.));
#3823 = LINE('',#3824,#3825);
#3824 = CARTESIAN_POINT('',(-0.32,-9.685,0.));
#3825 = VECTOR('',#3826,1.);
#3826 = DIRECTION('',(0.,1.,0.));
#3827 = ORIENTED_EDGE('',*,*,#3828,.F.);
#3828 = EDGE_CURVE('',#3829,#3821,#3831,.T.);
#3829 = VERTEX_POINT('',#3830);
#3830 = CARTESIAN_POINT('',(0.32,-12.38,0.));
#3831 = LINE('',#3832,#3833);
#3832 = CARTESIAN_POINT('',(-0.16,-12.38,0.));
#3833 = VECTOR('',#3834,1.);
#3834 = DIRECTION('',(-1.,0.,0.));
#3835 = ORIENTED_EDGE('',*,*,#3836,.F.);
#3836 = EDGE_CURVE('',#3811,#3829,#3837,.T.);
#3837 = LINE('',#3838,#3839);
#3838 = CARTESIAN_POINT('',(0.32,-9.685,0.));
#3839 = VECTOR('',#3840,1.);
#3840 = DIRECTION('',(0.,1.,0.));
#3841 = FACE_BOUND('',#3842,.F.);
#3842 = EDGE_LOOP('',(#3843,#3853,#3861,#3869));
#3843 = ORIENTED_EDGE('',*,*,#3844,.F.);
#3844 = EDGE_CURVE('',#3845,#3847,#3849,.T.);
#3845 = VERTEX_POINT('',#3846);
#3846 = CARTESIAN_POINT('',(0.32,-9.84,0.));
#3847 = VERTEX_POINT('',#3848);
#3848 = CARTESIAN_POINT('',(-0.32,-9.84,0.));
#3849 = LINE('',#3850,#3851);
#3850 = CARTESIAN_POINT('',(-0.16,-9.84,0.));
#3851 = VECTOR('',#3852,1.);
#3852 = DIRECTION('',(-1.,0.,0.));
#3853 = ORIENTED_EDGE('',*,*,#3854,.F.);
#3854 = EDGE_CURVE('',#3855,#3845,#3857,.T.);
#3855 = VERTEX_POINT('',#3856);
#3856 = CARTESIAN_POINT('',(0.32,-10.48,0.));
#3857 = LINE('',#3858,#3859);
#3858 = CARTESIAN_POINT('',(0.32,-8.415,0.));
#3859 = VECTOR('',#3860,1.);
#3860 = DIRECTION('',(0.,1.,0.));
#3861 = ORIENTED_EDGE('',*,*,#3862,.T.);
#3862 = EDGE_CURVE('',#3855,#3863,#3865,.T.);
#3863 = VERTEX_POINT('',#3864);
#3864 = CARTESIAN_POINT('',(-0.32,-10.48,0.));
#3865 = LINE('',#3866,#3867);
#3866 = CARTESIAN_POINT('',(-0.16,-10.48,0.));
#3867 = VECTOR('',#3868,1.);
#3868 = DIRECTION('',(-1.,0.,0.));
#3869 = ORIENTED_EDGE('',*,*,#3870,.T.);
#3870 = EDGE_CURVE('',#3863,#3847,#3871,.T.);
#3871 = LINE('',#3872,#3873);
#3872 = CARTESIAN_POINT('',(-0.32,-8.415,0.));
#3873 = VECTOR('',#3874,1.);
#3874 = DIRECTION('',(0.,1.,0.));
#3875 = FACE_BOUND('',#3876,.F.);
#3876 = EDGE_LOOP('',(#3877,#3887,#3895,#3903));
#3877 = ORIENTED_EDGE('',*,*,#3878,.T.);
#3878 = EDGE_CURVE('',#3879,#3881,#3883,.T.);
#3879 = VERTEX_POINT('',#3880);
#3880 = CARTESIAN_POINT('',(0.32,-7.94,0.));
#3881 = VERTEX_POINT('',#3882);
#3882 = CARTESIAN_POINT('',(-0.32,-7.94,0.));
#3883 = LINE('',#3884,#3885);
#3884 = CARTESIAN_POINT('',(-0.16,-7.94,0.));
#3885 = VECTOR('',#3886,1.);
#3886 = DIRECTION('',(-1.,0.,0.));
#3887 = ORIENTED_EDGE('',*,*,#3888,.T.);
#3888 = EDGE_CURVE('',#3881,#3889,#3891,.T.);
#3889 = VERTEX_POINT('',#3890);
#3890 = CARTESIAN_POINT('',(-0.32,-7.3,0.));
#3891 = LINE('',#3892,#3893);
#3892 = CARTESIAN_POINT('',(-0.32,-7.145,0.));
#3893 = VECTOR('',#3894,1.);
#3894 = DIRECTION('',(0.,1.,0.));
#3895 = ORIENTED_EDGE('',*,*,#3896,.F.);
#3896 = EDGE_CURVE('',#3897,#3889,#3899,.T.);
#3897 = VERTEX_POINT('',#3898);
#3898 = CARTESIAN_POINT('',(0.32,-7.3,0.));
#3899 = LINE('',#3900,#3901);
#3900 = CARTESIAN_POINT('',(-0.16,-7.3,0.));
#3901 = VECTOR('',#3902,1.);
#3902 = DIRECTION('',(-1.,0.,0.));
#3903 = ORIENTED_EDGE('',*,*,#3904,.F.);
#3904 = EDGE_CURVE('',#3879,#3897,#3905,.T.);
#3905 = LINE('',#3906,#3907);
#3906 = CARTESIAN_POINT('',(0.32,-7.145,0.));
#3907 = VECTOR('',#3908,1.);
#3908 = DIRECTION('',(0.,1.,0.));
#3909 = PLANE('',#3910);
#3910 = AXIS2_PLACEMENT_3D('',#3911,#3912,#3913);
#3911 = CARTESIAN_POINT('',(-1.797008255889E-17,-6.35,0.));
#3912 = DIRECTION('',(0.,0.,1.));
#3913 = DIRECTION('',(1.,0.,-0.));
#3914 = ADVANCED_FACE('',(#3915,#4198,#4232,#4266,#4300,#4334,#4368),
  #4402,.T.);
#3915 = FACE_BOUND('',#3916,.T.);
#3916 = EDGE_LOOP('',(#3917,#3918,#3919,#3927,#3935,#3943,#3951,#3959,
    #3967,#3975,#3983,#3991,#3999,#4007,#4015,#4023,#4031,#4039,#4047,
    #4055,#4063,#4071,#4079,#4087,#4095,#4103,#4111,#4119,#4127,#4135,
    #4143,#4151,#4159,#4167,#4175,#4183,#4191,#4197));
#3917 = ORIENTED_EDGE('',*,*,#3333,.T.);
#3918 = ORIENTED_EDGE('',*,*,#3395,.T.);
#3919 = ORIENTED_EDGE('',*,*,#3920,.T.);
#3920 = EDGE_CURVE('',#3396,#3921,#3923,.T.);
#3921 = VERTEX_POINT('',#3922);
#3922 = CARTESIAN_POINT('',(-1.016,-1.27,2.54));
#3923 = LINE('',#3924,#3925);
#3924 = CARTESIAN_POINT('',(-1.27,-1.016,2.54));
#3925 = VECTOR('',#3926,1.);
#3926 = DIRECTION('',(0.707106781187,-0.707106781187,0.));
#3927 = ORIENTED_EDGE('',*,*,#3928,.T.);
#3928 = EDGE_CURVE('',#3921,#3929,#3931,.T.);
#3929 = VERTEX_POINT('',#3930);
#3930 = CARTESIAN_POINT('',(-1.27,-1.524,2.54));
#3931 = LINE('',#3932,#3933);
#3932 = CARTESIAN_POINT('',(-1.016,-1.27,2.54));
#3933 = VECTOR('',#3934,1.);
#3934 = DIRECTION('',(-0.707106781187,-0.707106781187,0.));
#3935 = ORIENTED_EDGE('',*,*,#3936,.T.);
#3936 = EDGE_CURVE('',#3929,#3937,#3939,.T.);
#3937 = VERTEX_POINT('',#3938);
#3938 = CARTESIAN_POINT('',(-1.27,-3.556,2.54));
#3939 = LINE('',#3940,#3941);
#3940 = CARTESIAN_POINT('',(-1.27,-1.524,2.54));
#3941 = VECTOR('',#3942,1.);
#3942 = DIRECTION('',(0.,-1.,0.));
#3943 = ORIENTED_EDGE('',*,*,#3944,.T.);
#3944 = EDGE_CURVE('',#3937,#3945,#3947,.T.);
#3945 = VERTEX_POINT('',#3946);
#3946 = CARTESIAN_POINT('',(-1.016,-3.81,2.54));
#3947 = LINE('',#3948,#3949);
#3948 = CARTESIAN_POINT('',(-1.27,-3.556,2.54));
#3949 = VECTOR('',#3950,1.);
#3950 = DIRECTION('',(0.707106781187,-0.707106781187,0.));
#3951 = ORIENTED_EDGE('',*,*,#3952,.T.);
#3952 = EDGE_CURVE('',#3945,#3953,#3955,.T.);
#3953 = VERTEX_POINT('',#3954);
#3954 = CARTESIAN_POINT('',(-1.27,-4.064,2.54));
#3955 = LINE('',#3956,#3957);
#3956 = CARTESIAN_POINT('',(-1.016,-3.81,2.54));
#3957 = VECTOR('',#3958,1.);
#3958 = DIRECTION('',(-0.707106781187,-0.707106781187,0.));
#3959 = ORIENTED_EDGE('',*,*,#3960,.T.);
#3960 = EDGE_CURVE('',#3953,#3961,#3963,.T.);
#3961 = VERTEX_POINT('',#3962);
#3962 = CARTESIAN_POINT('',(-1.27,-6.096,2.54));
#3963 = LINE('',#3964,#3965);
#3964 = CARTESIAN_POINT('',(-1.27,-4.064,2.54));
#3965 = VECTOR('',#3966,1.);
#3966 = DIRECTION('',(0.,-1.,0.));
#3967 = ORIENTED_EDGE('',*,*,#3968,.T.);
#3968 = EDGE_CURVE('',#3961,#3969,#3971,.T.);
#3969 = VERTEX_POINT('',#3970);
#3970 = CARTESIAN_POINT('',(-1.016,-6.35,2.54));
#3971 = LINE('',#3972,#3973);
#3972 = CARTESIAN_POINT('',(-1.27,-6.096,2.54));
#3973 = VECTOR('',#3974,1.);
#3974 = DIRECTION('',(0.707106781187,-0.707106781187,0.));
#3975 = ORIENTED_EDGE('',*,*,#3976,.T.);
#3976 = EDGE_CURVE('',#3969,#3977,#3979,.T.);
#3977 = VERTEX_POINT('',#3978);
#3978 = CARTESIAN_POINT('',(-1.27,-6.604,2.54));
#3979 = LINE('',#3980,#3981);
#3980 = CARTESIAN_POINT('',(-1.016,-6.35,2.54));
#3981 = VECTOR('',#3982,1.);
#3982 = DIRECTION('',(-0.707106781187,-0.707106781187,0.));
#3983 = ORIENTED_EDGE('',*,*,#3984,.T.);
#3984 = EDGE_CURVE('',#3977,#3985,#3987,.T.);
#3985 = VERTEX_POINT('',#3986);
#3986 = CARTESIAN_POINT('',(-1.27,-8.636,2.54));
#3987 = LINE('',#3988,#3989);
#3988 = CARTESIAN_POINT('',(-1.27,-6.604,2.54));
#3989 = VECTOR('',#3990,1.);
#3990 = DIRECTION('',(0.,-1.,0.));
#3991 = ORIENTED_EDGE('',*,*,#3992,.T.);
#3992 = EDGE_CURVE('',#3985,#3993,#3995,.T.);
#3993 = VERTEX_POINT('',#3994);
#3994 = CARTESIAN_POINT('',(-1.016,-8.89,2.54));
#3995 = LINE('',#3996,#3997);
#3996 = CARTESIAN_POINT('',(-1.27,-8.636,2.54));
#3997 = VECTOR('',#3998,1.);
#3998 = DIRECTION('',(0.707106781187,-0.707106781187,0.));
#3999 = ORIENTED_EDGE('',*,*,#4000,.T.);
#4000 = EDGE_CURVE('',#3993,#4001,#4003,.T.);
#4001 = VERTEX_POINT('',#4002);
#4002 = CARTESIAN_POINT('',(-1.27,-9.144,2.54));
#4003 = LINE('',#4004,#4005);
#4004 = CARTESIAN_POINT('',(-1.016,-8.89,2.54));
#4005 = VECTOR('',#4006,1.);
#4006 = DIRECTION('',(-0.707106781187,-0.707106781187,0.));
#4007 = ORIENTED_EDGE('',*,*,#4008,.T.);
#4008 = EDGE_CURVE('',#4001,#4009,#4011,.T.);
#4009 = VERTEX_POINT('',#4010);
#4010 = CARTESIAN_POINT('',(-1.27,-11.176,2.54));
#4011 = LINE('',#4012,#4013);
#4012 = CARTESIAN_POINT('',(-1.27,-9.144,2.54));
#4013 = VECTOR('',#4014,1.);
#4014 = DIRECTION('',(0.,-1.,0.));
#4015 = ORIENTED_EDGE('',*,*,#4016,.T.);
#4016 = EDGE_CURVE('',#4009,#4017,#4019,.T.);
#4017 = VERTEX_POINT('',#4018);
#4018 = CARTESIAN_POINT('',(-1.016,-11.43,2.54));
#4019 = LINE('',#4020,#4021);
#4020 = CARTESIAN_POINT('',(-1.27,-11.176,2.54));
#4021 = VECTOR('',#4022,1.);
#4022 = DIRECTION('',(0.707106781187,-0.707106781187,0.));
#4023 = ORIENTED_EDGE('',*,*,#4024,.T.);
#4024 = EDGE_CURVE('',#4017,#4025,#4027,.T.);
#4025 = VERTEX_POINT('',#4026);
#4026 = CARTESIAN_POINT('',(-1.27,-11.684,2.54));
#4027 = LINE('',#4028,#4029);
#4028 = CARTESIAN_POINT('',(-1.016,-11.43,2.54));
#4029 = VECTOR('',#4030,1.);
#4030 = DIRECTION('',(-0.707106781187,-0.707106781187,0.));
#4031 = ORIENTED_EDGE('',*,*,#4032,.T.);
#4032 = EDGE_CURVE('',#4025,#4033,#4035,.T.);
#4033 = VERTEX_POINT('',#4034);
#4034 = CARTESIAN_POINT('',(-1.27,-13.716,2.54));
#4035 = LINE('',#4036,#4037);
#4036 = CARTESIAN_POINT('',(-1.27,-11.684,2.54));
#4037 = VECTOR('',#4038,1.);
#4038 = DIRECTION('',(0.,-1.,0.));
#4039 = ORIENTED_EDGE('',*,*,#4040,.T.);
#4040 = EDGE_CURVE('',#4033,#4041,#4043,.T.);
#4041 = VERTEX_POINT('',#4042);
#4042 = CARTESIAN_POINT('',(-1.016,-13.97,2.54));
#4043 = LINE('',#4044,#4045);
#4044 = CARTESIAN_POINT('',(-1.27,-13.716,2.54));
#4045 = VECTOR('',#4046,1.);
#4046 = DIRECTION('',(0.707106781187,-0.707106781187,0.));
#4047 = ORIENTED_EDGE('',*,*,#4048,.T.);
#4048 = EDGE_CURVE('',#4041,#4049,#4051,.T.);
#4049 = VERTEX_POINT('',#4050);
#4050 = CARTESIAN_POINT('',(1.016,-13.97,2.54));
#4051 = LINE('',#4052,#4053);
#4052 = CARTESIAN_POINT('',(-1.016,-13.97,2.54));
#4053 = VECTOR('',#4054,1.);
#4054 = DIRECTION('',(1.,0.,0.));
#4055 = ORIENTED_EDGE('',*,*,#4056,.T.);
#4056 = EDGE_CURVE('',#4049,#4057,#4059,.T.);
#4057 = VERTEX_POINT('',#4058);
#4058 = CARTESIAN_POINT('',(1.27,-13.716,2.54));
#4059 = LINE('',#4060,#4061);
#4060 = CARTESIAN_POINT('',(1.016,-13.97,2.54));
#4061 = VECTOR('',#4062,1.);
#4062 = DIRECTION('',(0.707106781187,0.707106781187,0.));
#4063 = ORIENTED_EDGE('',*,*,#4064,.T.);
#4064 = EDGE_CURVE('',#4057,#4065,#4067,.T.);
#4065 = VERTEX_POINT('',#4066);
#4066 = CARTESIAN_POINT('',(1.27,-11.684,2.54));
#4067 = LINE('',#4068,#4069);
#4068 = CARTESIAN_POINT('',(1.27,-13.716,2.54));
#4069 = VECTOR('',#4070,1.);
#4070 = DIRECTION('',(0.,1.,0.));
#4071 = ORIENTED_EDGE('',*,*,#4072,.T.);
#4072 = EDGE_CURVE('',#4065,#4073,#4075,.T.);
#4073 = VERTEX_POINT('',#4074);
#4074 = CARTESIAN_POINT('',(1.016,-11.43,2.54));
#4075 = LINE('',#4076,#4077);
#4076 = CARTESIAN_POINT('',(1.27,-11.684,2.54));
#4077 = VECTOR('',#4078,1.);
#4078 = DIRECTION('',(-0.707106781187,0.707106781187,0.));
#4079 = ORIENTED_EDGE('',*,*,#4080,.T.);
#4080 = EDGE_CURVE('',#4073,#4081,#4083,.T.);
#4081 = VERTEX_POINT('',#4082);
#4082 = CARTESIAN_POINT('',(1.27,-11.176,2.54));
#4083 = LINE('',#4084,#4085);
#4084 = CARTESIAN_POINT('',(1.016,-11.43,2.54));
#4085 = VECTOR('',#4086,1.);
#4086 = DIRECTION('',(0.707106781187,0.707106781187,0.));
#4087 = ORIENTED_EDGE('',*,*,#4088,.T.);
#4088 = EDGE_CURVE('',#4081,#4089,#4091,.T.);
#4089 = VERTEX_POINT('',#4090);
#4090 = CARTESIAN_POINT('',(1.27,-9.144,2.54));
#4091 = LINE('',#4092,#4093);
#4092 = CARTESIAN_POINT('',(1.27,-11.176,2.54));
#4093 = VECTOR('',#4094,1.);
#4094 = DIRECTION('',(0.,1.,0.));
#4095 = ORIENTED_EDGE('',*,*,#4096,.T.);
#4096 = EDGE_CURVE('',#4089,#4097,#4099,.T.);
#4097 = VERTEX_POINT('',#4098);
#4098 = CARTESIAN_POINT('',(1.016,-8.89,2.54));
#4099 = LINE('',#4100,#4101);
#4100 = CARTESIAN_POINT('',(1.27,-9.144,2.54));
#4101 = VECTOR('',#4102,1.);
#4102 = DIRECTION('',(-0.707106781187,0.707106781187,0.));
#4103 = ORIENTED_EDGE('',*,*,#4104,.T.);
#4104 = EDGE_CURVE('',#4097,#4105,#4107,.T.);
#4105 = VERTEX_POINT('',#4106);
#4106 = CARTESIAN_POINT('',(1.27,-8.636,2.54));
#4107 = LINE('',#4108,#4109);
#4108 = CARTESIAN_POINT('',(1.016,-8.89,2.54));
#4109 = VECTOR('',#4110,1.);
#4110 = DIRECTION('',(0.707106781187,0.707106781187,0.));
#4111 = ORIENTED_EDGE('',*,*,#4112,.T.);
#4112 = EDGE_CURVE('',#4105,#4113,#4115,.T.);
#4113 = VERTEX_POINT('',#4114);
#4114 = CARTESIAN_POINT('',(1.27,-6.604,2.54));
#4115 = LINE('',#4116,#4117);
#4116 = CARTESIAN_POINT('',(1.27,-8.636,2.54));
#4117 = VECTOR('',#4118,1.);
#4118 = DIRECTION('',(0.,1.,0.));
#4119 = ORIENTED_EDGE('',*,*,#4120,.T.);
#4120 = EDGE_CURVE('',#4113,#4121,#4123,.T.);
#4121 = VERTEX_POINT('',#4122);
#4122 = CARTESIAN_POINT('',(1.016,-6.35,2.54));
#4123 = LINE('',#4124,#4125);
#4124 = CARTESIAN_POINT('',(1.27,-6.604,2.54));
#4125 = VECTOR('',#4126,1.);
#4126 = DIRECTION('',(-0.707106781187,0.707106781187,0.));
#4127 = ORIENTED_EDGE('',*,*,#4128,.T.);
#4128 = EDGE_CURVE('',#4121,#4129,#4131,.T.);
#4129 = VERTEX_POINT('',#4130);
#4130 = CARTESIAN_POINT('',(1.27,-6.096,2.54));
#4131 = LINE('',#4132,#4133);
#4132 = CARTESIAN_POINT('',(1.016,-6.35,2.54));
#4133 = VECTOR('',#4134,1.);
#4134 = DIRECTION('',(0.707106781187,0.707106781187,0.));
#4135 = ORIENTED_EDGE('',*,*,#4136,.T.);
#4136 = EDGE_CURVE('',#4129,#4137,#4139,.T.);
#4137 = VERTEX_POINT('',#4138);
#4138 = CARTESIAN_POINT('',(1.27,-4.064,2.54));
#4139 = LINE('',#4140,#4141);
#4140 = CARTESIAN_POINT('',(1.27,-6.096,2.54));
#4141 = VECTOR('',#4142,1.);
#4142 = DIRECTION('',(0.,1.,0.));
#4143 = ORIENTED_EDGE('',*,*,#4144,.T.);
#4144 = EDGE_CURVE('',#4137,#4145,#4147,.T.);
#4145 = VERTEX_POINT('',#4146);
#4146 = CARTESIAN_POINT('',(1.016,-3.81,2.54));
#4147 = LINE('',#4148,#4149);
#4148 = CARTESIAN_POINT('',(1.27,-4.064,2.54));
#4149 = VECTOR('',#4150,1.);
#4150 = DIRECTION('',(-0.707106781187,0.707106781187,0.));
#4151 = ORIENTED_EDGE('',*,*,#4152,.T.);
#4152 = EDGE_CURVE('',#4145,#4153,#4155,.T.);
#4153 = VERTEX_POINT('',#4154);
#4154 = CARTESIAN_POINT('',(1.27,-3.556,2.54));
#4155 = LINE('',#4156,#4157);
#4156 = CARTESIAN_POINT('',(1.016,-3.81,2.54));
#4157 = VECTOR('',#4158,1.);
#4158 = DIRECTION('',(0.707106781187,0.707106781187,0.));
#4159 = ORIENTED_EDGE('',*,*,#4160,.T.);
#4160 = EDGE_CURVE('',#4153,#4161,#4163,.T.);
#4161 = VERTEX_POINT('',#4162);
#4162 = CARTESIAN_POINT('',(1.27,-1.524,2.54));
#4163 = LINE('',#4164,#4165);
#4164 = CARTESIAN_POINT('',(1.27,-3.556,2.54));
#4165 = VECTOR('',#4166,1.);
#4166 = DIRECTION('',(0.,1.,0.));
#4167 = ORIENTED_EDGE('',*,*,#4168,.T.);
#4168 = EDGE_CURVE('',#4161,#4169,#4171,.T.);
#4169 = VERTEX_POINT('',#4170);
#4170 = CARTESIAN_POINT('',(1.016,-1.27,2.54));
#4171 = LINE('',#4172,#4173);
#4172 = CARTESIAN_POINT('',(1.27,-1.524,2.54));
#4173 = VECTOR('',#4174,1.);
#4174 = DIRECTION('',(-0.707106781187,0.707106781187,0.));
#4175 = ORIENTED_EDGE('',*,*,#4176,.T.);
#4176 = EDGE_CURVE('',#4169,#4177,#4179,.T.);
#4177 = VERTEX_POINT('',#4178);
#4178 = CARTESIAN_POINT('',(1.27,-1.016,2.54));
#4179 = LINE('',#4180,#4181);
#4180 = CARTESIAN_POINT('',(1.016,-1.27,2.54));
#4181 = VECTOR('',#4182,1.);
#4182 = DIRECTION('',(0.707106781187,0.707106781187,0.));
#4183 = ORIENTED_EDGE('',*,*,#4184,.T.);
#4184 = EDGE_CURVE('',#4177,#4185,#4187,.T.);
#4185 = VERTEX_POINT('',#4186);
#4186 = CARTESIAN_POINT('',(1.27,1.016,2.54));
#4187 = LINE('',#4188,#4189);
#4188 = CARTESIAN_POINT('',(1.27,-1.016,2.54));
#4189 = VECTOR('',#4190,1.);
#4190 = DIRECTION('',(0.,1.,0.));
#4191 = ORIENTED_EDGE('',*,*,#4192,.T.);
#4192 = EDGE_CURVE('',#4185,#3366,#4193,.T.);
#4193 = LINE('',#4194,#4195);
#4194 = CARTESIAN_POINT('',(1.27,1.016,2.54));
#4195 = VECTOR('',#4196,1.);
#4196 = DIRECTION('',(-0.707106781187,0.707106781187,0.));
#4197 = ORIENTED_EDGE('',*,*,#3373,.T.);
#4198 = FACE_BOUND('',#4199,.T.);
#4199 = EDGE_LOOP('',(#4200,#4210,#4218,#4226));
#4200 = ORIENTED_EDGE('',*,*,#4201,.F.);
#4201 = EDGE_CURVE('',#4202,#4204,#4206,.T.);
#4202 = VERTEX_POINT('',#4203);
#4203 = CARTESIAN_POINT('',(0.32,-0.32,2.54));
#4204 = VERTEX_POINT('',#4205);
#4205 = CARTESIAN_POINT('',(0.32,0.32,2.54));
#4206 = LINE('',#4207,#4208);
#4207 = CARTESIAN_POINT('',(0.32,-3.335,2.54));
#4208 = VECTOR('',#4209,1.);
#4209 = DIRECTION('',(0.,1.,0.));
#4210 = ORIENTED_EDGE('',*,*,#4211,.T.);
#4211 = EDGE_CURVE('',#4202,#4212,#4214,.T.);
#4212 = VERTEX_POINT('',#4213);
#4213 = CARTESIAN_POINT('',(-0.32,-0.32,2.54));
#4214 = LINE('',#4215,#4216);
#4215 = CARTESIAN_POINT('',(-0.16,-0.32,2.54));
#4216 = VECTOR('',#4217,1.);
#4217 = DIRECTION('',(-1.,0.,0.));
#4218 = ORIENTED_EDGE('',*,*,#4219,.T.);
#4219 = EDGE_CURVE('',#4212,#4220,#4222,.T.);
#4220 = VERTEX_POINT('',#4221);
#4221 = CARTESIAN_POINT('',(-0.32,0.32,2.54));
#4222 = LINE('',#4223,#4224);
#4223 = CARTESIAN_POINT('',(-0.32,-3.335,2.54));
#4224 = VECTOR('',#4225,1.);
#4225 = DIRECTION('',(0.,1.,0.));
#4226 = ORIENTED_EDGE('',*,*,#4227,.F.);
#4227 = EDGE_CURVE('',#4204,#4220,#4228,.T.);
#4228 = LINE('',#4229,#4230);
#4229 = CARTESIAN_POINT('',(-0.16,0.32,2.54));
#4230 = VECTOR('',#4231,1.);
#4231 = DIRECTION('',(-1.,0.,0.));
#4232 = FACE_BOUND('',#4233,.T.);
#4233 = EDGE_LOOP('',(#4234,#4244,#4252,#4260));
#4234 = ORIENTED_EDGE('',*,*,#4235,.F.);
#4235 = EDGE_CURVE('',#4236,#4238,#4240,.T.);
#4236 = VERTEX_POINT('',#4237);
#4237 = CARTESIAN_POINT('',(0.32,-5.4,2.54));
#4238 = VERTEX_POINT('',#4239);
#4239 = CARTESIAN_POINT('',(0.32,-4.76,2.54));
#4240 = LINE('',#4241,#4242);
#4241 = CARTESIAN_POINT('',(0.32,-5.875,2.54));
#4242 = VECTOR('',#4243,1.);
#4243 = DIRECTION('',(0.,1.,0.));
#4244 = ORIENTED_EDGE('',*,*,#4245,.T.);
#4245 = EDGE_CURVE('',#4236,#4246,#4248,.T.);
#4246 = VERTEX_POINT('',#4247);
#4247 = CARTESIAN_POINT('',(-0.32,-5.4,2.54));
#4248 = LINE('',#4249,#4250);
#4249 = CARTESIAN_POINT('',(-0.16,-5.4,2.54));
#4250 = VECTOR('',#4251,1.);
#4251 = DIRECTION('',(-1.,0.,0.));
#4252 = ORIENTED_EDGE('',*,*,#4253,.T.);
#4253 = EDGE_CURVE('',#4246,#4254,#4256,.T.);
#4254 = VERTEX_POINT('',#4255);
#4255 = CARTESIAN_POINT('',(-0.32,-4.76,2.54));
#4256 = LINE('',#4257,#4258);
#4257 = CARTESIAN_POINT('',(-0.32,-5.875,2.54));
#4258 = VECTOR('',#4259,1.);
#4259 = DIRECTION('',(0.,1.,0.));
#4260 = ORIENTED_EDGE('',*,*,#4261,.F.);
#4261 = EDGE_CURVE('',#4238,#4254,#4262,.T.);
#4262 = LINE('',#4263,#4264);
#4263 = CARTESIAN_POINT('',(-0.16,-4.76,2.54));
#4264 = VECTOR('',#4265,1.);
#4265 = DIRECTION('',(-1.,0.,0.));
#4266 = FACE_BOUND('',#4267,.T.);
#4267 = EDGE_LOOP('',(#4268,#4278,#4286,#4294));
#4268 = ORIENTED_EDGE('',*,*,#4269,.F.);
#4269 = EDGE_CURVE('',#4270,#4272,#4274,.T.);
#4270 = VERTEX_POINT('',#4271);
#4271 = CARTESIAN_POINT('',(0.32,-2.86,2.54));
#4272 = VERTEX_POINT('',#4273);
#4273 = CARTESIAN_POINT('',(0.32,-2.22,2.54));
#4274 = LINE('',#4275,#4276);
#4275 = CARTESIAN_POINT('',(0.32,-4.605,2.54));
#4276 = VECTOR('',#4277,1.);
#4277 = DIRECTION('',(0.,1.,0.));
#4278 = ORIENTED_EDGE('',*,*,#4279,.T.);
#4279 = EDGE_CURVE('',#4270,#4280,#4282,.T.);
#4280 = VERTEX_POINT('',#4281);
#4281 = CARTESIAN_POINT('',(-0.32,-2.86,2.54));
#4282 = LINE('',#4283,#4284);
#4283 = CARTESIAN_POINT('',(-0.16,-2.86,2.54));
#4284 = VECTOR('',#4285,1.);
#4285 = DIRECTION('',(-1.,0.,0.));
#4286 = ORIENTED_EDGE('',*,*,#4287,.T.);
#4287 = EDGE_CURVE('',#4280,#4288,#4290,.T.);
#4288 = VERTEX_POINT('',#4289);
#4289 = CARTESIAN_POINT('',(-0.32,-2.22,2.54));
#4290 = LINE('',#4291,#4292);
#4291 = CARTESIAN_POINT('',(-0.32,-4.605,2.54));
#4292 = VECTOR('',#4293,1.);
#4293 = DIRECTION('',(0.,1.,0.));
#4294 = ORIENTED_EDGE('',*,*,#4295,.F.);
#4295 = EDGE_CURVE('',#4272,#4288,#4296,.T.);
#4296 = LINE('',#4297,#4298);
#4297 = CARTESIAN_POINT('',(-0.16,-2.22,2.54));
#4298 = VECTOR('',#4299,1.);
#4299 = DIRECTION('',(-1.,0.,0.));
#4300 = FACE_BOUND('',#4301,.T.);
#4301 = EDGE_LOOP('',(#4302,#4312,#4320,#4328));
#4302 = ORIENTED_EDGE('',*,*,#4303,.T.);
#4303 = EDGE_CURVE('',#4304,#4306,#4308,.T.);
#4304 = VERTEX_POINT('',#4305);
#4305 = CARTESIAN_POINT('',(0.32,-13.02,2.54));
#4306 = VERTEX_POINT('',#4307);
#4307 = CARTESIAN_POINT('',(-0.32,-13.02,2.54));
#4308 = LINE('',#4309,#4310);
#4309 = CARTESIAN_POINT('',(-0.16,-13.02,2.54));
#4310 = VECTOR('',#4311,1.);
#4311 = DIRECTION('',(-1.,0.,0.));
#4312 = ORIENTED_EDGE('',*,*,#4313,.T.);
#4313 = EDGE_CURVE('',#4306,#4314,#4316,.T.);
#4314 = VERTEX_POINT('',#4315);
#4315 = CARTESIAN_POINT('',(-0.32,-12.38,2.54));
#4316 = LINE('',#4317,#4318);
#4317 = CARTESIAN_POINT('',(-0.32,-9.685,2.54));
#4318 = VECTOR('',#4319,1.);
#4319 = DIRECTION('',(0.,1.,0.));
#4320 = ORIENTED_EDGE('',*,*,#4321,.F.);
#4321 = EDGE_CURVE('',#4322,#4314,#4324,.T.);
#4322 = VERTEX_POINT('',#4323);
#4323 = CARTESIAN_POINT('',(0.32,-12.38,2.54));
#4324 = LINE('',#4325,#4326);
#4325 = CARTESIAN_POINT('',(-0.16,-12.38,2.54));
#4326 = VECTOR('',#4327,1.);
#4327 = DIRECTION('',(-1.,0.,0.));
#4328 = ORIENTED_EDGE('',*,*,#4329,.F.);
#4329 = EDGE_CURVE('',#4304,#4322,#4330,.T.);
#4330 = LINE('',#4331,#4332);
#4331 = CARTESIAN_POINT('',(0.32,-9.685,2.54));
#4332 = VECTOR('',#4333,1.);
#4333 = DIRECTION('',(0.,1.,0.));
#4334 = FACE_BOUND('',#4335,.T.);
#4335 = EDGE_LOOP('',(#4336,#4346,#4354,#4362));
#4336 = ORIENTED_EDGE('',*,*,#4337,.F.);
#4337 = EDGE_CURVE('',#4338,#4340,#4342,.T.);
#4338 = VERTEX_POINT('',#4339);
#4339 = CARTESIAN_POINT('',(0.32,-9.84,2.54));
#4340 = VERTEX_POINT('',#4341);
#4341 = CARTESIAN_POINT('',(-0.32,-9.84,2.54));
#4342 = LINE('',#4343,#4344);
#4343 = CARTESIAN_POINT('',(-0.16,-9.84,2.54));
#4344 = VECTOR('',#4345,1.);
#4345 = DIRECTION('',(-1.,0.,0.));
#4346 = ORIENTED_EDGE('',*,*,#4347,.F.);
#4347 = EDGE_CURVE('',#4348,#4338,#4350,.T.);
#4348 = VERTEX_POINT('',#4349);
#4349 = CARTESIAN_POINT('',(0.32,-10.48,2.54));
#4350 = LINE('',#4351,#4352);
#4351 = CARTESIAN_POINT('',(0.32,-8.415,2.54));
#4352 = VECTOR('',#4353,1.);
#4353 = DIRECTION('',(0.,1.,0.));
#4354 = ORIENTED_EDGE('',*,*,#4355,.T.);
#4355 = EDGE_CURVE('',#4348,#4356,#4358,.T.);
#4356 = VERTEX_POINT('',#4357);
#4357 = CARTESIAN_POINT('',(-0.32,-10.48,2.54));
#4358 = LINE('',#4359,#4360);
#4359 = CARTESIAN_POINT('',(-0.16,-10.48,2.54));
#4360 = VECTOR('',#4361,1.);
#4361 = DIRECTION('',(-1.,0.,0.));
#4362 = ORIENTED_EDGE('',*,*,#4363,.T.);
#4363 = EDGE_CURVE('',#4356,#4340,#4364,.T.);
#4364 = LINE('',#4365,#4366);
#4365 = CARTESIAN_POINT('',(-0.32,-8.415,2.54));
#4366 = VECTOR('',#4367,1.);
#4367 = DIRECTION('',(0.,1.,0.));
#4368 = FACE_BOUND('',#4369,.T.);
#4369 = EDGE_LOOP('',(#4370,#4380,#4388,#4396));
#4370 = ORIENTED_EDGE('',*,*,#4371,.T.);
#4371 = EDGE_CURVE('',#4372,#4374,#4376,.T.);
#4372 = VERTEX_POINT('',#4373);
#4373 = CARTESIAN_POINT('',(0.32,-7.94,2.54));
#4374 = VERTEX_POINT('',#4375);
#4375 = CARTESIAN_POINT('',(-0.32,-7.94,2.54));
#4376 = LINE('',#4377,#4378);
#4377 = CARTESIAN_POINT('',(-0.16,-7.94,2.54));
#4378 = VECTOR('',#4379,1.);
#4379 = DIRECTION('',(-1.,0.,0.));
#4380 = ORIENTED_EDGE('',*,*,#4381,.T.);
#4381 = EDGE_CURVE('',#4374,#4382,#4384,.T.);
#4382 = VERTEX_POINT('',#4383);
#4383 = CARTESIAN_POINT('',(-0.32,-7.3,2.54));
#4384 = LINE('',#4385,#4386);
#4385 = CARTESIAN_POINT('',(-0.32,-7.145,2.54));
#4386 = VECTOR('',#4387,1.);
#4387 = DIRECTION('',(0.,1.,0.));
#4388 = ORIENTED_EDGE('',*,*,#4389,.F.);
#4389 = EDGE_CURVE('',#4390,#4382,#4392,.T.);
#4390 = VERTEX_POINT('',#4391);
#4391 = CARTESIAN_POINT('',(0.32,-7.3,2.54));
#4392 = LINE('',#4393,#4394);
#4393 = CARTESIAN_POINT('',(-0.16,-7.3,2.54));
#4394 = VECTOR('',#4395,1.);
#4395 = DIRECTION('',(-1.,0.,0.));
#4396 = ORIENTED_EDGE('',*,*,#4397,.F.);
#4397 = EDGE_CURVE('',#4372,#4390,#4398,.T.);
#4398 = LINE('',#4399,#4400);
#4399 = CARTESIAN_POINT('',(0.32,-7.145,2.54));
#4400 = VECTOR('',#4401,1.);
#4401 = DIRECTION('',(0.,1.,0.));
#4402 = PLANE('',#4403);
#4403 = AXIS2_PLACEMENT_3D('',#4404,#4405,#4406);
#4404 = CARTESIAN_POINT('',(-1.797008255889E-17,-6.35,2.54));
#4405 = DIRECTION('',(0.,0.,1.));
#4406 = DIRECTION('',(1.,0.,-0.));
#4407 = ADVANCED_FACE('',(#4408),#4419,.F.);
#4408 = FACE_BOUND('',#4409,.F.);
#4409 = EDGE_LOOP('',(#4410,#4416,#4417,#4418));
#4410 = ORIENTED_EDGE('',*,*,#4411,.T.);
#4411 = EDGE_CURVE('',#3692,#4185,#4412,.T.);
#4412 = LINE('',#4413,#4414);
#4413 = CARTESIAN_POINT('',(1.27,1.016,0.));
#4414 = VECTOR('',#4415,1.);
#4415 = DIRECTION('',(0.,0.,1.));
#4416 = ORIENTED_EDGE('',*,*,#4192,.T.);
#4417 = ORIENTED_EDGE('',*,*,#3363,.F.);
#4418 = ORIENTED_EDGE('',*,*,#3699,.F.);
#4419 = PLANE('',#4420);
#4420 = AXIS2_PLACEMENT_3D('',#4421,#4422,#4423);
#4421 = CARTESIAN_POINT('',(1.27,1.016,0.));
#4422 = DIRECTION('',(-0.707106781187,-0.707106781187,0.));
#4423 = DIRECTION('',(-0.707106781187,0.707106781187,0.));
#4424 = ADVANCED_FACE('',(#4425),#4436,.F.);
#4425 = FACE_BOUND('',#4426,.F.);
#4426 = EDGE_LOOP('',(#4427,#4428,#4429,#4435));
#4427 = ORIENTED_EDGE('',*,*,#3403,.T.);
#4428 = ORIENTED_EDGE('',*,*,#3920,.T.);
#4429 = ORIENTED_EDGE('',*,*,#4430,.F.);
#4430 = EDGE_CURVE('',#3428,#3921,#4431,.T.);
#4431 = LINE('',#4432,#4433);
#4432 = CARTESIAN_POINT('',(-1.016,-1.27,0.));
#4433 = VECTOR('',#4434,1.);
#4434 = DIRECTION('',(0.,0.,1.));
#4435 = ORIENTED_EDGE('',*,*,#3427,.F.);
#4436 = PLANE('',#4437);
#4437 = AXIS2_PLACEMENT_3D('',#4438,#4439,#4440);
#4438 = CARTESIAN_POINT('',(-1.27,-1.016,0.));
#4439 = DIRECTION('',(0.707106781187,0.707106781187,0.));
#4440 = DIRECTION('',(0.707106781187,-0.707106781187,0.));
#4441 = ADVANCED_FACE('',(#4442),#4453,.F.);
#4442 = FACE_BOUND('',#4443,.F.);
#4443 = EDGE_LOOP('',(#4444,#4450,#4451,#4452));
#4444 = ORIENTED_EDGE('',*,*,#4445,.T.);
#4445 = EDGE_CURVE('',#3684,#4177,#4446,.T.);
#4446 = LINE('',#4447,#4448);
#4447 = CARTESIAN_POINT('',(1.27,-1.016,0.));
#4448 = VECTOR('',#4449,1.);
#4449 = DIRECTION('',(0.,0.,1.));
#4450 = ORIENTED_EDGE('',*,*,#4184,.T.);
#4451 = ORIENTED_EDGE('',*,*,#4411,.F.);
#4452 = ORIENTED_EDGE('',*,*,#3691,.F.);
#4453 = PLANE('',#4454);
#4454 = AXIS2_PLACEMENT_3D('',#4455,#4456,#4457);
#4455 = CARTESIAN_POINT('',(1.27,-1.016,0.));
#4456 = DIRECTION('',(-1.,0.,0.));
#4457 = DIRECTION('',(0.,1.,0.));
#4458 = ADVANCED_FACE('',(#4459),#4470,.F.);
#4459 = FACE_BOUND('',#4460,.F.);
#4460 = EDGE_LOOP('',(#4461,#4462,#4463,#4469));
#4461 = ORIENTED_EDGE('',*,*,#4430,.T.);
#4462 = ORIENTED_EDGE('',*,*,#3928,.T.);
#4463 = ORIENTED_EDGE('',*,*,#4464,.F.);
#4464 = EDGE_CURVE('',#3436,#3929,#4465,.T.);
#4465 = LINE('',#4466,#4467);
#4466 = CARTESIAN_POINT('',(-1.27,-1.524,0.));
#4467 = VECTOR('',#4468,1.);
#4468 = DIRECTION('',(0.,0.,1.));
#4469 = ORIENTED_EDGE('',*,*,#3435,.F.);
#4470 = PLANE('',#4471);
#4471 = AXIS2_PLACEMENT_3D('',#4472,#4473,#4474);
#4472 = CARTESIAN_POINT('',(-1.016,-1.27,0.));
#4473 = DIRECTION('',(0.707106781187,-0.707106781187,0.));
#4474 = DIRECTION('',(-0.707106781187,-0.707106781187,0.));
#4475 = ADVANCED_FACE('',(#4476),#4487,.F.);
#4476 = FACE_BOUND('',#4477,.F.);
#4477 = EDGE_LOOP('',(#4478,#4484,#4485,#4486));
#4478 = ORIENTED_EDGE('',*,*,#4479,.T.);
#4479 = EDGE_CURVE('',#3676,#4169,#4480,.T.);
#4480 = LINE('',#4481,#4482);
#4481 = CARTESIAN_POINT('',(1.016,-1.27,0.));
#4482 = VECTOR('',#4483,1.);
#4483 = DIRECTION('',(0.,0.,1.));
#4484 = ORIENTED_EDGE('',*,*,#4176,.T.);
#4485 = ORIENTED_EDGE('',*,*,#4445,.F.);
#4486 = ORIENTED_EDGE('',*,*,#3683,.F.);
#4487 = PLANE('',#4488);
#4488 = AXIS2_PLACEMENT_3D('',#4489,#4490,#4491);
#4489 = CARTESIAN_POINT('',(1.016,-1.27,0.));
#4490 = DIRECTION('',(-0.707106781187,0.707106781187,0.));
#4491 = DIRECTION('',(0.707106781187,0.707106781187,0.));
#4492 = ADVANCED_FACE('',(#4493),#4504,.F.);
#4493 = FACE_BOUND('',#4494,.F.);
#4494 = EDGE_LOOP('',(#4495,#4496,#4497,#4503));
#4495 = ORIENTED_EDGE('',*,*,#4464,.T.);
#4496 = ORIENTED_EDGE('',*,*,#3936,.T.);
#4497 = ORIENTED_EDGE('',*,*,#4498,.F.);
#4498 = EDGE_CURVE('',#3444,#3937,#4499,.T.);
#4499 = LINE('',#4500,#4501);
#4500 = CARTESIAN_POINT('',(-1.27,-3.556,0.));
#4501 = VECTOR('',#4502,1.);
#4502 = DIRECTION('',(0.,0.,1.));
#4503 = ORIENTED_EDGE('',*,*,#3443,.F.);
#4504 = PLANE('',#4505);
#4505 = AXIS2_PLACEMENT_3D('',#4506,#4507,#4508);
#4506 = CARTESIAN_POINT('',(-1.27,-1.524,0.));
#4507 = DIRECTION('',(1.,0.,0.));
#4508 = DIRECTION('',(0.,-1.,0.));
#4509 = ADVANCED_FACE('',(#4510),#4521,.F.);
#4510 = FACE_BOUND('',#4511,.F.);
#4511 = EDGE_LOOP('',(#4512,#4518,#4519,#4520));
#4512 = ORIENTED_EDGE('',*,*,#4513,.T.);
#4513 = EDGE_CURVE('',#3668,#4161,#4514,.T.);
#4514 = LINE('',#4515,#4516);
#4515 = CARTESIAN_POINT('',(1.27,-1.524,0.));
#4516 = VECTOR('',#4517,1.);
#4517 = DIRECTION('',(0.,0.,1.));
#4518 = ORIENTED_EDGE('',*,*,#4168,.T.);
#4519 = ORIENTED_EDGE('',*,*,#4479,.F.);
#4520 = ORIENTED_EDGE('',*,*,#3675,.F.);
#4521 = PLANE('',#4522);
#4522 = AXIS2_PLACEMENT_3D('',#4523,#4524,#4525);
#4523 = CARTESIAN_POINT('',(1.27,-1.524,0.));
#4524 = DIRECTION('',(-0.707106781187,-0.707106781187,0.));
#4525 = DIRECTION('',(-0.707106781187,0.707106781187,0.));
#4526 = ADVANCED_FACE('',(#4527),#4538,.F.);
#4527 = FACE_BOUND('',#4528,.F.);
#4528 = EDGE_LOOP('',(#4529,#4530,#4531,#4537));
#4529 = ORIENTED_EDGE('',*,*,#4498,.T.);
#4530 = ORIENTED_EDGE('',*,*,#3944,.T.);
#4531 = ORIENTED_EDGE('',*,*,#4532,.F.);
#4532 = EDGE_CURVE('',#3452,#3945,#4533,.T.);
#4533 = LINE('',#4534,#4535);
#4534 = CARTESIAN_POINT('',(-1.016,-3.81,0.));
#4535 = VECTOR('',#4536,1.);
#4536 = DIRECTION('',(0.,0.,1.));
#4537 = ORIENTED_EDGE('',*,*,#3451,.F.);
#4538 = PLANE('',#4539);
#4539 = AXIS2_PLACEMENT_3D('',#4540,#4541,#4542);
#4540 = CARTESIAN_POINT('',(-1.27,-3.556,0.));
#4541 = DIRECTION('',(0.707106781187,0.707106781187,0.));
#4542 = DIRECTION('',(0.707106781187,-0.707106781187,0.));
#4543 = ADVANCED_FACE('',(#4544),#4555,.F.);
#4544 = FACE_BOUND('',#4545,.F.);
#4545 = EDGE_LOOP('',(#4546,#4552,#4553,#4554));
#4546 = ORIENTED_EDGE('',*,*,#4547,.T.);
#4547 = EDGE_CURVE('',#3660,#4153,#4548,.T.);
#4548 = LINE('',#4549,#4550);
#4549 = CARTESIAN_POINT('',(1.27,-3.556,0.));
#4550 = VECTOR('',#4551,1.);
#4551 = DIRECTION('',(0.,0.,1.));
#4552 = ORIENTED_EDGE('',*,*,#4160,.T.);
#4553 = ORIENTED_EDGE('',*,*,#4513,.F.);
#4554 = ORIENTED_EDGE('',*,*,#3667,.F.);
#4555 = PLANE('',#4556);
#4556 = AXIS2_PLACEMENT_3D('',#4557,#4558,#4559);
#4557 = CARTESIAN_POINT('',(1.27,-3.556,0.));
#4558 = DIRECTION('',(-1.,0.,0.));
#4559 = DIRECTION('',(0.,1.,0.));
#4560 = ADVANCED_FACE('',(#4561),#4572,.F.);
#4561 = FACE_BOUND('',#4562,.F.);
#4562 = EDGE_LOOP('',(#4563,#4564,#4565,#4571));
#4563 = ORIENTED_EDGE('',*,*,#4532,.T.);
#4564 = ORIENTED_EDGE('',*,*,#3952,.T.);
#4565 = ORIENTED_EDGE('',*,*,#4566,.F.);
#4566 = EDGE_CURVE('',#3460,#3953,#4567,.T.);
#4567 = LINE('',#4568,#4569);
#4568 = CARTESIAN_POINT('',(-1.27,-4.064,0.));
#4569 = VECTOR('',#4570,1.);
#4570 = DIRECTION('',(0.,0.,1.));
#4571 = ORIENTED_EDGE('',*,*,#3459,.F.);
#4572 = PLANE('',#4573);
#4573 = AXIS2_PLACEMENT_3D('',#4574,#4575,#4576);
#4574 = CARTESIAN_POINT('',(-1.016,-3.81,0.));
#4575 = DIRECTION('',(0.707106781187,-0.707106781187,0.));
#4576 = DIRECTION('',(-0.707106781187,-0.707106781187,0.));
#4577 = ADVANCED_FACE('',(#4578),#4589,.F.);
#4578 = FACE_BOUND('',#4579,.F.);
#4579 = EDGE_LOOP('',(#4580,#4586,#4587,#4588));
#4580 = ORIENTED_EDGE('',*,*,#4581,.T.);
#4581 = EDGE_CURVE('',#3652,#4145,#4582,.T.);
#4582 = LINE('',#4583,#4584);
#4583 = CARTESIAN_POINT('',(1.016,-3.81,0.));
#4584 = VECTOR('',#4585,1.);
#4585 = DIRECTION('',(0.,0.,1.));
#4586 = ORIENTED_EDGE('',*,*,#4152,.T.);
#4587 = ORIENTED_EDGE('',*,*,#4547,.F.);
#4588 = ORIENTED_EDGE('',*,*,#3659,.F.);
#4589 = PLANE('',#4590);
#4590 = AXIS2_PLACEMENT_3D('',#4591,#4592,#4593);
#4591 = CARTESIAN_POINT('',(1.016,-3.81,0.));
#4592 = DIRECTION('',(-0.707106781187,0.707106781187,0.));
#4593 = DIRECTION('',(0.707106781187,0.707106781187,0.));
#4594 = ADVANCED_FACE('',(#4595),#4606,.F.);
#4595 = FACE_BOUND('',#4596,.F.);
#4596 = EDGE_LOOP('',(#4597,#4598,#4599,#4605));
#4597 = ORIENTED_EDGE('',*,*,#4566,.T.);
#4598 = ORIENTED_EDGE('',*,*,#3960,.T.);
#4599 = ORIENTED_EDGE('',*,*,#4600,.F.);
#4600 = EDGE_CURVE('',#3468,#3961,#4601,.T.);
#4601 = LINE('',#4602,#4603);
#4602 = CARTESIAN_POINT('',(-1.27,-6.096,0.));
#4603 = VECTOR('',#4604,1.);
#4604 = DIRECTION('',(0.,0.,1.));
#4605 = ORIENTED_EDGE('',*,*,#3467,.F.);
#4606 = PLANE('',#4607);
#4607 = AXIS2_PLACEMENT_3D('',#4608,#4609,#4610);
#4608 = CARTESIAN_POINT('',(-1.27,-4.064,0.));
#4609 = DIRECTION('',(1.,0.,0.));
#4610 = DIRECTION('',(0.,-1.,0.));
#4611 = ADVANCED_FACE('',(#4612),#4623,.F.);
#4612 = FACE_BOUND('',#4613,.F.);
#4613 = EDGE_LOOP('',(#4614,#4620,#4621,#4622));
#4614 = ORIENTED_EDGE('',*,*,#4615,.T.);
#4615 = EDGE_CURVE('',#3644,#4137,#4616,.T.);
#4616 = LINE('',#4617,#4618);
#4617 = CARTESIAN_POINT('',(1.27,-4.064,0.));
#4618 = VECTOR('',#4619,1.);
#4619 = DIRECTION('',(0.,0.,1.));
#4620 = ORIENTED_EDGE('',*,*,#4144,.T.);
#4621 = ORIENTED_EDGE('',*,*,#4581,.F.);
#4622 = ORIENTED_EDGE('',*,*,#3651,.F.);
#4623 = PLANE('',#4624);
#4624 = AXIS2_PLACEMENT_3D('',#4625,#4626,#4627);
#4625 = CARTESIAN_POINT('',(1.27,-4.064,0.));
#4626 = DIRECTION('',(-0.707106781187,-0.707106781187,0.));
#4627 = DIRECTION('',(-0.707106781187,0.707106781187,0.));
#4628 = ADVANCED_FACE('',(#4629),#4640,.F.);
#4629 = FACE_BOUND('',#4630,.F.);
#4630 = EDGE_LOOP('',(#4631,#4632,#4633,#4639));
#4631 = ORIENTED_EDGE('',*,*,#4600,.T.);
#4632 = ORIENTED_EDGE('',*,*,#3968,.T.);
#4633 = ORIENTED_EDGE('',*,*,#4634,.F.);
#4634 = EDGE_CURVE('',#3476,#3969,#4635,.T.);
#4635 = LINE('',#4636,#4637);
#4636 = CARTESIAN_POINT('',(-1.016,-6.35,0.));
#4637 = VECTOR('',#4638,1.);
#4638 = DIRECTION('',(0.,0.,1.));
#4639 = ORIENTED_EDGE('',*,*,#3475,.F.);
#4640 = PLANE('',#4641);
#4641 = AXIS2_PLACEMENT_3D('',#4642,#4643,#4644);
#4642 = CARTESIAN_POINT('',(-1.27,-6.096,0.));
#4643 = DIRECTION('',(0.707106781187,0.707106781187,0.));
#4644 = DIRECTION('',(0.707106781187,-0.707106781187,0.));
#4645 = ADVANCED_FACE('',(#4646),#4657,.F.);
#4646 = FACE_BOUND('',#4647,.F.);
#4647 = EDGE_LOOP('',(#4648,#4654,#4655,#4656));
#4648 = ORIENTED_EDGE('',*,*,#4649,.T.);
#4649 = EDGE_CURVE('',#3636,#4129,#4650,.T.);
#4650 = LINE('',#4651,#4652);
#4651 = CARTESIAN_POINT('',(1.27,-6.096,0.));
#4652 = VECTOR('',#4653,1.);
#4653 = DIRECTION('',(0.,0.,1.));
#4654 = ORIENTED_EDGE('',*,*,#4136,.T.);
#4655 = ORIENTED_EDGE('',*,*,#4615,.F.);
#4656 = ORIENTED_EDGE('',*,*,#3643,.F.);
#4657 = PLANE('',#4658);
#4658 = AXIS2_PLACEMENT_3D('',#4659,#4660,#4661);
#4659 = CARTESIAN_POINT('',(1.27,-6.096,0.));
#4660 = DIRECTION('',(-1.,0.,0.));
#4661 = DIRECTION('',(0.,1.,0.));
#4662 = ADVANCED_FACE('',(#4663),#4674,.F.);
#4663 = FACE_BOUND('',#4664,.F.);
#4664 = EDGE_LOOP('',(#4665,#4666,#4667,#4673));
#4665 = ORIENTED_EDGE('',*,*,#4634,.T.);
#4666 = ORIENTED_EDGE('',*,*,#3976,.T.);
#4667 = ORIENTED_EDGE('',*,*,#4668,.F.);
#4668 = EDGE_CURVE('',#3484,#3977,#4669,.T.);
#4669 = LINE('',#4670,#4671);
#4670 = CARTESIAN_POINT('',(-1.27,-6.604,0.));
#4671 = VECTOR('',#4672,1.);
#4672 = DIRECTION('',(0.,0.,1.));
#4673 = ORIENTED_EDGE('',*,*,#3483,.F.);
#4674 = PLANE('',#4675);
#4675 = AXIS2_PLACEMENT_3D('',#4676,#4677,#4678);
#4676 = CARTESIAN_POINT('',(-1.016,-6.35,0.));
#4677 = DIRECTION('',(0.707106781187,-0.707106781187,0.));
#4678 = DIRECTION('',(-0.707106781187,-0.707106781187,0.));
#4679 = ADVANCED_FACE('',(#4680),#4691,.F.);
#4680 = FACE_BOUND('',#4681,.F.);
#4681 = EDGE_LOOP('',(#4682,#4688,#4689,#4690));
#4682 = ORIENTED_EDGE('',*,*,#4683,.T.);
#4683 = EDGE_CURVE('',#3628,#4121,#4684,.T.);
#4684 = LINE('',#4685,#4686);
#4685 = CARTESIAN_POINT('',(1.016,-6.35,0.));
#4686 = VECTOR('',#4687,1.);
#4687 = DIRECTION('',(0.,0.,1.));
#4688 = ORIENTED_EDGE('',*,*,#4128,.T.);
#4689 = ORIENTED_EDGE('',*,*,#4649,.F.);
#4690 = ORIENTED_EDGE('',*,*,#3635,.F.);
#4691 = PLANE('',#4692);
#4692 = AXIS2_PLACEMENT_3D('',#4693,#4694,#4695);
#4693 = CARTESIAN_POINT('',(1.016,-6.35,0.));
#4694 = DIRECTION('',(-0.707106781187,0.707106781187,0.));
#4695 = DIRECTION('',(0.707106781187,0.707106781187,0.));
#4696 = ADVANCED_FACE('',(#4697),#4708,.F.);
#4697 = FACE_BOUND('',#4698,.F.);
#4698 = EDGE_LOOP('',(#4699,#4700,#4701,#4707));
#4699 = ORIENTED_EDGE('',*,*,#4668,.T.);
#4700 = ORIENTED_EDGE('',*,*,#3984,.T.);
#4701 = ORIENTED_EDGE('',*,*,#4702,.F.);
#4702 = EDGE_CURVE('',#3492,#3985,#4703,.T.);
#4703 = LINE('',#4704,#4705);
#4704 = CARTESIAN_POINT('',(-1.27,-8.636,0.));
#4705 = VECTOR('',#4706,1.);
#4706 = DIRECTION('',(0.,0.,1.));
#4707 = ORIENTED_EDGE('',*,*,#3491,.F.);
#4708 = PLANE('',#4709);
#4709 = AXIS2_PLACEMENT_3D('',#4710,#4711,#4712);
#4710 = CARTESIAN_POINT('',(-1.27,-6.604,0.));
#4711 = DIRECTION('',(1.,0.,0.));
#4712 = DIRECTION('',(0.,-1.,0.));
#4713 = ADVANCED_FACE('',(#4714),#4725,.F.);
#4714 = FACE_BOUND('',#4715,.F.);
#4715 = EDGE_LOOP('',(#4716,#4722,#4723,#4724));
#4716 = ORIENTED_EDGE('',*,*,#4717,.T.);
#4717 = EDGE_CURVE('',#3620,#4113,#4718,.T.);
#4718 = LINE('',#4719,#4720);
#4719 = CARTESIAN_POINT('',(1.27,-6.604,0.));
#4720 = VECTOR('',#4721,1.);
#4721 = DIRECTION('',(0.,0.,1.));
#4722 = ORIENTED_EDGE('',*,*,#4120,.T.);
#4723 = ORIENTED_EDGE('',*,*,#4683,.F.);
#4724 = ORIENTED_EDGE('',*,*,#3627,.F.);
#4725 = PLANE('',#4726);
#4726 = AXIS2_PLACEMENT_3D('',#4727,#4728,#4729);
#4727 = CARTESIAN_POINT('',(1.27,-6.604,0.));
#4728 = DIRECTION('',(-0.707106781187,-0.707106781187,0.));
#4729 = DIRECTION('',(-0.707106781187,0.707106781187,0.));
#4730 = ADVANCED_FACE('',(#4731),#4742,.F.);
#4731 = FACE_BOUND('',#4732,.F.);
#4732 = EDGE_LOOP('',(#4733,#4734,#4735,#4741));
#4733 = ORIENTED_EDGE('',*,*,#4702,.T.);
#4734 = ORIENTED_EDGE('',*,*,#3992,.T.);
#4735 = ORIENTED_EDGE('',*,*,#4736,.F.);
#4736 = EDGE_CURVE('',#3500,#3993,#4737,.T.);
#4737 = LINE('',#4738,#4739);
#4738 = CARTESIAN_POINT('',(-1.016,-8.89,0.));
#4739 = VECTOR('',#4740,1.);
#4740 = DIRECTION('',(0.,0.,1.));
#4741 = ORIENTED_EDGE('',*,*,#3499,.F.);
#4742 = PLANE('',#4743);
#4743 = AXIS2_PLACEMENT_3D('',#4744,#4745,#4746);
#4744 = CARTESIAN_POINT('',(-1.27,-8.636,0.));
#4745 = DIRECTION('',(0.707106781187,0.707106781187,0.));
#4746 = DIRECTION('',(0.707106781187,-0.707106781187,0.));
#4747 = ADVANCED_FACE('',(#4748),#4759,.F.);
#4748 = FACE_BOUND('',#4749,.F.);
#4749 = EDGE_LOOP('',(#4750,#4756,#4757,#4758));
#4750 = ORIENTED_EDGE('',*,*,#4751,.T.);
#4751 = EDGE_CURVE('',#3612,#4105,#4752,.T.);
#4752 = LINE('',#4753,#4754);
#4753 = CARTESIAN_POINT('',(1.27,-8.636,0.));
#4754 = VECTOR('',#4755,1.);
#4755 = DIRECTION('',(0.,0.,1.));
#4756 = ORIENTED_EDGE('',*,*,#4112,.T.);
#4757 = ORIENTED_EDGE('',*,*,#4717,.F.);
#4758 = ORIENTED_EDGE('',*,*,#3619,.F.);
#4759 = PLANE('',#4760);
#4760 = AXIS2_PLACEMENT_3D('',#4761,#4762,#4763);
#4761 = CARTESIAN_POINT('',(1.27,-8.636,0.));
#4762 = DIRECTION('',(-1.,0.,0.));
#4763 = DIRECTION('',(0.,1.,0.));
#4764 = ADVANCED_FACE('',(#4765),#4776,.F.);
#4765 = FACE_BOUND('',#4766,.F.);
#4766 = EDGE_LOOP('',(#4767,#4768,#4769,#4775));
#4767 = ORIENTED_EDGE('',*,*,#4736,.T.);
#4768 = ORIENTED_EDGE('',*,*,#4000,.T.);
#4769 = ORIENTED_EDGE('',*,*,#4770,.F.);
#4770 = EDGE_CURVE('',#3508,#4001,#4771,.T.);
#4771 = LINE('',#4772,#4773);
#4772 = CARTESIAN_POINT('',(-1.27,-9.144,0.));
#4773 = VECTOR('',#4774,1.);
#4774 = DIRECTION('',(0.,0.,1.));
#4775 = ORIENTED_EDGE('',*,*,#3507,.F.);
#4776 = PLANE('',#4777);
#4777 = AXIS2_PLACEMENT_3D('',#4778,#4779,#4780);
#4778 = CARTESIAN_POINT('',(-1.016,-8.89,0.));
#4779 = DIRECTION('',(0.707106781187,-0.707106781187,0.));
#4780 = DIRECTION('',(-0.707106781187,-0.707106781187,0.));
#4781 = ADVANCED_FACE('',(#4782),#4793,.F.);
#4782 = FACE_BOUND('',#4783,.F.);
#4783 = EDGE_LOOP('',(#4784,#4790,#4791,#4792));
#4784 = ORIENTED_EDGE('',*,*,#4785,.T.);
#4785 = EDGE_CURVE('',#3604,#4097,#4786,.T.);
#4786 = LINE('',#4787,#4788);
#4787 = CARTESIAN_POINT('',(1.016,-8.89,0.));
#4788 = VECTOR('',#4789,1.);
#4789 = DIRECTION('',(0.,0.,1.));
#4790 = ORIENTED_EDGE('',*,*,#4104,.T.);
#4791 = ORIENTED_EDGE('',*,*,#4751,.F.);
#4792 = ORIENTED_EDGE('',*,*,#3611,.F.);
#4793 = PLANE('',#4794);
#4794 = AXIS2_PLACEMENT_3D('',#4795,#4796,#4797);
#4795 = CARTESIAN_POINT('',(1.016,-8.89,0.));
#4796 = DIRECTION('',(-0.707106781187,0.707106781187,0.));
#4797 = DIRECTION('',(0.707106781187,0.707106781187,0.));
#4798 = ADVANCED_FACE('',(#4799),#4810,.F.);
#4799 = FACE_BOUND('',#4800,.F.);
#4800 = EDGE_LOOP('',(#4801,#4802,#4803,#4809));
#4801 = ORIENTED_EDGE('',*,*,#4770,.T.);
#4802 = ORIENTED_EDGE('',*,*,#4008,.T.);
#4803 = ORIENTED_EDGE('',*,*,#4804,.F.);
#4804 = EDGE_CURVE('',#3516,#4009,#4805,.T.);
#4805 = LINE('',#4806,#4807);
#4806 = CARTESIAN_POINT('',(-1.27,-11.176,0.));
#4807 = VECTOR('',#4808,1.);
#4808 = DIRECTION('',(0.,0.,1.));
#4809 = ORIENTED_EDGE('',*,*,#3515,.F.);
#4810 = PLANE('',#4811);
#4811 = AXIS2_PLACEMENT_3D('',#4812,#4813,#4814);
#4812 = CARTESIAN_POINT('',(-1.27,-9.144,0.));
#4813 = DIRECTION('',(1.,0.,0.));
#4814 = DIRECTION('',(0.,-1.,0.));
#4815 = ADVANCED_FACE('',(#4816),#4827,.F.);
#4816 = FACE_BOUND('',#4817,.F.);
#4817 = EDGE_LOOP('',(#4818,#4824,#4825,#4826));
#4818 = ORIENTED_EDGE('',*,*,#4819,.T.);
#4819 = EDGE_CURVE('',#3596,#4089,#4820,.T.);
#4820 = LINE('',#4821,#4822);
#4821 = CARTESIAN_POINT('',(1.27,-9.144,0.));
#4822 = VECTOR('',#4823,1.);
#4823 = DIRECTION('',(0.,0.,1.));
#4824 = ORIENTED_EDGE('',*,*,#4096,.T.);
#4825 = ORIENTED_EDGE('',*,*,#4785,.F.);
#4826 = ORIENTED_EDGE('',*,*,#3603,.F.);
#4827 = PLANE('',#4828);
#4828 = AXIS2_PLACEMENT_3D('',#4829,#4830,#4831);
#4829 = CARTESIAN_POINT('',(1.27,-9.144,0.));
#4830 = DIRECTION('',(-0.707106781187,-0.707106781187,0.));
#4831 = DIRECTION('',(-0.707106781187,0.707106781187,0.));
#4832 = ADVANCED_FACE('',(#4833),#4844,.F.);
#4833 = FACE_BOUND('',#4834,.F.);
#4834 = EDGE_LOOP('',(#4835,#4836,#4837,#4843));
#4835 = ORIENTED_EDGE('',*,*,#4804,.T.);
#4836 = ORIENTED_EDGE('',*,*,#4016,.T.);
#4837 = ORIENTED_EDGE('',*,*,#4838,.F.);
#4838 = EDGE_CURVE('',#3524,#4017,#4839,.T.);
#4839 = LINE('',#4840,#4841);
#4840 = CARTESIAN_POINT('',(-1.016,-11.43,0.));
#4841 = VECTOR('',#4842,1.);
#4842 = DIRECTION('',(0.,0.,1.));
#4843 = ORIENTED_EDGE('',*,*,#3523,.F.);
#4844 = PLANE('',#4845);
#4845 = AXIS2_PLACEMENT_3D('',#4846,#4847,#4848);
#4846 = CARTESIAN_POINT('',(-1.27,-11.176,0.));
#4847 = DIRECTION('',(0.707106781187,0.707106781187,0.));
#4848 = DIRECTION('',(0.707106781187,-0.707106781187,0.));
#4849 = ADVANCED_FACE('',(#4850),#4861,.F.);
#4850 = FACE_BOUND('',#4851,.F.);
#4851 = EDGE_LOOP('',(#4852,#4858,#4859,#4860));
#4852 = ORIENTED_EDGE('',*,*,#4853,.T.);
#4853 = EDGE_CURVE('',#3588,#4081,#4854,.T.);
#4854 = LINE('',#4855,#4856);
#4855 = CARTESIAN_POINT('',(1.27,-11.176,0.));
#4856 = VECTOR('',#4857,1.);
#4857 = DIRECTION('',(0.,0.,1.));
#4858 = ORIENTED_EDGE('',*,*,#4088,.T.);
#4859 = ORIENTED_EDGE('',*,*,#4819,.F.);
#4860 = ORIENTED_EDGE('',*,*,#3595,.F.);
#4861 = PLANE('',#4862);
#4862 = AXIS2_PLACEMENT_3D('',#4863,#4864,#4865);
#4863 = CARTESIAN_POINT('',(1.27,-11.176,0.));
#4864 = DIRECTION('',(-1.,0.,0.));
#4865 = DIRECTION('',(0.,1.,0.));
#4866 = ADVANCED_FACE('',(#4867),#4878,.F.);
#4867 = FACE_BOUND('',#4868,.F.);
#4868 = EDGE_LOOP('',(#4869,#4870,#4871,#4877));
#4869 = ORIENTED_EDGE('',*,*,#4838,.T.);
#4870 = ORIENTED_EDGE('',*,*,#4024,.T.);
#4871 = ORIENTED_EDGE('',*,*,#4872,.F.);
#4872 = EDGE_CURVE('',#3532,#4025,#4873,.T.);
#4873 = LINE('',#4874,#4875);
#4874 = CARTESIAN_POINT('',(-1.27,-11.684,0.));
#4875 = VECTOR('',#4876,1.);
#4876 = DIRECTION('',(0.,0.,1.));
#4877 = ORIENTED_EDGE('',*,*,#3531,.F.);
#4878 = PLANE('',#4879);
#4879 = AXIS2_PLACEMENT_3D('',#4880,#4881,#4882);
#4880 = CARTESIAN_POINT('',(-1.016,-11.43,0.));
#4881 = DIRECTION('',(0.707106781187,-0.707106781187,0.));
#4882 = DIRECTION('',(-0.707106781187,-0.707106781187,0.));
#4883 = ADVANCED_FACE('',(#4884),#4895,.F.);
#4884 = FACE_BOUND('',#4885,.F.);
#4885 = EDGE_LOOP('',(#4886,#4892,#4893,#4894));
#4886 = ORIENTED_EDGE('',*,*,#4887,.T.);
#4887 = EDGE_CURVE('',#3580,#4073,#4888,.T.);
#4888 = LINE('',#4889,#4890);
#4889 = CARTESIAN_POINT('',(1.016,-11.43,0.));
#4890 = VECTOR('',#4891,1.);
#4891 = DIRECTION('',(0.,0.,1.));
#4892 = ORIENTED_EDGE('',*,*,#4080,.T.);
#4893 = ORIENTED_EDGE('',*,*,#4853,.F.);
#4894 = ORIENTED_EDGE('',*,*,#3587,.F.);
#4895 = PLANE('',#4896);
#4896 = AXIS2_PLACEMENT_3D('',#4897,#4898,#4899);
#4897 = CARTESIAN_POINT('',(1.016,-11.43,0.));
#4898 = DIRECTION('',(-0.707106781187,0.707106781187,0.));
#4899 = DIRECTION('',(0.707106781187,0.707106781187,0.));
#4900 = ADVANCED_FACE('',(#4901),#4912,.F.);
#4901 = FACE_BOUND('',#4902,.F.);
#4902 = EDGE_LOOP('',(#4903,#4904,#4905,#4911));
#4903 = ORIENTED_EDGE('',*,*,#4872,.T.);
#4904 = ORIENTED_EDGE('',*,*,#4032,.T.);
#4905 = ORIENTED_EDGE('',*,*,#4906,.F.);
#4906 = EDGE_CURVE('',#3540,#4033,#4907,.T.);
#4907 = LINE('',#4908,#4909);
#4908 = CARTESIAN_POINT('',(-1.27,-13.716,0.));
#4909 = VECTOR('',#4910,1.);
#4910 = DIRECTION('',(0.,0.,1.));
#4911 = ORIENTED_EDGE('',*,*,#3539,.F.);
#4912 = PLANE('',#4913);
#4913 = AXIS2_PLACEMENT_3D('',#4914,#4915,#4916);
#4914 = CARTESIAN_POINT('',(-1.27,-11.684,0.));
#4915 = DIRECTION('',(1.,0.,0.));
#4916 = DIRECTION('',(0.,-1.,0.));
#4917 = ADVANCED_FACE('',(#4918),#4929,.F.);
#4918 = FACE_BOUND('',#4919,.F.);
#4919 = EDGE_LOOP('',(#4920,#4926,#4927,#4928));
#4920 = ORIENTED_EDGE('',*,*,#4921,.T.);
#4921 = EDGE_CURVE('',#3572,#4065,#4922,.T.);
#4922 = LINE('',#4923,#4924);
#4923 = CARTESIAN_POINT('',(1.27,-11.684,0.));
#4924 = VECTOR('',#4925,1.);
#4925 = DIRECTION('',(0.,0.,1.));
#4926 = ORIENTED_EDGE('',*,*,#4072,.T.);
#4927 = ORIENTED_EDGE('',*,*,#4887,.F.);
#4928 = ORIENTED_EDGE('',*,*,#3579,.F.);
#4929 = PLANE('',#4930);
#4930 = AXIS2_PLACEMENT_3D('',#4931,#4932,#4933);
#4931 = CARTESIAN_POINT('',(1.27,-11.684,0.));
#4932 = DIRECTION('',(-0.707106781187,-0.707106781187,0.));
#4933 = DIRECTION('',(-0.707106781187,0.707106781187,0.));
#4934 = ADVANCED_FACE('',(#4935),#4946,.F.);
#4935 = FACE_BOUND('',#4936,.F.);
#4936 = EDGE_LOOP('',(#4937,#4938,#4939,#4945));
#4937 = ORIENTED_EDGE('',*,*,#4906,.T.);
#4938 = ORIENTED_EDGE('',*,*,#4040,.T.);
#4939 = ORIENTED_EDGE('',*,*,#4940,.F.);
#4940 = EDGE_CURVE('',#3548,#4041,#4941,.T.);
#4941 = LINE('',#4942,#4943);
#4942 = CARTESIAN_POINT('',(-1.016,-13.97,0.));
#4943 = VECTOR('',#4944,1.);
#4944 = DIRECTION('',(0.,0.,1.));
#4945 = ORIENTED_EDGE('',*,*,#3547,.F.);
#4946 = PLANE('',#4947);
#4947 = AXIS2_PLACEMENT_3D('',#4948,#4949,#4950);
#4948 = CARTESIAN_POINT('',(-1.27,-13.716,0.));
#4949 = DIRECTION('',(0.707106781187,0.707106781187,0.));
#4950 = DIRECTION('',(0.707106781187,-0.707106781187,0.));
#4951 = ADVANCED_FACE('',(#4952),#4963,.F.);
#4952 = FACE_BOUND('',#4953,.F.);
#4953 = EDGE_LOOP('',(#4954,#4960,#4961,#4962));
#4954 = ORIENTED_EDGE('',*,*,#4955,.T.);
#4955 = EDGE_CURVE('',#3564,#4057,#4956,.T.);
#4956 = LINE('',#4957,#4958);
#4957 = CARTESIAN_POINT('',(1.27,-13.716,0.));
#4958 = VECTOR('',#4959,1.);
#4959 = DIRECTION('',(0.,0.,1.));
#4960 = ORIENTED_EDGE('',*,*,#4064,.T.);
#4961 = ORIENTED_EDGE('',*,*,#4921,.F.);
#4962 = ORIENTED_EDGE('',*,*,#3571,.F.);
#4963 = PLANE('',#4964);
#4964 = AXIS2_PLACEMENT_3D('',#4965,#4966,#4967);
#4965 = CARTESIAN_POINT('',(1.27,-13.716,0.));
#4966 = DIRECTION('',(-1.,0.,0.));
#4967 = DIRECTION('',(0.,1.,0.));
#4968 = ADVANCED_FACE('',(#4969),#4980,.F.);
#4969 = FACE_BOUND('',#4970,.F.);
#4970 = EDGE_LOOP('',(#4971,#4972,#4973,#4979));
#4971 = ORIENTED_EDGE('',*,*,#4940,.T.);
#4972 = ORIENTED_EDGE('',*,*,#4048,.T.);
#4973 = ORIENTED_EDGE('',*,*,#4974,.F.);
#4974 = EDGE_CURVE('',#3556,#4049,#4975,.T.);
#4975 = LINE('',#4976,#4977);
#4976 = CARTESIAN_POINT('',(1.016,-13.97,0.));
#4977 = VECTOR('',#4978,1.);
#4978 = DIRECTION('',(0.,0.,1.));
#4979 = ORIENTED_EDGE('',*,*,#3555,.F.);
#4980 = PLANE('',#4981);
#4981 = AXIS2_PLACEMENT_3D('',#4982,#4983,#4984);
#4982 = CARTESIAN_POINT('',(-1.016,-13.97,0.));
#4983 = DIRECTION('',(0.,1.,0.));
#4984 = DIRECTION('',(1.,0.,0.));
#4985 = ADVANCED_FACE('',(#4986),#4992,.F.);
#4986 = FACE_BOUND('',#4987,.F.);
#4987 = EDGE_LOOP('',(#4988,#4989,#4990,#4991));
#4988 = ORIENTED_EDGE('',*,*,#4974,.T.);
#4989 = ORIENTED_EDGE('',*,*,#4056,.T.);
#4990 = ORIENTED_EDGE('',*,*,#4955,.F.);
#4991 = ORIENTED_EDGE('',*,*,#3563,.F.);
#4992 = PLANE('',#4993);
#4993 = AXIS2_PLACEMENT_3D('',#4994,#4995,#4996);
#4994 = CARTESIAN_POINT('',(1.016,-13.97,0.));
#4995 = DIRECTION('',(-0.707106781187,0.707106781187,0.));
#4996 = DIRECTION('',(0.707106781187,0.707106781187,0.));
#4997 = ADVANCED_FACE('',(#4998),#5023,.T.);
#4998 = FACE_BOUND('',#4999,.T.);
#4999 = EDGE_LOOP('',(#5000,#5008,#5016,#5022));
#5000 = ORIENTED_EDGE('',*,*,#5001,.F.);
#5001 = EDGE_CURVE('',#5002,#3709,#5004,.T.);
#5002 = VERTEX_POINT('',#5003);
#5003 = CARTESIAN_POINT('',(0.32,-0.32,-2.84));
#5004 = LINE('',#5005,#5006);
#5005 = CARTESIAN_POINT('',(0.32,-0.32,-3.));
#5006 = VECTOR('',#5007,1.);
#5007 = DIRECTION('',(0.,0.,1.));
#5008 = ORIENTED_EDGE('',*,*,#5009,.T.);
#5009 = EDGE_CURVE('',#5002,#5010,#5012,.T.);
#5010 = VERTEX_POINT('',#5011);
#5011 = CARTESIAN_POINT('',(0.32,0.32,-2.84));
#5012 = LINE('',#5013,#5014);
#5013 = CARTESIAN_POINT('',(0.32,-0.32,-2.84));
#5014 = VECTOR('',#5015,1.);
#5015 = DIRECTION('',(0.,1.,0.));
#5016 = ORIENTED_EDGE('',*,*,#5017,.T.);
#5017 = EDGE_CURVE('',#5010,#3711,#5018,.T.);
#5018 = LINE('',#5019,#5020);
#5019 = CARTESIAN_POINT('',(0.32,0.32,-3.));
#5020 = VECTOR('',#5021,1.);
#5021 = DIRECTION('',(0.,0.,1.));
#5022 = ORIENTED_EDGE('',*,*,#3708,.F.);
#5023 = PLANE('',#5024);
#5024 = AXIS2_PLACEMENT_3D('',#5025,#5026,#5027);
#5025 = CARTESIAN_POINT('',(0.32,-0.32,-3.));
#5026 = DIRECTION('',(1.,0.,0.));
#5027 = DIRECTION('',(0.,0.,1.));
#5028 = ADVANCED_FACE('',(#5029),#5047,.T.);
#5029 = FACE_BOUND('',#5030,.T.);
#5030 = EDGE_LOOP('',(#5031,#5032,#5040,#5046));
#5031 = ORIENTED_EDGE('',*,*,#5017,.F.);
#5032 = ORIENTED_EDGE('',*,*,#5033,.F.);
#5033 = EDGE_CURVE('',#5034,#5010,#5036,.T.);
#5034 = VERTEX_POINT('',#5035);
#5035 = CARTESIAN_POINT('',(-0.32,0.32,-2.84));
#5036 = LINE('',#5037,#5038);
#5037 = CARTESIAN_POINT('',(-0.32,0.32,-2.84));
#5038 = VECTOR('',#5039,1.);
#5039 = DIRECTION('',(1.,0.,0.));
#5040 = ORIENTED_EDGE('',*,*,#5041,.T.);
#5041 = EDGE_CURVE('',#5034,#3727,#5042,.T.);
#5042 = LINE('',#5043,#5044);
#5043 = CARTESIAN_POINT('',(-0.32,0.32,-3.));
#5044 = VECTOR('',#5045,1.);
#5045 = DIRECTION('',(0.,0.,1.));
#5046 = ORIENTED_EDGE('',*,*,#3734,.F.);
#5047 = PLANE('',#5048);
#5048 = AXIS2_PLACEMENT_3D('',#5049,#5050,#5051);
#5049 = CARTESIAN_POINT('',(-0.32,0.32,-3.));
#5050 = DIRECTION('',(0.,1.,0.));
#5051 = DIRECTION('',(0.,-0.,1.));
#5052 = ADVANCED_FACE('',(#5053),#5071,.F.);
#5053 = FACE_BOUND('',#5054,.F.);
#5054 = EDGE_LOOP('',(#5055,#5063,#5069,#5070));
#5055 = ORIENTED_EDGE('',*,*,#5056,.F.);
#5056 = EDGE_CURVE('',#5057,#3719,#5059,.T.);
#5057 = VERTEX_POINT('',#5058);
#5058 = CARTESIAN_POINT('',(-0.32,-0.32,-2.84));
#5059 = LINE('',#5060,#5061);
#5060 = CARTESIAN_POINT('',(-0.32,-0.32,-3.));
#5061 = VECTOR('',#5062,1.);
#5062 = DIRECTION('',(0.,0.,1.));
#5063 = ORIENTED_EDGE('',*,*,#5064,.T.);
#5064 = EDGE_CURVE('',#5057,#5034,#5065,.T.);
#5065 = LINE('',#5066,#5067);
#5066 = CARTESIAN_POINT('',(-0.32,-0.32,-2.84));
#5067 = VECTOR('',#5068,1.);
#5068 = DIRECTION('',(0.,1.,0.));
#5069 = ORIENTED_EDGE('',*,*,#5041,.T.);
#5070 = ORIENTED_EDGE('',*,*,#3726,.F.);
#5071 = PLANE('',#5072);
#5072 = AXIS2_PLACEMENT_3D('',#5073,#5074,#5075);
#5073 = CARTESIAN_POINT('',(-0.32,-0.32,-3.));
#5074 = DIRECTION('',(1.,0.,0.));
#5075 = DIRECTION('',(0.,0.,1.));
#5076 = ADVANCED_FACE('',(#5077),#5088,.F.);
#5077 = FACE_BOUND('',#5078,.F.);
#5078 = EDGE_LOOP('',(#5079,#5080,#5086,#5087));
#5079 = ORIENTED_EDGE('',*,*,#5001,.F.);
#5080 = ORIENTED_EDGE('',*,*,#5081,.F.);
#5081 = EDGE_CURVE('',#5057,#5002,#5082,.T.);
#5082 = LINE('',#5083,#5084);
#5083 = CARTESIAN_POINT('',(-0.32,-0.32,-2.84));
#5084 = VECTOR('',#5085,1.);
#5085 = DIRECTION('',(1.,0.,0.));
#5086 = ORIENTED_EDGE('',*,*,#5056,.T.);
#5087 = ORIENTED_EDGE('',*,*,#3718,.F.);
#5088 = PLANE('',#5089);
#5089 = AXIS2_PLACEMENT_3D('',#5090,#5091,#5092);
#5090 = CARTESIAN_POINT('',(-0.32,-0.32,-3.));
#5091 = DIRECTION('',(0.,1.,0.));
#5092 = DIRECTION('',(0.,-0.,1.));
#5093 = ADVANCED_FACE('',(#5094),#5119,.T.);
#5094 = FACE_BOUND('',#5095,.T.);
#5095 = EDGE_LOOP('',(#5096,#5104,#5112,#5118));
#5096 = ORIENTED_EDGE('',*,*,#5097,.F.);
#5097 = EDGE_CURVE('',#5098,#3743,#5100,.T.);
#5098 = VERTEX_POINT('',#5099);
#5099 = CARTESIAN_POINT('',(0.32,-5.4,-2.84));
#5100 = LINE('',#5101,#5102);
#5101 = CARTESIAN_POINT('',(0.32,-5.4,-3.));
#5102 = VECTOR('',#5103,1.);
#5103 = DIRECTION('',(0.,0.,1.));
#5104 = ORIENTED_EDGE('',*,*,#5105,.T.);
#5105 = EDGE_CURVE('',#5098,#5106,#5108,.T.);
#5106 = VERTEX_POINT('',#5107);
#5107 = CARTESIAN_POINT('',(0.32,-4.76,-2.84));
#5108 = LINE('',#5109,#5110);
#5109 = CARTESIAN_POINT('',(0.32,-5.4,-2.84));
#5110 = VECTOR('',#5111,1.);
#5111 = DIRECTION('',(0.,1.,0.));
#5112 = ORIENTED_EDGE('',*,*,#5113,.T.);
#5113 = EDGE_CURVE('',#5106,#3745,#5114,.T.);
#5114 = LINE('',#5115,#5116);
#5115 = CARTESIAN_POINT('',(0.32,-4.76,-3.));
#5116 = VECTOR('',#5117,1.);
#5117 = DIRECTION('',(0.,0.,1.));
#5118 = ORIENTED_EDGE('',*,*,#3742,.F.);
#5119 = PLANE('',#5120);
#5120 = AXIS2_PLACEMENT_3D('',#5121,#5122,#5123);
#5121 = CARTESIAN_POINT('',(0.32,-5.4,-3.));
#5122 = DIRECTION('',(1.,0.,0.));
#5123 = DIRECTION('',(0.,0.,1.));
#5124 = ADVANCED_FACE('',(#5125),#5143,.T.);
#5125 = FACE_BOUND('',#5126,.T.);
#5126 = EDGE_LOOP('',(#5127,#5128,#5136,#5142));
#5127 = ORIENTED_EDGE('',*,*,#5113,.F.);
#5128 = ORIENTED_EDGE('',*,*,#5129,.F.);
#5129 = EDGE_CURVE('',#5130,#5106,#5132,.T.);
#5130 = VERTEX_POINT('',#5131);
#5131 = CARTESIAN_POINT('',(-0.32,-4.76,-2.84));
#5132 = LINE('',#5133,#5134);
#5133 = CARTESIAN_POINT('',(-0.32,-4.76,-2.84));
#5134 = VECTOR('',#5135,1.);
#5135 = DIRECTION('',(1.,0.,0.));
#5136 = ORIENTED_EDGE('',*,*,#5137,.T.);
#5137 = EDGE_CURVE('',#5130,#3761,#5138,.T.);
#5138 = LINE('',#5139,#5140);
#5139 = CARTESIAN_POINT('',(-0.32,-4.76,-3.));
#5140 = VECTOR('',#5141,1.);
#5141 = DIRECTION('',(0.,0.,1.));
#5142 = ORIENTED_EDGE('',*,*,#3768,.F.);
#5143 = PLANE('',#5144);
#5144 = AXIS2_PLACEMENT_3D('',#5145,#5146,#5147);
#5145 = CARTESIAN_POINT('',(-0.32,-4.76,-3.));
#5146 = DIRECTION('',(0.,1.,0.));
#5147 = DIRECTION('',(0.,-0.,1.));
#5148 = ADVANCED_FACE('',(#5149),#5167,.F.);
#5149 = FACE_BOUND('',#5150,.F.);
#5150 = EDGE_LOOP('',(#5151,#5159,#5165,#5166));
#5151 = ORIENTED_EDGE('',*,*,#5152,.F.);
#5152 = EDGE_CURVE('',#5153,#3753,#5155,.T.);
#5153 = VERTEX_POINT('',#5154);
#5154 = CARTESIAN_POINT('',(-0.32,-5.4,-2.84));
#5155 = LINE('',#5156,#5157);
#5156 = CARTESIAN_POINT('',(-0.32,-5.4,-3.));
#5157 = VECTOR('',#5158,1.);
#5158 = DIRECTION('',(0.,0.,1.));
#5159 = ORIENTED_EDGE('',*,*,#5160,.T.);
#5160 = EDGE_CURVE('',#5153,#5130,#5161,.T.);
#5161 = LINE('',#5162,#5163);
#5162 = CARTESIAN_POINT('',(-0.32,-5.4,-2.84));
#5163 = VECTOR('',#5164,1.);
#5164 = DIRECTION('',(0.,1.,0.));
#5165 = ORIENTED_EDGE('',*,*,#5137,.T.);
#5166 = ORIENTED_EDGE('',*,*,#3760,.F.);
#5167 = PLANE('',#5168);
#5168 = AXIS2_PLACEMENT_3D('',#5169,#5170,#5171);
#5169 = CARTESIAN_POINT('',(-0.32,-5.4,-3.));
#5170 = DIRECTION('',(1.,0.,0.));
#5171 = DIRECTION('',(0.,0.,1.));
#5172 = ADVANCED_FACE('',(#5173),#5184,.F.);
#5173 = FACE_BOUND('',#5174,.F.);
#5174 = EDGE_LOOP('',(#5175,#5176,#5182,#5183));
#5175 = ORIENTED_EDGE('',*,*,#5097,.F.);
#5176 = ORIENTED_EDGE('',*,*,#5177,.F.);
#5177 = EDGE_CURVE('',#5153,#5098,#5178,.T.);
#5178 = LINE('',#5179,#5180);
#5179 = CARTESIAN_POINT('',(-0.32,-5.4,-2.84));
#5180 = VECTOR('',#5181,1.);
#5181 = DIRECTION('',(1.,0.,0.));
#5182 = ORIENTED_EDGE('',*,*,#5152,.T.);
#5183 = ORIENTED_EDGE('',*,*,#3752,.F.);
#5184 = PLANE('',#5185);
#5185 = AXIS2_PLACEMENT_3D('',#5186,#5187,#5188);
#5186 = CARTESIAN_POINT('',(-0.32,-5.4,-3.));
#5187 = DIRECTION('',(0.,1.,0.));
#5188 = DIRECTION('',(0.,-0.,1.));
#5189 = ADVANCED_FACE('',(#5190),#5215,.T.);
#5190 = FACE_BOUND('',#5191,.T.);
#5191 = EDGE_LOOP('',(#5192,#5200,#5208,#5214));
#5192 = ORIENTED_EDGE('',*,*,#5193,.F.);
#5193 = EDGE_CURVE('',#5194,#3777,#5196,.T.);
#5194 = VERTEX_POINT('',#5195);
#5195 = CARTESIAN_POINT('',(0.32,-2.86,-2.84));
#5196 = LINE('',#5197,#5198);
#5197 = CARTESIAN_POINT('',(0.32,-2.86,-3.));
#5198 = VECTOR('',#5199,1.);
#5199 = DIRECTION('',(0.,0.,1.));
#5200 = ORIENTED_EDGE('',*,*,#5201,.T.);
#5201 = EDGE_CURVE('',#5194,#5202,#5204,.T.);
#5202 = VERTEX_POINT('',#5203);
#5203 = CARTESIAN_POINT('',(0.32,-2.22,-2.84));
#5204 = LINE('',#5205,#5206);
#5205 = CARTESIAN_POINT('',(0.32,-2.86,-2.84));
#5206 = VECTOR('',#5207,1.);
#5207 = DIRECTION('',(0.,1.,0.));
#5208 = ORIENTED_EDGE('',*,*,#5209,.T.);
#5209 = EDGE_CURVE('',#5202,#3779,#5210,.T.);
#5210 = LINE('',#5211,#5212);
#5211 = CARTESIAN_POINT('',(0.32,-2.22,-3.));
#5212 = VECTOR('',#5213,1.);
#5213 = DIRECTION('',(0.,0.,1.));
#5214 = ORIENTED_EDGE('',*,*,#3776,.F.);
#5215 = PLANE('',#5216);
#5216 = AXIS2_PLACEMENT_3D('',#5217,#5218,#5219);
#5217 = CARTESIAN_POINT('',(0.32,-2.86,-3.));
#5218 = DIRECTION('',(1.,0.,0.));
#5219 = DIRECTION('',(0.,0.,1.));
#5220 = ADVANCED_FACE('',(#5221),#5239,.T.);
#5221 = FACE_BOUND('',#5222,.T.);
#5222 = EDGE_LOOP('',(#5223,#5224,#5232,#5238));
#5223 = ORIENTED_EDGE('',*,*,#5209,.F.);
#5224 = ORIENTED_EDGE('',*,*,#5225,.F.);
#5225 = EDGE_CURVE('',#5226,#5202,#5228,.T.);
#5226 = VERTEX_POINT('',#5227);
#5227 = CARTESIAN_POINT('',(-0.32,-2.22,-2.84));
#5228 = LINE('',#5229,#5230);
#5229 = CARTESIAN_POINT('',(-0.32,-2.22,-2.84));
#5230 = VECTOR('',#5231,1.);
#5231 = DIRECTION('',(1.,0.,0.));
#5232 = ORIENTED_EDGE('',*,*,#5233,.T.);
#5233 = EDGE_CURVE('',#5226,#3795,#5234,.T.);
#5234 = LINE('',#5235,#5236);
#5235 = CARTESIAN_POINT('',(-0.32,-2.22,-3.));
#5236 = VECTOR('',#5237,1.);
#5237 = DIRECTION('',(0.,0.,1.));
#5238 = ORIENTED_EDGE('',*,*,#3802,.F.);
#5239 = PLANE('',#5240);
#5240 = AXIS2_PLACEMENT_3D('',#5241,#5242,#5243);
#5241 = CARTESIAN_POINT('',(-0.32,-2.22,-3.));
#5242 = DIRECTION('',(0.,1.,0.));
#5243 = DIRECTION('',(0.,-0.,1.));
#5244 = ADVANCED_FACE('',(#5245),#5263,.F.);
#5245 = FACE_BOUND('',#5246,.F.);
#5246 = EDGE_LOOP('',(#5247,#5255,#5261,#5262));
#5247 = ORIENTED_EDGE('',*,*,#5248,.F.);
#5248 = EDGE_CURVE('',#5249,#3787,#5251,.T.);
#5249 = VERTEX_POINT('',#5250);
#5250 = CARTESIAN_POINT('',(-0.32,-2.86,-2.84));
#5251 = LINE('',#5252,#5253);
#5252 = CARTESIAN_POINT('',(-0.32,-2.86,-3.));
#5253 = VECTOR('',#5254,1.);
#5254 = DIRECTION('',(0.,0.,1.));
#5255 = ORIENTED_EDGE('',*,*,#5256,.T.);
#5256 = EDGE_CURVE('',#5249,#5226,#5257,.T.);
#5257 = LINE('',#5258,#5259);
#5258 = CARTESIAN_POINT('',(-0.32,-2.86,-2.84));
#5259 = VECTOR('',#5260,1.);
#5260 = DIRECTION('',(0.,1.,0.));
#5261 = ORIENTED_EDGE('',*,*,#5233,.T.);
#5262 = ORIENTED_EDGE('',*,*,#3794,.F.);
#5263 = PLANE('',#5264);
#5264 = AXIS2_PLACEMENT_3D('',#5265,#5266,#5267);
#5265 = CARTESIAN_POINT('',(-0.32,-2.86,-3.));
#5266 = DIRECTION('',(1.,0.,0.));
#5267 = DIRECTION('',(0.,0.,1.));
#5268 = ADVANCED_FACE('',(#5269),#5280,.F.);
#5269 = FACE_BOUND('',#5270,.F.);
#5270 = EDGE_LOOP('',(#5271,#5272,#5278,#5279));
#5271 = ORIENTED_EDGE('',*,*,#5193,.F.);
#5272 = ORIENTED_EDGE('',*,*,#5273,.F.);
#5273 = EDGE_CURVE('',#5249,#5194,#5274,.T.);
#5274 = LINE('',#5275,#5276);
#5275 = CARTESIAN_POINT('',(-0.32,-2.86,-2.84));
#5276 = VECTOR('',#5277,1.);
#5277 = DIRECTION('',(1.,0.,0.));
#5278 = ORIENTED_EDGE('',*,*,#5248,.T.);
#5279 = ORIENTED_EDGE('',*,*,#3786,.F.);
#5280 = PLANE('',#5281);
#5281 = AXIS2_PLACEMENT_3D('',#5282,#5283,#5284);
#5282 = CARTESIAN_POINT('',(-0.32,-2.86,-3.));
#5283 = DIRECTION('',(0.,1.,0.));
#5284 = DIRECTION('',(0.,-0.,1.));
#5285 = ADVANCED_FACE('',(#5286),#5311,.F.);
#5286 = FACE_BOUND('',#5287,.F.);
#5287 = EDGE_LOOP('',(#5288,#5296,#5304,#5310));
#5288 = ORIENTED_EDGE('',*,*,#5289,.F.);
#5289 = EDGE_CURVE('',#5290,#3811,#5292,.T.);
#5290 = VERTEX_POINT('',#5291);
#5291 = CARTESIAN_POINT('',(0.32,-13.02,-2.84));
#5292 = LINE('',#5293,#5294);
#5293 = CARTESIAN_POINT('',(0.32,-13.02,-3.));
#5294 = VECTOR('',#5295,1.);
#5295 = DIRECTION('',(0.,0.,1.));
#5296 = ORIENTED_EDGE('',*,*,#5297,.F.);
#5297 = EDGE_CURVE('',#5298,#5290,#5300,.T.);
#5298 = VERTEX_POINT('',#5299);
#5299 = CARTESIAN_POINT('',(-0.32,-13.02,-2.84));
#5300 = LINE('',#5301,#5302);
#5301 = CARTESIAN_POINT('',(-0.32,-13.02,-2.84));
#5302 = VECTOR('',#5303,1.);
#5303 = DIRECTION('',(1.,0.,0.));
#5304 = ORIENTED_EDGE('',*,*,#5305,.T.);
#5305 = EDGE_CURVE('',#5298,#3813,#5306,.T.);
#5306 = LINE('',#5307,#5308);
#5307 = CARTESIAN_POINT('',(-0.32,-13.02,-3.));
#5308 = VECTOR('',#5309,1.);
#5309 = DIRECTION('',(0.,0.,1.));
#5310 = ORIENTED_EDGE('',*,*,#3810,.F.);
#5311 = PLANE('',#5312);
#5312 = AXIS2_PLACEMENT_3D('',#5313,#5314,#5315);
#5313 = CARTESIAN_POINT('',(-0.32,-13.02,-3.));
#5314 = DIRECTION('',(0.,1.,0.));
#5315 = DIRECTION('',(0.,-0.,1.));
#5316 = ADVANCED_FACE('',(#5317),#5335,.T.);
#5317 = FACE_BOUND('',#5318,.T.);
#5318 = EDGE_LOOP('',(#5319,#5320,#5328,#5334));
#5319 = ORIENTED_EDGE('',*,*,#5289,.F.);
#5320 = ORIENTED_EDGE('',*,*,#5321,.T.);
#5321 = EDGE_CURVE('',#5290,#5322,#5324,.T.);
#5322 = VERTEX_POINT('',#5323);
#5323 = CARTESIAN_POINT('',(0.32,-12.38,-2.84));
#5324 = LINE('',#5325,#5326);
#5325 = CARTESIAN_POINT('',(0.32,-13.02,-2.84));
#5326 = VECTOR('',#5327,1.);
#5327 = DIRECTION('',(0.,1.,0.));
#5328 = ORIENTED_EDGE('',*,*,#5329,.T.);
#5329 = EDGE_CURVE('',#5322,#3829,#5330,.T.);
#5330 = LINE('',#5331,#5332);
#5331 = CARTESIAN_POINT('',(0.32,-12.38,-3.));
#5332 = VECTOR('',#5333,1.);
#5333 = DIRECTION('',(0.,0.,1.));
#5334 = ORIENTED_EDGE('',*,*,#3836,.F.);
#5335 = PLANE('',#5336);
#5336 = AXIS2_PLACEMENT_3D('',#5337,#5338,#5339);
#5337 = CARTESIAN_POINT('',(0.32,-13.02,-3.));
#5338 = DIRECTION('',(1.,0.,0.));
#5339 = DIRECTION('',(0.,0.,1.));
#5340 = ADVANCED_FACE('',(#5341),#5359,.T.);
#5341 = FACE_BOUND('',#5342,.T.);
#5342 = EDGE_LOOP('',(#5343,#5344,#5352,#5358));
#5343 = ORIENTED_EDGE('',*,*,#5329,.F.);
#5344 = ORIENTED_EDGE('',*,*,#5345,.F.);
#5345 = EDGE_CURVE('',#5346,#5322,#5348,.T.);
#5346 = VERTEX_POINT('',#5347);
#5347 = CARTESIAN_POINT('',(-0.32,-12.38,-2.84));
#5348 = LINE('',#5349,#5350);
#5349 = CARTESIAN_POINT('',(-0.32,-12.38,-2.84));
#5350 = VECTOR('',#5351,1.);
#5351 = DIRECTION('',(1.,0.,0.));
#5352 = ORIENTED_EDGE('',*,*,#5353,.T.);
#5353 = EDGE_CURVE('',#5346,#3821,#5354,.T.);
#5354 = LINE('',#5355,#5356);
#5355 = CARTESIAN_POINT('',(-0.32,-12.38,-3.));
#5356 = VECTOR('',#5357,1.);
#5357 = DIRECTION('',(0.,0.,1.));
#5358 = ORIENTED_EDGE('',*,*,#3828,.F.);
#5359 = PLANE('',#5360);
#5360 = AXIS2_PLACEMENT_3D('',#5361,#5362,#5363);
#5361 = CARTESIAN_POINT('',(-0.32,-12.38,-3.));
#5362 = DIRECTION('',(0.,1.,0.));
#5363 = DIRECTION('',(0.,-0.,1.));
#5364 = ADVANCED_FACE('',(#5365),#5376,.F.);
#5365 = FACE_BOUND('',#5366,.F.);
#5366 = EDGE_LOOP('',(#5367,#5368,#5374,#5375));
#5367 = ORIENTED_EDGE('',*,*,#5305,.F.);
#5368 = ORIENTED_EDGE('',*,*,#5369,.T.);
#5369 = EDGE_CURVE('',#5298,#5346,#5370,.T.);
#5370 = LINE('',#5371,#5372);
#5371 = CARTESIAN_POINT('',(-0.32,-13.02,-2.84));
#5372 = VECTOR('',#5373,1.);
#5373 = DIRECTION('',(0.,1.,0.));
#5374 = ORIENTED_EDGE('',*,*,#5353,.T.);
#5375 = ORIENTED_EDGE('',*,*,#3820,.F.);
#5376 = PLANE('',#5377);
#5377 = AXIS2_PLACEMENT_3D('',#5378,#5379,#5380);
#5378 = CARTESIAN_POINT('',(-0.32,-13.02,-3.));
#5379 = DIRECTION('',(1.,0.,0.));
#5380 = DIRECTION('',(0.,0.,1.));
#5381 = ADVANCED_FACE('',(#5382),#5407,.T.);
#5382 = FACE_BOUND('',#5383,.T.);
#5383 = EDGE_LOOP('',(#5384,#5392,#5400,#5406));
#5384 = ORIENTED_EDGE('',*,*,#5385,.F.);
#5385 = EDGE_CURVE('',#5386,#3845,#5388,.T.);
#5386 = VERTEX_POINT('',#5387);
#5387 = CARTESIAN_POINT('',(0.32,-9.84,-2.84));
#5388 = LINE('',#5389,#5390);
#5389 = CARTESIAN_POINT('',(0.32,-9.84,-3.));
#5390 = VECTOR('',#5391,1.);
#5391 = DIRECTION('',(0.,0.,1.));
#5392 = ORIENTED_EDGE('',*,*,#5393,.F.);
#5393 = EDGE_CURVE('',#5394,#5386,#5396,.T.);
#5394 = VERTEX_POINT('',#5395);
#5395 = CARTESIAN_POINT('',(-0.32,-9.84,-2.84));
#5396 = LINE('',#5397,#5398);
#5397 = CARTESIAN_POINT('',(-0.32,-9.84,-2.84));
#5398 = VECTOR('',#5399,1.);
#5399 = DIRECTION('',(1.,0.,0.));
#5400 = ORIENTED_EDGE('',*,*,#5401,.T.);
#5401 = EDGE_CURVE('',#5394,#3847,#5402,.T.);
#5402 = LINE('',#5403,#5404);
#5403 = CARTESIAN_POINT('',(-0.32,-9.84,-3.));
#5404 = VECTOR('',#5405,1.);
#5405 = DIRECTION('',(0.,0.,1.));
#5406 = ORIENTED_EDGE('',*,*,#3844,.F.);
#5407 = PLANE('',#5408);
#5408 = AXIS2_PLACEMENT_3D('',#5409,#5410,#5411);
#5409 = CARTESIAN_POINT('',(-0.32,-9.84,-3.));
#5410 = DIRECTION('',(0.,1.,0.));
#5411 = DIRECTION('',(0.,-0.,1.));
#5412 = ADVANCED_FACE('',(#5413),#5431,.F.);
#5413 = FACE_BOUND('',#5414,.F.);
#5414 = EDGE_LOOP('',(#5415,#5423,#5429,#5430));
#5415 = ORIENTED_EDGE('',*,*,#5416,.F.);
#5416 = EDGE_CURVE('',#5417,#3863,#5419,.T.);
#5417 = VERTEX_POINT('',#5418);
#5418 = CARTESIAN_POINT('',(-0.32,-10.48,-2.84));
#5419 = LINE('',#5420,#5421);
#5420 = CARTESIAN_POINT('',(-0.32,-10.48,-3.));
#5421 = VECTOR('',#5422,1.);
#5422 = DIRECTION('',(0.,0.,1.));
#5423 = ORIENTED_EDGE('',*,*,#5424,.T.);
#5424 = EDGE_CURVE('',#5417,#5394,#5425,.T.);
#5425 = LINE('',#5426,#5427);
#5426 = CARTESIAN_POINT('',(-0.32,-10.48,-2.84));
#5427 = VECTOR('',#5428,1.);
#5428 = DIRECTION('',(0.,1.,0.));
#5429 = ORIENTED_EDGE('',*,*,#5401,.T.);
#5430 = ORIENTED_EDGE('',*,*,#3870,.F.);
#5431 = PLANE('',#5432);
#5432 = AXIS2_PLACEMENT_3D('',#5433,#5434,#5435);
#5433 = CARTESIAN_POINT('',(-0.32,-10.48,-3.));
#5434 = DIRECTION('',(1.,0.,0.));
#5435 = DIRECTION('',(0.,0.,1.));
#5436 = ADVANCED_FACE('',(#5437),#5455,.F.);
#5437 = FACE_BOUND('',#5438,.F.);
#5438 = EDGE_LOOP('',(#5439,#5447,#5453,#5454));
#5439 = ORIENTED_EDGE('',*,*,#5440,.F.);
#5440 = EDGE_CURVE('',#5441,#3855,#5443,.T.);
#5441 = VERTEX_POINT('',#5442);
#5442 = CARTESIAN_POINT('',(0.32,-10.48,-2.84));
#5443 = LINE('',#5444,#5445);
#5444 = CARTESIAN_POINT('',(0.32,-10.48,-3.));
#5445 = VECTOR('',#5446,1.);
#5446 = DIRECTION('',(0.,0.,1.));
#5447 = ORIENTED_EDGE('',*,*,#5448,.F.);
#5448 = EDGE_CURVE('',#5417,#5441,#5449,.T.);
#5449 = LINE('',#5450,#5451);
#5450 = CARTESIAN_POINT('',(-0.32,-10.48,-2.84));
#5451 = VECTOR('',#5452,1.);
#5452 = DIRECTION('',(1.,0.,0.));
#5453 = ORIENTED_EDGE('',*,*,#5416,.T.);
#5454 = ORIENTED_EDGE('',*,*,#3862,.F.);
#5455 = PLANE('',#5456);
#5456 = AXIS2_PLACEMENT_3D('',#5457,#5458,#5459);
#5457 = CARTESIAN_POINT('',(-0.32,-10.48,-3.));
#5458 = DIRECTION('',(0.,1.,0.));
#5459 = DIRECTION('',(0.,-0.,1.));
#5460 = ADVANCED_FACE('',(#5461),#5472,.T.);
#5461 = FACE_BOUND('',#5462,.T.);
#5462 = EDGE_LOOP('',(#5463,#5464,#5470,#5471));
#5463 = ORIENTED_EDGE('',*,*,#5440,.F.);
#5464 = ORIENTED_EDGE('',*,*,#5465,.T.);
#5465 = EDGE_CURVE('',#5441,#5386,#5466,.T.);
#5466 = LINE('',#5467,#5468);
#5467 = CARTESIAN_POINT('',(0.32,-10.48,-2.84));
#5468 = VECTOR('',#5469,1.);
#5469 = DIRECTION('',(0.,1.,0.));
#5470 = ORIENTED_EDGE('',*,*,#5385,.T.);
#5471 = ORIENTED_EDGE('',*,*,#3854,.F.);
#5472 = PLANE('',#5473);
#5473 = AXIS2_PLACEMENT_3D('',#5474,#5475,#5476);
#5474 = CARTESIAN_POINT('',(0.32,-10.48,-3.));
#5475 = DIRECTION('',(1.,0.,0.));
#5476 = DIRECTION('',(0.,0.,1.));
#5477 = ADVANCED_FACE('',(#5478),#5503,.F.);
#5478 = FACE_BOUND('',#5479,.F.);
#5479 = EDGE_LOOP('',(#5480,#5488,#5496,#5502));
#5480 = ORIENTED_EDGE('',*,*,#5481,.F.);
#5481 = EDGE_CURVE('',#5482,#3879,#5484,.T.);
#5482 = VERTEX_POINT('',#5483);
#5483 = CARTESIAN_POINT('',(0.32,-7.94,-2.84));
#5484 = LINE('',#5485,#5486);
#5485 = CARTESIAN_POINT('',(0.32,-7.94,-3.));
#5486 = VECTOR('',#5487,1.);
#5487 = DIRECTION('',(0.,0.,1.));
#5488 = ORIENTED_EDGE('',*,*,#5489,.F.);
#5489 = EDGE_CURVE('',#5490,#5482,#5492,.T.);
#5490 = VERTEX_POINT('',#5491);
#5491 = CARTESIAN_POINT('',(-0.32,-7.94,-2.84));
#5492 = LINE('',#5493,#5494);
#5493 = CARTESIAN_POINT('',(-0.32,-7.94,-2.84));
#5494 = VECTOR('',#5495,1.);
#5495 = DIRECTION('',(1.,0.,0.));
#5496 = ORIENTED_EDGE('',*,*,#5497,.T.);
#5497 = EDGE_CURVE('',#5490,#3881,#5498,.T.);
#5498 = LINE('',#5499,#5500);
#5499 = CARTESIAN_POINT('',(-0.32,-7.94,-3.));
#5500 = VECTOR('',#5501,1.);
#5501 = DIRECTION('',(0.,0.,1.));
#5502 = ORIENTED_EDGE('',*,*,#3878,.F.);
#5503 = PLANE('',#5504);
#5504 = AXIS2_PLACEMENT_3D('',#5505,#5506,#5507);
#5505 = CARTESIAN_POINT('',(-0.32,-7.94,-3.));
#5506 = DIRECTION('',(0.,1.,0.));
#5507 = DIRECTION('',(0.,-0.,1.));
#5508 = ADVANCED_FACE('',(#5509),#5527,.T.);
#5509 = FACE_BOUND('',#5510,.T.);
#5510 = EDGE_LOOP('',(#5511,#5512,#5520,#5526));
#5511 = ORIENTED_EDGE('',*,*,#5481,.F.);
#5512 = ORIENTED_EDGE('',*,*,#5513,.T.);
#5513 = EDGE_CURVE('',#5482,#5514,#5516,.T.);
#5514 = VERTEX_POINT('',#5515);
#5515 = CARTESIAN_POINT('',(0.32,-7.3,-2.84));
#5516 = LINE('',#5517,#5518);
#5517 = CARTESIAN_POINT('',(0.32,-7.94,-2.84));
#5518 = VECTOR('',#5519,1.);
#5519 = DIRECTION('',(0.,1.,0.));
#5520 = ORIENTED_EDGE('',*,*,#5521,.T.);
#5521 = EDGE_CURVE('',#5514,#3897,#5522,.T.);
#5522 = LINE('',#5523,#5524);
#5523 = CARTESIAN_POINT('',(0.32,-7.3,-3.));
#5524 = VECTOR('',#5525,1.);
#5525 = DIRECTION('',(0.,0.,1.));
#5526 = ORIENTED_EDGE('',*,*,#3904,.F.);
#5527 = PLANE('',#5528);
#5528 = AXIS2_PLACEMENT_3D('',#5529,#5530,#5531);
#5529 = CARTESIAN_POINT('',(0.32,-7.94,-3.));
#5530 = DIRECTION('',(1.,0.,0.));
#5531 = DIRECTION('',(0.,0.,1.));
#5532 = ADVANCED_FACE('',(#5533),#5551,.T.);
#5533 = FACE_BOUND('',#5534,.T.);
#5534 = EDGE_LOOP('',(#5535,#5536,#5544,#5550));
#5535 = ORIENTED_EDGE('',*,*,#5521,.F.);
#5536 = ORIENTED_EDGE('',*,*,#5537,.F.);
#5537 = EDGE_CURVE('',#5538,#5514,#5540,.T.);
#5538 = VERTEX_POINT('',#5539);
#5539 = CARTESIAN_POINT('',(-0.32,-7.3,-2.84));
#5540 = LINE('',#5541,#5542);
#5541 = CARTESIAN_POINT('',(-0.32,-7.3,-2.84));
#5542 = VECTOR('',#5543,1.);
#5543 = DIRECTION('',(1.,0.,0.));
#5544 = ORIENTED_EDGE('',*,*,#5545,.T.);
#5545 = EDGE_CURVE('',#5538,#3889,#5546,.T.);
#5546 = LINE('',#5547,#5548);
#5547 = CARTESIAN_POINT('',(-0.32,-7.3,-3.));
#5548 = VECTOR('',#5549,1.);
#5549 = DIRECTION('',(0.,0.,1.));
#5550 = ORIENTED_EDGE('',*,*,#3896,.F.);
#5551 = PLANE('',#5552);
#5552 = AXIS2_PLACEMENT_3D('',#5553,#5554,#5555);
#5553 = CARTESIAN_POINT('',(-0.32,-7.3,-3.));
#5554 = DIRECTION('',(0.,1.,0.));
#5555 = DIRECTION('',(0.,-0.,1.));
#5556 = ADVANCED_FACE('',(#5557),#5568,.F.);
#5557 = FACE_BOUND('',#5558,.F.);
#5558 = EDGE_LOOP('',(#5559,#5560,#5566,#5567));
#5559 = ORIENTED_EDGE('',*,*,#5497,.F.);
#5560 = ORIENTED_EDGE('',*,*,#5561,.T.);
#5561 = EDGE_CURVE('',#5490,#5538,#5562,.T.);
#5562 = LINE('',#5563,#5564);
#5563 = CARTESIAN_POINT('',(-0.32,-7.94,-2.84));
#5564 = VECTOR('',#5565,1.);
#5565 = DIRECTION('',(0.,1.,0.));
#5566 = ORIENTED_EDGE('',*,*,#5545,.T.);
#5567 = ORIENTED_EDGE('',*,*,#3888,.F.);
#5568 = PLANE('',#5569);
#5569 = AXIS2_PLACEMENT_3D('',#5570,#5571,#5572);
#5570 = CARTESIAN_POINT('',(-0.32,-7.94,-3.));
#5571 = DIRECTION('',(1.,0.,0.));
#5572 = DIRECTION('',(0.,0.,1.));
#5573 = ADVANCED_FACE('',(#5574),#5599,.T.);
#5574 = FACE_BOUND('',#5575,.T.);
#5575 = EDGE_LOOP('',(#5576,#5584,#5585,#5593));
#5576 = ORIENTED_EDGE('',*,*,#5577,.F.);
#5577 = EDGE_CURVE('',#4202,#5578,#5580,.T.);
#5578 = VERTEX_POINT('',#5579);
#5579 = CARTESIAN_POINT('',(0.32,-0.32,8.38));
#5580 = LINE('',#5581,#5582);
#5581 = CARTESIAN_POINT('',(0.32,-0.32,-3.));
#5582 = VECTOR('',#5583,1.);
#5583 = DIRECTION('',(0.,0.,1.));
#5584 = ORIENTED_EDGE('',*,*,#4201,.T.);
#5585 = ORIENTED_EDGE('',*,*,#5586,.T.);
#5586 = EDGE_CURVE('',#4204,#5587,#5589,.T.);
#5587 = VERTEX_POINT('',#5588);
#5588 = CARTESIAN_POINT('',(0.32,0.32,8.38));
#5589 = LINE('',#5590,#5591);
#5590 = CARTESIAN_POINT('',(0.32,0.32,-3.));
#5591 = VECTOR('',#5592,1.);
#5592 = DIRECTION('',(0.,0.,1.));
#5593 = ORIENTED_EDGE('',*,*,#5594,.F.);
#5594 = EDGE_CURVE('',#5578,#5587,#5595,.T.);
#5595 = LINE('',#5596,#5597);
#5596 = CARTESIAN_POINT('',(0.32,-0.32,8.38));
#5597 = VECTOR('',#5598,1.);
#5598 = DIRECTION('',(0.,1.,0.));
#5599 = PLANE('',#5600);
#5600 = AXIS2_PLACEMENT_3D('',#5601,#5602,#5603);
#5601 = CARTESIAN_POINT('',(0.32,-0.32,-3.));
#5602 = DIRECTION('',(1.,0.,0.));
#5603 = DIRECTION('',(0.,0.,1.));
#5604 = ADVANCED_FACE('',(#5605),#5623,.T.);
#5605 = FACE_BOUND('',#5606,.T.);
#5606 = EDGE_LOOP('',(#5607,#5608,#5609,#5617));
#5607 = ORIENTED_EDGE('',*,*,#5586,.F.);
#5608 = ORIENTED_EDGE('',*,*,#4227,.T.);
#5609 = ORIENTED_EDGE('',*,*,#5610,.T.);
#5610 = EDGE_CURVE('',#4220,#5611,#5613,.T.);
#5611 = VERTEX_POINT('',#5612);
#5612 = CARTESIAN_POINT('',(-0.32,0.32,8.38));
#5613 = LINE('',#5614,#5615);
#5614 = CARTESIAN_POINT('',(-0.32,0.32,-3.));
#5615 = VECTOR('',#5616,1.);
#5616 = DIRECTION('',(0.,0.,1.));
#5617 = ORIENTED_EDGE('',*,*,#5618,.T.);
#5618 = EDGE_CURVE('',#5611,#5587,#5619,.T.);
#5619 = LINE('',#5620,#5621);
#5620 = CARTESIAN_POINT('',(-0.32,0.32,8.38));
#5621 = VECTOR('',#5622,1.);
#5622 = DIRECTION('',(1.,0.,0.));
#5623 = PLANE('',#5624);
#5624 = AXIS2_PLACEMENT_3D('',#5625,#5626,#5627);
#5625 = CARTESIAN_POINT('',(-0.32,0.32,-3.));
#5626 = DIRECTION('',(0.,1.,0.));
#5627 = DIRECTION('',(0.,-0.,1.));
#5628 = ADVANCED_FACE('',(#5629),#5647,.F.);
#5629 = FACE_BOUND('',#5630,.F.);
#5630 = EDGE_LOOP('',(#5631,#5639,#5640,#5641));
#5631 = ORIENTED_EDGE('',*,*,#5632,.F.);
#5632 = EDGE_CURVE('',#4212,#5633,#5635,.T.);
#5633 = VERTEX_POINT('',#5634);
#5634 = CARTESIAN_POINT('',(-0.32,-0.32,8.38));
#5635 = LINE('',#5636,#5637);
#5636 = CARTESIAN_POINT('',(-0.32,-0.32,-3.));
#5637 = VECTOR('',#5638,1.);
#5638 = DIRECTION('',(0.,0.,1.));
#5639 = ORIENTED_EDGE('',*,*,#4219,.T.);
#5640 = ORIENTED_EDGE('',*,*,#5610,.T.);
#5641 = ORIENTED_EDGE('',*,*,#5642,.F.);
#5642 = EDGE_CURVE('',#5633,#5611,#5643,.T.);
#5643 = LINE('',#5644,#5645);
#5644 = CARTESIAN_POINT('',(-0.32,-0.32,8.38));
#5645 = VECTOR('',#5646,1.);
#5646 = DIRECTION('',(0.,1.,0.));
#5647 = PLANE('',#5648);
#5648 = AXIS2_PLACEMENT_3D('',#5649,#5650,#5651);
#5649 = CARTESIAN_POINT('',(-0.32,-0.32,-3.));
#5650 = DIRECTION('',(1.,0.,0.));
#5651 = DIRECTION('',(0.,0.,1.));
#5652 = ADVANCED_FACE('',(#5653),#5664,.F.);
#5653 = FACE_BOUND('',#5654,.F.);
#5654 = EDGE_LOOP('',(#5655,#5656,#5657,#5658));
#5655 = ORIENTED_EDGE('',*,*,#5577,.F.);
#5656 = ORIENTED_EDGE('',*,*,#4211,.T.);
#5657 = ORIENTED_EDGE('',*,*,#5632,.T.);
#5658 = ORIENTED_EDGE('',*,*,#5659,.T.);
#5659 = EDGE_CURVE('',#5633,#5578,#5660,.T.);
#5660 = LINE('',#5661,#5662);
#5661 = CARTESIAN_POINT('',(-0.32,-0.32,8.38));
#5662 = VECTOR('',#5663,1.);
#5663 = DIRECTION('',(1.,0.,0.));
#5664 = PLANE('',#5665);
#5665 = AXIS2_PLACEMENT_3D('',#5666,#5667,#5668);
#5666 = CARTESIAN_POINT('',(-0.32,-0.32,-3.));
#5667 = DIRECTION('',(0.,1.,0.));
#5668 = DIRECTION('',(0.,-0.,1.));
#5669 = ADVANCED_FACE('',(#5670),#5695,.T.);
#5670 = FACE_BOUND('',#5671,.T.);
#5671 = EDGE_LOOP('',(#5672,#5680,#5681,#5689));
#5672 = ORIENTED_EDGE('',*,*,#5673,.F.);
#5673 = EDGE_CURVE('',#4236,#5674,#5676,.T.);
#5674 = VERTEX_POINT('',#5675);
#5675 = CARTESIAN_POINT('',(0.32,-5.4,8.38));
#5676 = LINE('',#5677,#5678);
#5677 = CARTESIAN_POINT('',(0.32,-5.4,-3.));
#5678 = VECTOR('',#5679,1.);
#5679 = DIRECTION('',(0.,0.,1.));
#5680 = ORIENTED_EDGE('',*,*,#4235,.T.);
#5681 = ORIENTED_EDGE('',*,*,#5682,.T.);
#5682 = EDGE_CURVE('',#4238,#5683,#5685,.T.);
#5683 = VERTEX_POINT('',#5684);
#5684 = CARTESIAN_POINT('',(0.32,-4.76,8.38));
#5685 = LINE('',#5686,#5687);
#5686 = CARTESIAN_POINT('',(0.32,-4.76,-3.));
#5687 = VECTOR('',#5688,1.);
#5688 = DIRECTION('',(0.,0.,1.));
#5689 = ORIENTED_EDGE('',*,*,#5690,.F.);
#5690 = EDGE_CURVE('',#5674,#5683,#5691,.T.);
#5691 = LINE('',#5692,#5693);
#5692 = CARTESIAN_POINT('',(0.32,-5.4,8.38));
#5693 = VECTOR('',#5694,1.);
#5694 = DIRECTION('',(0.,1.,0.));
#5695 = PLANE('',#5696);
#5696 = AXIS2_PLACEMENT_3D('',#5697,#5698,#5699);
#5697 = CARTESIAN_POINT('',(0.32,-5.4,-3.));
#5698 = DIRECTION('',(1.,0.,0.));
#5699 = DIRECTION('',(0.,0.,1.));
#5700 = ADVANCED_FACE('',(#5701),#5719,.T.);
#5701 = FACE_BOUND('',#5702,.T.);
#5702 = EDGE_LOOP('',(#5703,#5704,#5705,#5713));
#5703 = ORIENTED_EDGE('',*,*,#5682,.F.);
#5704 = ORIENTED_EDGE('',*,*,#4261,.T.);
#5705 = ORIENTED_EDGE('',*,*,#5706,.T.);
#5706 = EDGE_CURVE('',#4254,#5707,#5709,.T.);
#5707 = VERTEX_POINT('',#5708);
#5708 = CARTESIAN_POINT('',(-0.32,-4.76,8.38));
#5709 = LINE('',#5710,#5711);
#5710 = CARTESIAN_POINT('',(-0.32,-4.76,-3.));
#5711 = VECTOR('',#5712,1.);
#5712 = DIRECTION('',(0.,0.,1.));
#5713 = ORIENTED_EDGE('',*,*,#5714,.T.);
#5714 = EDGE_CURVE('',#5707,#5683,#5715,.T.);
#5715 = LINE('',#5716,#5717);
#5716 = CARTESIAN_POINT('',(-0.32,-4.76,8.38));
#5717 = VECTOR('',#5718,1.);
#5718 = DIRECTION('',(1.,0.,0.));
#5719 = PLANE('',#5720);
#5720 = AXIS2_PLACEMENT_3D('',#5721,#5722,#5723);
#5721 = CARTESIAN_POINT('',(-0.32,-4.76,-3.));
#5722 = DIRECTION('',(0.,1.,0.));
#5723 = DIRECTION('',(0.,-0.,1.));
#5724 = ADVANCED_FACE('',(#5725),#5743,.F.);
#5725 = FACE_BOUND('',#5726,.F.);
#5726 = EDGE_LOOP('',(#5727,#5735,#5736,#5737));
#5727 = ORIENTED_EDGE('',*,*,#5728,.F.);
#5728 = EDGE_CURVE('',#4246,#5729,#5731,.T.);
#5729 = VERTEX_POINT('',#5730);
#5730 = CARTESIAN_POINT('',(-0.32,-5.4,8.38));
#5731 = LINE('',#5732,#5733);
#5732 = CARTESIAN_POINT('',(-0.32,-5.4,-3.));
#5733 = VECTOR('',#5734,1.);
#5734 = DIRECTION('',(0.,0.,1.));
#5735 = ORIENTED_EDGE('',*,*,#4253,.T.);
#5736 = ORIENTED_EDGE('',*,*,#5706,.T.);
#5737 = ORIENTED_EDGE('',*,*,#5738,.F.);
#5738 = EDGE_CURVE('',#5729,#5707,#5739,.T.);
#5739 = LINE('',#5740,#5741);
#5740 = CARTESIAN_POINT('',(-0.32,-5.4,8.38));
#5741 = VECTOR('',#5742,1.);
#5742 = DIRECTION('',(0.,1.,0.));
#5743 = PLANE('',#5744);
#5744 = AXIS2_PLACEMENT_3D('',#5745,#5746,#5747);
#5745 = CARTESIAN_POINT('',(-0.32,-5.4,-3.));
#5746 = DIRECTION('',(1.,0.,0.));
#5747 = DIRECTION('',(0.,0.,1.));
#5748 = ADVANCED_FACE('',(#5749),#5760,.F.);
#5749 = FACE_BOUND('',#5750,.F.);
#5750 = EDGE_LOOP('',(#5751,#5752,#5753,#5754));
#5751 = ORIENTED_EDGE('',*,*,#5673,.F.);
#5752 = ORIENTED_EDGE('',*,*,#4245,.T.);
#5753 = ORIENTED_EDGE('',*,*,#5728,.T.);
#5754 = ORIENTED_EDGE('',*,*,#5755,.T.);
#5755 = EDGE_CURVE('',#5729,#5674,#5756,.T.);
#5756 = LINE('',#5757,#5758);
#5757 = CARTESIAN_POINT('',(-0.32,-5.4,8.38));
#5758 = VECTOR('',#5759,1.);
#5759 = DIRECTION('',(1.,0.,0.));
#5760 = PLANE('',#5761);
#5761 = AXIS2_PLACEMENT_3D('',#5762,#5763,#5764);
#5762 = CARTESIAN_POINT('',(-0.32,-5.4,-3.));
#5763 = DIRECTION('',(0.,1.,0.));
#5764 = DIRECTION('',(0.,-0.,1.));
#5765 = ADVANCED_FACE('',(#5766),#5791,.T.);
#5766 = FACE_BOUND('',#5767,.T.);
#5767 = EDGE_LOOP('',(#5768,#5776,#5777,#5785));
#5768 = ORIENTED_EDGE('',*,*,#5769,.F.);
#5769 = EDGE_CURVE('',#4270,#5770,#5772,.T.);
#5770 = VERTEX_POINT('',#5771);
#5771 = CARTESIAN_POINT('',(0.32,-2.86,8.38));
#5772 = LINE('',#5773,#5774);
#5773 = CARTESIAN_POINT('',(0.32,-2.86,-3.));
#5774 = VECTOR('',#5775,1.);
#5775 = DIRECTION('',(0.,0.,1.));
#5776 = ORIENTED_EDGE('',*,*,#4269,.T.);
#5777 = ORIENTED_EDGE('',*,*,#5778,.T.);
#5778 = EDGE_CURVE('',#4272,#5779,#5781,.T.);
#5779 = VERTEX_POINT('',#5780);
#5780 = CARTESIAN_POINT('',(0.32,-2.22,8.38));
#5781 = LINE('',#5782,#5783);
#5782 = CARTESIAN_POINT('',(0.32,-2.22,-3.));
#5783 = VECTOR('',#5784,1.);
#5784 = DIRECTION('',(0.,0.,1.));
#5785 = ORIENTED_EDGE('',*,*,#5786,.F.);
#5786 = EDGE_CURVE('',#5770,#5779,#5787,.T.);
#5787 = LINE('',#5788,#5789);
#5788 = CARTESIAN_POINT('',(0.32,-2.86,8.38));
#5789 = VECTOR('',#5790,1.);
#5790 = DIRECTION('',(0.,1.,0.));
#5791 = PLANE('',#5792);
#5792 = AXIS2_PLACEMENT_3D('',#5793,#5794,#5795);
#5793 = CARTESIAN_POINT('',(0.32,-2.86,-3.));
#5794 = DIRECTION('',(1.,0.,0.));
#5795 = DIRECTION('',(0.,0.,1.));
#5796 = ADVANCED_FACE('',(#5797),#5815,.T.);
#5797 = FACE_BOUND('',#5798,.T.);
#5798 = EDGE_LOOP('',(#5799,#5800,#5801,#5809));
#5799 = ORIENTED_EDGE('',*,*,#5778,.F.);
#5800 = ORIENTED_EDGE('',*,*,#4295,.T.);
#5801 = ORIENTED_EDGE('',*,*,#5802,.T.);
#5802 = EDGE_CURVE('',#4288,#5803,#5805,.T.);
#5803 = VERTEX_POINT('',#5804);
#5804 = CARTESIAN_POINT('',(-0.32,-2.22,8.38));
#5805 = LINE('',#5806,#5807);
#5806 = CARTESIAN_POINT('',(-0.32,-2.22,-3.));
#5807 = VECTOR('',#5808,1.);
#5808 = DIRECTION('',(0.,0.,1.));
#5809 = ORIENTED_EDGE('',*,*,#5810,.T.);
#5810 = EDGE_CURVE('',#5803,#5779,#5811,.T.);
#5811 = LINE('',#5812,#5813);
#5812 = CARTESIAN_POINT('',(-0.32,-2.22,8.38));
#5813 = VECTOR('',#5814,1.);
#5814 = DIRECTION('',(1.,0.,0.));
#5815 = PLANE('',#5816);
#5816 = AXIS2_PLACEMENT_3D('',#5817,#5818,#5819);
#5817 = CARTESIAN_POINT('',(-0.32,-2.22,-3.));
#5818 = DIRECTION('',(0.,1.,0.));
#5819 = DIRECTION('',(0.,-0.,1.));
#5820 = ADVANCED_FACE('',(#5821),#5839,.F.);
#5821 = FACE_BOUND('',#5822,.F.);
#5822 = EDGE_LOOP('',(#5823,#5831,#5832,#5833));
#5823 = ORIENTED_EDGE('',*,*,#5824,.F.);
#5824 = EDGE_CURVE('',#4280,#5825,#5827,.T.);
#5825 = VERTEX_POINT('',#5826);
#5826 = CARTESIAN_POINT('',(-0.32,-2.86,8.38));
#5827 = LINE('',#5828,#5829);
#5828 = CARTESIAN_POINT('',(-0.32,-2.86,-3.));
#5829 = VECTOR('',#5830,1.);
#5830 = DIRECTION('',(0.,0.,1.));
#5831 = ORIENTED_EDGE('',*,*,#4287,.T.);
#5832 = ORIENTED_EDGE('',*,*,#5802,.T.);
#5833 = ORIENTED_EDGE('',*,*,#5834,.F.);
#5834 = EDGE_CURVE('',#5825,#5803,#5835,.T.);
#5835 = LINE('',#5836,#5837);
#5836 = CARTESIAN_POINT('',(-0.32,-2.86,8.38));
#5837 = VECTOR('',#5838,1.);
#5838 = DIRECTION('',(0.,1.,0.));
#5839 = PLANE('',#5840);
#5840 = AXIS2_PLACEMENT_3D('',#5841,#5842,#5843);
#5841 = CARTESIAN_POINT('',(-0.32,-2.86,-3.));
#5842 = DIRECTION('',(1.,0.,0.));
#5843 = DIRECTION('',(0.,0.,1.));
#5844 = ADVANCED_FACE('',(#5845),#5856,.F.);
#5845 = FACE_BOUND('',#5846,.F.);
#5846 = EDGE_LOOP('',(#5847,#5848,#5849,#5850));
#5847 = ORIENTED_EDGE('',*,*,#5769,.F.);
#5848 = ORIENTED_EDGE('',*,*,#4279,.T.);
#5849 = ORIENTED_EDGE('',*,*,#5824,.T.);
#5850 = ORIENTED_EDGE('',*,*,#5851,.T.);
#5851 = EDGE_CURVE('',#5825,#5770,#5852,.T.);
#5852 = LINE('',#5853,#5854);
#5853 = CARTESIAN_POINT('',(-0.32,-2.86,8.38));
#5854 = VECTOR('',#5855,1.);
#5855 = DIRECTION('',(1.,0.,0.));
#5856 = PLANE('',#5857);
#5857 = AXIS2_PLACEMENT_3D('',#5858,#5859,#5860);
#5858 = CARTESIAN_POINT('',(-0.32,-2.86,-3.));
#5859 = DIRECTION('',(0.,1.,0.));
#5860 = DIRECTION('',(0.,-0.,1.));
#5861 = ADVANCED_FACE('',(#5862),#5887,.F.);
#5862 = FACE_BOUND('',#5863,.F.);
#5863 = EDGE_LOOP('',(#5864,#5872,#5873,#5881));
#5864 = ORIENTED_EDGE('',*,*,#5865,.F.);
#5865 = EDGE_CURVE('',#4304,#5866,#5868,.T.);
#5866 = VERTEX_POINT('',#5867);
#5867 = CARTESIAN_POINT('',(0.32,-13.02,8.38));
#5868 = LINE('',#5869,#5870);
#5869 = CARTESIAN_POINT('',(0.32,-13.02,-3.));
#5870 = VECTOR('',#5871,1.);
#5871 = DIRECTION('',(0.,0.,1.));
#5872 = ORIENTED_EDGE('',*,*,#4303,.T.);
#5873 = ORIENTED_EDGE('',*,*,#5874,.T.);
#5874 = EDGE_CURVE('',#4306,#5875,#5877,.T.);
#5875 = VERTEX_POINT('',#5876);
#5876 = CARTESIAN_POINT('',(-0.32,-13.02,8.38));
#5877 = LINE('',#5878,#5879);
#5878 = CARTESIAN_POINT('',(-0.32,-13.02,-3.));
#5879 = VECTOR('',#5880,1.);
#5880 = DIRECTION('',(0.,0.,1.));
#5881 = ORIENTED_EDGE('',*,*,#5882,.T.);
#5882 = EDGE_CURVE('',#5875,#5866,#5883,.T.);
#5883 = LINE('',#5884,#5885);
#5884 = CARTESIAN_POINT('',(-0.32,-13.02,8.38));
#5885 = VECTOR('',#5886,1.);
#5886 = DIRECTION('',(1.,0.,0.));
#5887 = PLANE('',#5888);
#5888 = AXIS2_PLACEMENT_3D('',#5889,#5890,#5891);
#5889 = CARTESIAN_POINT('',(-0.32,-13.02,-3.));
#5890 = DIRECTION('',(0.,1.,0.));
#5891 = DIRECTION('',(0.,-0.,1.));
#5892 = ADVANCED_FACE('',(#5893),#5911,.T.);
#5893 = FACE_BOUND('',#5894,.T.);
#5894 = EDGE_LOOP('',(#5895,#5896,#5897,#5905));
#5895 = ORIENTED_EDGE('',*,*,#5865,.F.);
#5896 = ORIENTED_EDGE('',*,*,#4329,.T.);
#5897 = ORIENTED_EDGE('',*,*,#5898,.T.);
#5898 = EDGE_CURVE('',#4322,#5899,#5901,.T.);
#5899 = VERTEX_POINT('',#5900);
#5900 = CARTESIAN_POINT('',(0.32,-12.38,8.38));
#5901 = LINE('',#5902,#5903);
#5902 = CARTESIAN_POINT('',(0.32,-12.38,-3.));
#5903 = VECTOR('',#5904,1.);
#5904 = DIRECTION('',(0.,0.,1.));
#5905 = ORIENTED_EDGE('',*,*,#5906,.F.);
#5906 = EDGE_CURVE('',#5866,#5899,#5907,.T.);
#5907 = LINE('',#5908,#5909);
#5908 = CARTESIAN_POINT('',(0.32,-13.02,8.38));
#5909 = VECTOR('',#5910,1.);
#5910 = DIRECTION('',(0.,1.,0.));
#5911 = PLANE('',#5912);
#5912 = AXIS2_PLACEMENT_3D('',#5913,#5914,#5915);
#5913 = CARTESIAN_POINT('',(0.32,-13.02,-3.));
#5914 = DIRECTION('',(1.,0.,0.));
#5915 = DIRECTION('',(0.,0.,1.));
#5916 = ADVANCED_FACE('',(#5917),#5935,.T.);
#5917 = FACE_BOUND('',#5918,.T.);
#5918 = EDGE_LOOP('',(#5919,#5920,#5921,#5929));
#5919 = ORIENTED_EDGE('',*,*,#5898,.F.);
#5920 = ORIENTED_EDGE('',*,*,#4321,.T.);
#5921 = ORIENTED_EDGE('',*,*,#5922,.T.);
#5922 = EDGE_CURVE('',#4314,#5923,#5925,.T.);
#5923 = VERTEX_POINT('',#5924);
#5924 = CARTESIAN_POINT('',(-0.32,-12.38,8.38));
#5925 = LINE('',#5926,#5927);
#5926 = CARTESIAN_POINT('',(-0.32,-12.38,-3.));
#5927 = VECTOR('',#5928,1.);
#5928 = DIRECTION('',(0.,0.,1.));
#5929 = ORIENTED_EDGE('',*,*,#5930,.T.);
#5930 = EDGE_CURVE('',#5923,#5899,#5931,.T.);
#5931 = LINE('',#5932,#5933);
#5932 = CARTESIAN_POINT('',(-0.32,-12.38,8.38));
#5933 = VECTOR('',#5934,1.);
#5934 = DIRECTION('',(1.,0.,0.));
#5935 = PLANE('',#5936);
#5936 = AXIS2_PLACEMENT_3D('',#5937,#5938,#5939);
#5937 = CARTESIAN_POINT('',(-0.32,-12.38,-3.));
#5938 = DIRECTION('',(0.,1.,0.));
#5939 = DIRECTION('',(0.,-0.,1.));
#5940 = ADVANCED_FACE('',(#5941),#5952,.F.);
#5941 = FACE_BOUND('',#5942,.F.);
#5942 = EDGE_LOOP('',(#5943,#5944,#5945,#5946));
#5943 = ORIENTED_EDGE('',*,*,#5874,.F.);
#5944 = ORIENTED_EDGE('',*,*,#4313,.T.);
#5945 = ORIENTED_EDGE('',*,*,#5922,.T.);
#5946 = ORIENTED_EDGE('',*,*,#5947,.F.);
#5947 = EDGE_CURVE('',#5875,#5923,#5948,.T.);
#5948 = LINE('',#5949,#5950);
#5949 = CARTESIAN_POINT('',(-0.32,-13.02,8.38));
#5950 = VECTOR('',#5951,1.);
#5951 = DIRECTION('',(0.,1.,0.));
#5952 = PLANE('',#5953);
#5953 = AXIS2_PLACEMENT_3D('',#5954,#5955,#5956);
#5954 = CARTESIAN_POINT('',(-0.32,-13.02,-3.));
#5955 = DIRECTION('',(1.,0.,0.));
#5956 = DIRECTION('',(0.,0.,1.));
#5957 = ADVANCED_FACE('',(#5958),#5983,.T.);
#5958 = FACE_BOUND('',#5959,.T.);
#5959 = EDGE_LOOP('',(#5960,#5968,#5969,#5977));
#5960 = ORIENTED_EDGE('',*,*,#5961,.F.);
#5961 = EDGE_CURVE('',#4338,#5962,#5964,.T.);
#5962 = VERTEX_POINT('',#5963);
#5963 = CARTESIAN_POINT('',(0.32,-9.84,8.38));
#5964 = LINE('',#5965,#5966);
#5965 = CARTESIAN_POINT('',(0.32,-9.84,-3.));
#5966 = VECTOR('',#5967,1.);
#5967 = DIRECTION('',(0.,0.,1.));
#5968 = ORIENTED_EDGE('',*,*,#4337,.T.);
#5969 = ORIENTED_EDGE('',*,*,#5970,.T.);
#5970 = EDGE_CURVE('',#4340,#5971,#5973,.T.);
#5971 = VERTEX_POINT('',#5972);
#5972 = CARTESIAN_POINT('',(-0.32,-9.84,8.38));
#5973 = LINE('',#5974,#5975);
#5974 = CARTESIAN_POINT('',(-0.32,-9.84,-3.));
#5975 = VECTOR('',#5976,1.);
#5976 = DIRECTION('',(0.,0.,1.));
#5977 = ORIENTED_EDGE('',*,*,#5978,.T.);
#5978 = EDGE_CURVE('',#5971,#5962,#5979,.T.);
#5979 = LINE('',#5980,#5981);
#5980 = CARTESIAN_POINT('',(-0.32,-9.84,8.38));
#5981 = VECTOR('',#5982,1.);
#5982 = DIRECTION('',(1.,0.,0.));
#5983 = PLANE('',#5984);
#5984 = AXIS2_PLACEMENT_3D('',#5985,#5986,#5987);
#5985 = CARTESIAN_POINT('',(-0.32,-9.84,-3.));
#5986 = DIRECTION('',(0.,1.,0.));
#5987 = DIRECTION('',(0.,-0.,1.));
#5988 = ADVANCED_FACE('',(#5989),#6007,.F.);
#5989 = FACE_BOUND('',#5990,.F.);
#5990 = EDGE_LOOP('',(#5991,#5999,#6000,#6001));
#5991 = ORIENTED_EDGE('',*,*,#5992,.F.);
#5992 = EDGE_CURVE('',#4356,#5993,#5995,.T.);
#5993 = VERTEX_POINT('',#5994);
#5994 = CARTESIAN_POINT('',(-0.32,-10.48,8.38));
#5995 = LINE('',#5996,#5997);
#5996 = CARTESIAN_POINT('',(-0.32,-10.48,-3.));
#5997 = VECTOR('',#5998,1.);
#5998 = DIRECTION('',(0.,0.,1.));
#5999 = ORIENTED_EDGE('',*,*,#4363,.T.);
#6000 = ORIENTED_EDGE('',*,*,#5970,.T.);
#6001 = ORIENTED_EDGE('',*,*,#6002,.F.);
#6002 = EDGE_CURVE('',#5993,#5971,#6003,.T.);
#6003 = LINE('',#6004,#6005);
#6004 = CARTESIAN_POINT('',(-0.32,-10.48,8.38));
#6005 = VECTOR('',#6006,1.);
#6006 = DIRECTION('',(0.,1.,0.));
#6007 = PLANE('',#6008);
#6008 = AXIS2_PLACEMENT_3D('',#6009,#6010,#6011);
#6009 = CARTESIAN_POINT('',(-0.32,-10.48,-3.));
#6010 = DIRECTION('',(1.,0.,0.));
#6011 = DIRECTION('',(0.,0.,1.));
#6012 = ADVANCED_FACE('',(#6013),#6031,.F.);
#6013 = FACE_BOUND('',#6014,.F.);
#6014 = EDGE_LOOP('',(#6015,#6023,#6024,#6025));
#6015 = ORIENTED_EDGE('',*,*,#6016,.F.);
#6016 = EDGE_CURVE('',#4348,#6017,#6019,.T.);
#6017 = VERTEX_POINT('',#6018);
#6018 = CARTESIAN_POINT('',(0.32,-10.48,8.38));
#6019 = LINE('',#6020,#6021);
#6020 = CARTESIAN_POINT('',(0.32,-10.48,-3.));
#6021 = VECTOR('',#6022,1.);
#6022 = DIRECTION('',(0.,0.,1.));
#6023 = ORIENTED_EDGE('',*,*,#4355,.T.);
#6024 = ORIENTED_EDGE('',*,*,#5992,.T.);
#6025 = ORIENTED_EDGE('',*,*,#6026,.T.);
#6026 = EDGE_CURVE('',#5993,#6017,#6027,.T.);
#6027 = LINE('',#6028,#6029);
#6028 = CARTESIAN_POINT('',(-0.32,-10.48,8.38));
#6029 = VECTOR('',#6030,1.);
#6030 = DIRECTION('',(1.,0.,0.));
#6031 = PLANE('',#6032);
#6032 = AXIS2_PLACEMENT_3D('',#6033,#6034,#6035);
#6033 = CARTESIAN_POINT('',(-0.32,-10.48,-3.));
#6034 = DIRECTION('',(0.,1.,0.));
#6035 = DIRECTION('',(0.,-0.,1.));
#6036 = ADVANCED_FACE('',(#6037),#6048,.T.);
#6037 = FACE_BOUND('',#6038,.T.);
#6038 = EDGE_LOOP('',(#6039,#6040,#6041,#6042));
#6039 = ORIENTED_EDGE('',*,*,#6016,.F.);
#6040 = ORIENTED_EDGE('',*,*,#4347,.T.);
#6041 = ORIENTED_EDGE('',*,*,#5961,.T.);
#6042 = ORIENTED_EDGE('',*,*,#6043,.F.);
#6043 = EDGE_CURVE('',#6017,#5962,#6044,.T.);
#6044 = LINE('',#6045,#6046);
#6045 = CARTESIAN_POINT('',(0.32,-10.48,8.38));
#6046 = VECTOR('',#6047,1.);
#6047 = DIRECTION('',(0.,1.,0.));
#6048 = PLANE('',#6049);
#6049 = AXIS2_PLACEMENT_3D('',#6050,#6051,#6052);
#6050 = CARTESIAN_POINT('',(0.32,-10.48,-3.));
#6051 = DIRECTION('',(1.,0.,0.));
#6052 = DIRECTION('',(0.,0.,1.));
#6053 = ADVANCED_FACE('',(#6054),#6079,.F.);
#6054 = FACE_BOUND('',#6055,.F.);
#6055 = EDGE_LOOP('',(#6056,#6064,#6065,#6073));
#6056 = ORIENTED_EDGE('',*,*,#6057,.F.);
#6057 = EDGE_CURVE('',#4372,#6058,#6060,.T.);
#6058 = VERTEX_POINT('',#6059);
#6059 = CARTESIAN_POINT('',(0.32,-7.94,8.38));
#6060 = LINE('',#6061,#6062);
#6061 = CARTESIAN_POINT('',(0.32,-7.94,-3.));
#6062 = VECTOR('',#6063,1.);
#6063 = DIRECTION('',(0.,0.,1.));
#6064 = ORIENTED_EDGE('',*,*,#4371,.T.);
#6065 = ORIENTED_EDGE('',*,*,#6066,.T.);
#6066 = EDGE_CURVE('',#4374,#6067,#6069,.T.);
#6067 = VERTEX_POINT('',#6068);
#6068 = CARTESIAN_POINT('',(-0.32,-7.94,8.38));
#6069 = LINE('',#6070,#6071);
#6070 = CARTESIAN_POINT('',(-0.32,-7.94,-3.));
#6071 = VECTOR('',#6072,1.);
#6072 = DIRECTION('',(0.,0.,1.));
#6073 = ORIENTED_EDGE('',*,*,#6074,.T.);
#6074 = EDGE_CURVE('',#6067,#6058,#6075,.T.);
#6075 = LINE('',#6076,#6077);
#6076 = CARTESIAN_POINT('',(-0.32,-7.94,8.38));
#6077 = VECTOR('',#6078,1.);
#6078 = DIRECTION('',(1.,0.,0.));
#6079 = PLANE('',#6080);
#6080 = AXIS2_PLACEMENT_3D('',#6081,#6082,#6083);
#6081 = CARTESIAN_POINT('',(-0.32,-7.94,-3.));
#6082 = DIRECTION('',(0.,1.,0.));
#6083 = DIRECTION('',(0.,-0.,1.));
#6084 = ADVANCED_FACE('',(#6085),#6103,.T.);
#6085 = FACE_BOUND('',#6086,.T.);
#6086 = EDGE_LOOP('',(#6087,#6088,#6089,#6097));
#6087 = ORIENTED_EDGE('',*,*,#6057,.F.);
#6088 = ORIENTED_EDGE('',*,*,#4397,.T.);
#6089 = ORIENTED_EDGE('',*,*,#6090,.T.);
#6090 = EDGE_CURVE('',#4390,#6091,#6093,.T.);
#6091 = VERTEX_POINT('',#6092);
#6092 = CARTESIAN_POINT('',(0.32,-7.3,8.38));
#6093 = LINE('',#6094,#6095);
#6094 = CARTESIAN_POINT('',(0.32,-7.3,-3.));
#6095 = VECTOR('',#6096,1.);
#6096 = DIRECTION('',(0.,0.,1.));
#6097 = ORIENTED_EDGE('',*,*,#6098,.F.);
#6098 = EDGE_CURVE('',#6058,#6091,#6099,.T.);
#6099 = LINE('',#6100,#6101);
#6100 = CARTESIAN_POINT('',(0.32,-7.94,8.38));
#6101 = VECTOR('',#6102,1.);
#6102 = DIRECTION('',(0.,1.,0.));
#6103 = PLANE('',#6104);
#6104 = AXIS2_PLACEMENT_3D('',#6105,#6106,#6107);
#6105 = CARTESIAN_POINT('',(0.32,-7.94,-3.));
#6106 = DIRECTION('',(1.,0.,0.));
#6107 = DIRECTION('',(0.,0.,1.));
#6108 = ADVANCED_FACE('',(#6109),#6127,.T.);
#6109 = FACE_BOUND('',#6110,.T.);
#6110 = EDGE_LOOP('',(#6111,#6112,#6113,#6121));
#6111 = ORIENTED_EDGE('',*,*,#6090,.F.);
#6112 = ORIENTED_EDGE('',*,*,#4389,.T.);
#6113 = ORIENTED_EDGE('',*,*,#6114,.T.);
#6114 = EDGE_CURVE('',#4382,#6115,#6117,.T.);
#6115 = VERTEX_POINT('',#6116);
#6116 = CARTESIAN_POINT('',(-0.32,-7.3,8.38));
#6117 = LINE('',#6118,#6119);
#6118 = CARTESIAN_POINT('',(-0.32,-7.3,-3.));
#6119 = VECTOR('',#6120,1.);
#6120 = DIRECTION('',(0.,0.,1.));
#6121 = ORIENTED_EDGE('',*,*,#6122,.T.);
#6122 = EDGE_CURVE('',#6115,#6091,#6123,.T.);
#6123 = LINE('',#6124,#6125);
#6124 = CARTESIAN_POINT('',(-0.32,-7.3,8.38));
#6125 = VECTOR('',#6126,1.);
#6126 = DIRECTION('',(1.,0.,0.));
#6127 = PLANE('',#6128);
#6128 = AXIS2_PLACEMENT_3D('',#6129,#6130,#6131);
#6129 = CARTESIAN_POINT('',(-0.32,-7.3,-3.));
#6130 = DIRECTION('',(0.,1.,0.));
#6131 = DIRECTION('',(0.,-0.,1.));
#6132 = ADVANCED_FACE('',(#6133),#6144,.F.);
#6133 = FACE_BOUND('',#6134,.F.);
#6134 = EDGE_LOOP('',(#6135,#6136,#6137,#6138));
#6135 = ORIENTED_EDGE('',*,*,#6066,.F.);
#6136 = ORIENTED_EDGE('',*,*,#4381,.T.);
#6137 = ORIENTED_EDGE('',*,*,#6114,.T.);
#6138 = ORIENTED_EDGE('',*,*,#6139,.F.);
#6139 = EDGE_CURVE('',#6067,#6115,#6140,.T.);
#6140 = LINE('',#6141,#6142);
#6141 = CARTESIAN_POINT('',(-0.32,-7.94,8.38));
#6142 = VECTOR('',#6143,1.);
#6143 = DIRECTION('',(0.,1.,0.));
#6144 = PLANE('',#6145);
#6145 = AXIS2_PLACEMENT_3D('',#6146,#6147,#6148);
#6146 = CARTESIAN_POINT('',(-0.32,-7.94,-3.));
#6147 = DIRECTION('',(1.,0.,0.));
#6148 = DIRECTION('',(0.,0.,1.));
#6149 = ADVANCED_FACE('',(#6150),#6175,.F.);
#6150 = FACE_BOUND('',#6151,.F.);
#6151 = EDGE_LOOP('',(#6152,#6160,#6161,#6169));
#6152 = ORIENTED_EDGE('',*,*,#6153,.F.);
#6153 = EDGE_CURVE('',#5002,#6154,#6156,.T.);
#6154 = VERTEX_POINT('',#6155);
#6155 = CARTESIAN_POINT('',(0.16,-0.16,-3.));
#6156 = LINE('',#6157,#6158);
#6157 = CARTESIAN_POINT('',(0.16,-0.16,-3.));
#6158 = VECTOR('',#6159,1.);
#6159 = DIRECTION('',(-0.57735026919,0.57735026919,-0.57735026919));
#6160 = ORIENTED_EDGE('',*,*,#5009,.T.);
#6161 = ORIENTED_EDGE('',*,*,#6162,.T.);
#6162 = EDGE_CURVE('',#5010,#6163,#6165,.T.);
#6163 = VERTEX_POINT('',#6164);
#6164 = CARTESIAN_POINT('',(0.16,0.16,-3.));
#6165 = LINE('',#6166,#6167);
#6166 = CARTESIAN_POINT('',(5.333333333333E-02,5.333333333333E-02,
    -3.106666666667));
#6167 = VECTOR('',#6168,1.);
#6168 = DIRECTION('',(-0.57735026919,-0.57735026919,-0.57735026919));
#6169 = ORIENTED_EDGE('',*,*,#6170,.F.);
#6170 = EDGE_CURVE('',#6154,#6163,#6171,.T.);
#6171 = LINE('',#6172,#6173);
#6172 = CARTESIAN_POINT('',(0.16,-0.32,-3.));
#6173 = VECTOR('',#6174,1.);
#6174 = DIRECTION('',(0.,1.,0.));
#6175 = PLANE('',#6176);
#6176 = AXIS2_PLACEMENT_3D('',#6177,#6178,#6179);
#6177 = CARTESIAN_POINT('',(0.24,-0.32,-2.92));
#6178 = DIRECTION('',(-0.707106781187,1.735167508357E-18,0.707106781187)
  );
#6179 = DIRECTION('',(1.226948711654E-18,1.,-1.226948711654E-18));
#6180 = ADVANCED_FACE('',(#6181),#6199,.F.);
#6181 = FACE_BOUND('',#6182,.T.);
#6182 = EDGE_LOOP('',(#6183,#6191,#6192,#6193));
#6183 = ORIENTED_EDGE('',*,*,#6184,.F.);
#6184 = EDGE_CURVE('',#5034,#6185,#6187,.T.);
#6185 = VERTEX_POINT('',#6186);
#6186 = CARTESIAN_POINT('',(-0.16,0.16,-3.));
#6187 = LINE('',#6188,#6189);
#6188 = CARTESIAN_POINT('',(-0.16,0.16,-3.));
#6189 = VECTOR('',#6190,1.);
#6190 = DIRECTION('',(0.57735026919,-0.57735026919,-0.57735026919));
#6191 = ORIENTED_EDGE('',*,*,#5033,.T.);
#6192 = ORIENTED_EDGE('',*,*,#6162,.T.);
#6193 = ORIENTED_EDGE('',*,*,#6194,.F.);
#6194 = EDGE_CURVE('',#6185,#6163,#6195,.T.);
#6195 = LINE('',#6196,#6197);
#6196 = CARTESIAN_POINT('',(-0.32,0.16,-3.));
#6197 = VECTOR('',#6198,1.);
#6198 = DIRECTION('',(1.,0.,0.));
#6199 = PLANE('',#6200);
#6200 = AXIS2_PLACEMENT_3D('',#6201,#6202,#6203);
#6201 = CARTESIAN_POINT('',(-0.32,0.24,-2.92));
#6202 = DIRECTION('',(-1.735167508357E-18,-0.707106781187,0.707106781187
    ));
#6203 = DIRECTION('',(-1.,1.226948711654E-18,-1.226948711654E-18));
#6204 = ADVANCED_FACE('',(#6205),#6223,.T.);
#6205 = FACE_BOUND('',#6206,.T.);
#6206 = EDGE_LOOP('',(#6207,#6215,#6216,#6217));
#6207 = ORIENTED_EDGE('',*,*,#6208,.F.);
#6208 = EDGE_CURVE('',#5057,#6209,#6211,.T.);
#6209 = VERTEX_POINT('',#6210);
#6210 = CARTESIAN_POINT('',(-0.16,-0.16,-3.));
#6211 = LINE('',#6212,#6213);
#6212 = CARTESIAN_POINT('',(-0.266666666667,-0.266666666667,
    -2.893333333333));
#6213 = VECTOR('',#6214,1.);
#6214 = DIRECTION('',(0.57735026919,0.57735026919,-0.57735026919));
#6215 = ORIENTED_EDGE('',*,*,#5064,.T.);
#6216 = ORIENTED_EDGE('',*,*,#6184,.T.);
#6217 = ORIENTED_EDGE('',*,*,#6218,.F.);
#6218 = EDGE_CURVE('',#6209,#6185,#6219,.T.);
#6219 = LINE('',#6220,#6221);
#6220 = CARTESIAN_POINT('',(-0.16,-0.32,-3.));
#6221 = VECTOR('',#6222,1.);
#6222 = DIRECTION('',(0.,1.,0.));
#6223 = PLANE('',#6224);
#6224 = AXIS2_PLACEMENT_3D('',#6225,#6226,#6227);
#6225 = CARTESIAN_POINT('',(-0.24,-0.32,-2.92));
#6226 = DIRECTION('',(-0.707106781187,-1.735167508357E-18,
    -0.707106781187));
#6227 = DIRECTION('',(-1.226948711654E-18,1.,-1.226948711654E-18));
#6228 = ADVANCED_FACE('',(#6229),#6240,.T.);
#6229 = FACE_BOUND('',#6230,.F.);
#6230 = EDGE_LOOP('',(#6231,#6232,#6233,#6234));
#6231 = ORIENTED_EDGE('',*,*,#6208,.F.);
#6232 = ORIENTED_EDGE('',*,*,#5081,.T.);
#6233 = ORIENTED_EDGE('',*,*,#6153,.T.);
#6234 = ORIENTED_EDGE('',*,*,#6235,.F.);
#6235 = EDGE_CURVE('',#6209,#6154,#6236,.T.);
#6236 = LINE('',#6237,#6238);
#6237 = CARTESIAN_POINT('',(-0.32,-0.16,-3.));
#6238 = VECTOR('',#6239,1.);
#6239 = DIRECTION('',(1.,0.,0.));
#6240 = PLANE('',#6241);
#6241 = AXIS2_PLACEMENT_3D('',#6242,#6243,#6244);
#6242 = CARTESIAN_POINT('',(-0.32,-0.24,-2.92));
#6243 = DIRECTION('',(1.735167508357E-18,-0.707106781187,-0.707106781187
    ));
#6244 = DIRECTION('',(-1.,-1.226948711654E-18,-1.226948711654E-18));
#6245 = ADVANCED_FACE('',(#6246),#6271,.F.);
#6246 = FACE_BOUND('',#6247,.F.);
#6247 = EDGE_LOOP('',(#6248,#6256,#6257,#6265));
#6248 = ORIENTED_EDGE('',*,*,#6249,.F.);
#6249 = EDGE_CURVE('',#5098,#6250,#6252,.T.);
#6250 = VERTEX_POINT('',#6251);
#6251 = CARTESIAN_POINT('',(0.16,-5.24,-3.));
#6252 = LINE('',#6253,#6254);
#6253 = CARTESIAN_POINT('',(0.16,-5.24,-3.));
#6254 = VECTOR('',#6255,1.);
#6255 = DIRECTION('',(-0.57735026919,0.57735026919,-0.57735026919));
#6256 = ORIENTED_EDGE('',*,*,#5105,.T.);
#6257 = ORIENTED_EDGE('',*,*,#6258,.T.);
#6258 = EDGE_CURVE('',#5106,#6259,#6261,.T.);
#6259 = VERTEX_POINT('',#6260);
#6260 = CARTESIAN_POINT('',(0.16,-4.92,-3.));
#6261 = LINE('',#6262,#6263);
#6262 = CARTESIAN_POINT('',(5.333333333333E-02,-5.026666666667,
    -3.106666666667));
#6263 = VECTOR('',#6264,1.);
#6264 = DIRECTION('',(-0.57735026919,-0.57735026919,-0.57735026919));
#6265 = ORIENTED_EDGE('',*,*,#6266,.F.);
#6266 = EDGE_CURVE('',#6250,#6259,#6267,.T.);
#6267 = LINE('',#6268,#6269);
#6268 = CARTESIAN_POINT('',(0.16,-5.4,-3.));
#6269 = VECTOR('',#6270,1.);
#6270 = DIRECTION('',(0.,1.,0.));
#6271 = PLANE('',#6272);
#6272 = AXIS2_PLACEMENT_3D('',#6273,#6274,#6275);
#6273 = CARTESIAN_POINT('',(0.24,-5.4,-2.92));
#6274 = DIRECTION('',(-0.707106781187,1.735167508357E-18,0.707106781187)
  );
#6275 = DIRECTION('',(1.226948711654E-18,1.,-1.226948711654E-18));
#6276 = ADVANCED_FACE('',(#6277),#6295,.F.);
#6277 = FACE_BOUND('',#6278,.T.);
#6278 = EDGE_LOOP('',(#6279,#6287,#6288,#6289));
#6279 = ORIENTED_EDGE('',*,*,#6280,.F.);
#6280 = EDGE_CURVE('',#5130,#6281,#6283,.T.);
#6281 = VERTEX_POINT('',#6282);
#6282 = CARTESIAN_POINT('',(-0.16,-4.92,-3.));
#6283 = LINE('',#6284,#6285);
#6284 = CARTESIAN_POINT('',(-0.16,-4.92,-3.));
#6285 = VECTOR('',#6286,1.);
#6286 = DIRECTION('',(0.57735026919,-0.57735026919,-0.57735026919));
#6287 = ORIENTED_EDGE('',*,*,#5129,.T.);
#6288 = ORIENTED_EDGE('',*,*,#6258,.T.);
#6289 = ORIENTED_EDGE('',*,*,#6290,.F.);
#6290 = EDGE_CURVE('',#6281,#6259,#6291,.T.);
#6291 = LINE('',#6292,#6293);
#6292 = CARTESIAN_POINT('',(-0.32,-4.92,-3.));
#6293 = VECTOR('',#6294,1.);
#6294 = DIRECTION('',(1.,0.,0.));
#6295 = PLANE('',#6296);
#6296 = AXIS2_PLACEMENT_3D('',#6297,#6298,#6299);
#6297 = CARTESIAN_POINT('',(-0.32,-4.84,-2.92));
#6298 = DIRECTION('',(-1.735167508357E-18,-0.707106781187,0.707106781187
    ));
#6299 = DIRECTION('',(-1.,1.226948711654E-18,-1.226948711654E-18));
#6300 = ADVANCED_FACE('',(#6301),#6319,.T.);
#6301 = FACE_BOUND('',#6302,.T.);
#6302 = EDGE_LOOP('',(#6303,#6311,#6312,#6313));
#6303 = ORIENTED_EDGE('',*,*,#6304,.F.);
#6304 = EDGE_CURVE('',#5153,#6305,#6307,.T.);
#6305 = VERTEX_POINT('',#6306);
#6306 = CARTESIAN_POINT('',(-0.16,-5.24,-3.));
#6307 = LINE('',#6308,#6309);
#6308 = CARTESIAN_POINT('',(-0.266666666667,-5.346666666667,
    -2.893333333333));
#6309 = VECTOR('',#6310,1.);
#6310 = DIRECTION('',(0.57735026919,0.57735026919,-0.57735026919));
#6311 = ORIENTED_EDGE('',*,*,#5160,.T.);
#6312 = ORIENTED_EDGE('',*,*,#6280,.T.);
#6313 = ORIENTED_EDGE('',*,*,#6314,.F.);
#6314 = EDGE_CURVE('',#6305,#6281,#6315,.T.);
#6315 = LINE('',#6316,#6317);
#6316 = CARTESIAN_POINT('',(-0.16,-5.4,-3.));
#6317 = VECTOR('',#6318,1.);
#6318 = DIRECTION('',(0.,1.,0.));
#6319 = PLANE('',#6320);
#6320 = AXIS2_PLACEMENT_3D('',#6321,#6322,#6323);
#6321 = CARTESIAN_POINT('',(-0.24,-5.4,-2.92));
#6322 = DIRECTION('',(-0.707106781187,-1.735167508357E-18,
    -0.707106781187));
#6323 = DIRECTION('',(-1.226948711654E-18,1.,-1.226948711654E-18));
#6324 = ADVANCED_FACE('',(#6325),#6336,.T.);
#6325 = FACE_BOUND('',#6326,.F.);
#6326 = EDGE_LOOP('',(#6327,#6328,#6329,#6330));
#6327 = ORIENTED_EDGE('',*,*,#6304,.F.);
#6328 = ORIENTED_EDGE('',*,*,#5177,.T.);
#6329 = ORIENTED_EDGE('',*,*,#6249,.T.);
#6330 = ORIENTED_EDGE('',*,*,#6331,.F.);
#6331 = EDGE_CURVE('',#6305,#6250,#6332,.T.);
#6332 = LINE('',#6333,#6334);
#6333 = CARTESIAN_POINT('',(-0.32,-5.24,-3.));
#6334 = VECTOR('',#6335,1.);
#6335 = DIRECTION('',(1.,0.,0.));
#6336 = PLANE('',#6337);
#6337 = AXIS2_PLACEMENT_3D('',#6338,#6339,#6340);
#6338 = CARTESIAN_POINT('',(-0.32,-5.32,-2.92));
#6339 = DIRECTION('',(1.735167508357E-18,-0.707106781187,-0.707106781187
    ));
#6340 = DIRECTION('',(-1.,-1.226948711654E-18,-1.226948711654E-18));
#6341 = ADVANCED_FACE('',(#6342),#6367,.F.);
#6342 = FACE_BOUND('',#6343,.F.);
#6343 = EDGE_LOOP('',(#6344,#6352,#6353,#6361));
#6344 = ORIENTED_EDGE('',*,*,#6345,.F.);
#6345 = EDGE_CURVE('',#5194,#6346,#6348,.T.);
#6346 = VERTEX_POINT('',#6347);
#6347 = CARTESIAN_POINT('',(0.16,-2.7,-3.));
#6348 = LINE('',#6349,#6350);
#6349 = CARTESIAN_POINT('',(0.16,-2.7,-3.));
#6350 = VECTOR('',#6351,1.);
#6351 = DIRECTION('',(-0.57735026919,0.57735026919,-0.57735026919));
#6352 = ORIENTED_EDGE('',*,*,#5201,.T.);
#6353 = ORIENTED_EDGE('',*,*,#6354,.T.);
#6354 = EDGE_CURVE('',#5202,#6355,#6357,.T.);
#6355 = VERTEX_POINT('',#6356);
#6356 = CARTESIAN_POINT('',(0.16,-2.38,-3.));
#6357 = LINE('',#6358,#6359);
#6358 = CARTESIAN_POINT('',(5.333333333333E-02,-2.486666666667,
    -3.106666666667));
#6359 = VECTOR('',#6360,1.);
#6360 = DIRECTION('',(-0.57735026919,-0.57735026919,-0.57735026919));
#6361 = ORIENTED_EDGE('',*,*,#6362,.F.);
#6362 = EDGE_CURVE('',#6346,#6355,#6363,.T.);
#6363 = LINE('',#6364,#6365);
#6364 = CARTESIAN_POINT('',(0.16,-2.86,-3.));
#6365 = VECTOR('',#6366,1.);
#6366 = DIRECTION('',(0.,1.,0.));
#6367 = PLANE('',#6368);
#6368 = AXIS2_PLACEMENT_3D('',#6369,#6370,#6371);
#6369 = CARTESIAN_POINT('',(0.24,-2.86,-2.92));
#6370 = DIRECTION('',(-0.707106781187,1.735167508357E-18,0.707106781187)
  );
#6371 = DIRECTION('',(1.226948711654E-18,1.,-1.226948711654E-18));
#6372 = ADVANCED_FACE('',(#6373),#6391,.F.);
#6373 = FACE_BOUND('',#6374,.T.);
#6374 = EDGE_LOOP('',(#6375,#6383,#6384,#6385));
#6375 = ORIENTED_EDGE('',*,*,#6376,.F.);
#6376 = EDGE_CURVE('',#5226,#6377,#6379,.T.);
#6377 = VERTEX_POINT('',#6378);
#6378 = CARTESIAN_POINT('',(-0.16,-2.38,-3.));
#6379 = LINE('',#6380,#6381);
#6380 = CARTESIAN_POINT('',(-0.16,-2.38,-3.));
#6381 = VECTOR('',#6382,1.);
#6382 = DIRECTION('',(0.57735026919,-0.57735026919,-0.57735026919));
#6383 = ORIENTED_EDGE('',*,*,#5225,.T.);
#6384 = ORIENTED_EDGE('',*,*,#6354,.T.);
#6385 = ORIENTED_EDGE('',*,*,#6386,.F.);
#6386 = EDGE_CURVE('',#6377,#6355,#6387,.T.);
#6387 = LINE('',#6388,#6389);
#6388 = CARTESIAN_POINT('',(-0.32,-2.38,-3.));
#6389 = VECTOR('',#6390,1.);
#6390 = DIRECTION('',(1.,0.,0.));
#6391 = PLANE('',#6392);
#6392 = AXIS2_PLACEMENT_3D('',#6393,#6394,#6395);
#6393 = CARTESIAN_POINT('',(-0.32,-2.3,-2.92));
#6394 = DIRECTION('',(-1.735167508357E-18,-0.707106781187,0.707106781187
    ));
#6395 = DIRECTION('',(-1.,1.226948711654E-18,-1.226948711654E-18));
#6396 = ADVANCED_FACE('',(#6397),#6415,.T.);
#6397 = FACE_BOUND('',#6398,.T.);
#6398 = EDGE_LOOP('',(#6399,#6407,#6408,#6409));
#6399 = ORIENTED_EDGE('',*,*,#6400,.F.);
#6400 = EDGE_CURVE('',#5249,#6401,#6403,.T.);
#6401 = VERTEX_POINT('',#6402);
#6402 = CARTESIAN_POINT('',(-0.16,-2.7,-3.));
#6403 = LINE('',#6404,#6405);
#6404 = CARTESIAN_POINT('',(-0.266666666667,-2.806666666667,
    -2.893333333333));
#6405 = VECTOR('',#6406,1.);
#6406 = DIRECTION('',(0.57735026919,0.57735026919,-0.57735026919));
#6407 = ORIENTED_EDGE('',*,*,#5256,.T.);
#6408 = ORIENTED_EDGE('',*,*,#6376,.T.);
#6409 = ORIENTED_EDGE('',*,*,#6410,.F.);
#6410 = EDGE_CURVE('',#6401,#6377,#6411,.T.);
#6411 = LINE('',#6412,#6413);
#6412 = CARTESIAN_POINT('',(-0.16,-2.86,-3.));
#6413 = VECTOR('',#6414,1.);
#6414 = DIRECTION('',(0.,1.,0.));
#6415 = PLANE('',#6416);
#6416 = AXIS2_PLACEMENT_3D('',#6417,#6418,#6419);
#6417 = CARTESIAN_POINT('',(-0.24,-2.86,-2.92));
#6418 = DIRECTION('',(-0.707106781187,-1.735167508357E-18,
    -0.707106781187));
#6419 = DIRECTION('',(-1.226948711654E-18,1.,-1.226948711654E-18));
#6420 = ADVANCED_FACE('',(#6421),#6432,.T.);
#6421 = FACE_BOUND('',#6422,.F.);
#6422 = EDGE_LOOP('',(#6423,#6424,#6425,#6426));
#6423 = ORIENTED_EDGE('',*,*,#6400,.F.);
#6424 = ORIENTED_EDGE('',*,*,#5273,.T.);
#6425 = ORIENTED_EDGE('',*,*,#6345,.T.);
#6426 = ORIENTED_EDGE('',*,*,#6427,.F.);
#6427 = EDGE_CURVE('',#6401,#6346,#6428,.T.);
#6428 = LINE('',#6429,#6430);
#6429 = CARTESIAN_POINT('',(-0.32,-2.7,-3.));
#6430 = VECTOR('',#6431,1.);
#6431 = DIRECTION('',(1.,0.,0.));
#6432 = PLANE('',#6433);
#6433 = AXIS2_PLACEMENT_3D('',#6434,#6435,#6436);
#6434 = CARTESIAN_POINT('',(-0.32,-2.78,-2.92));
#6435 = DIRECTION('',(1.735167508357E-18,-0.707106781187,-0.707106781187
    ));
#6436 = DIRECTION('',(-1.,-1.226948711654E-18,-1.226948711654E-18));
#6437 = ADVANCED_FACE('',(#6438),#6463,.T.);
#6438 = FACE_BOUND('',#6439,.F.);
#6439 = EDGE_LOOP('',(#6440,#6448,#6449,#6457));
#6440 = ORIENTED_EDGE('',*,*,#6441,.F.);
#6441 = EDGE_CURVE('',#5298,#6442,#6444,.T.);
#6442 = VERTEX_POINT('',#6443);
#6443 = CARTESIAN_POINT('',(-0.16,-12.86,-3.));
#6444 = LINE('',#6445,#6446);
#6445 = CARTESIAN_POINT('',(-0.266666666667,-12.96666666666,
    -2.893333333333));
#6446 = VECTOR('',#6447,1.);
#6447 = DIRECTION('',(0.57735026919,0.57735026919,-0.57735026919));
#6448 = ORIENTED_EDGE('',*,*,#5297,.T.);
#6449 = ORIENTED_EDGE('',*,*,#6450,.T.);
#6450 = EDGE_CURVE('',#5290,#6451,#6453,.T.);
#6451 = VERTEX_POINT('',#6452);
#6452 = CARTESIAN_POINT('',(0.16,-12.86,-3.));
#6453 = LINE('',#6454,#6455);
#6454 = CARTESIAN_POINT('',(0.16,-12.86,-3.));
#6455 = VECTOR('',#6456,1.);
#6456 = DIRECTION('',(-0.57735026919,0.57735026919,-0.57735026919));
#6457 = ORIENTED_EDGE('',*,*,#6458,.F.);
#6458 = EDGE_CURVE('',#6442,#6451,#6459,.T.);
#6459 = LINE('',#6460,#6461);
#6460 = CARTESIAN_POINT('',(-0.32,-12.86,-3.));
#6461 = VECTOR('',#6462,1.);
#6462 = DIRECTION('',(1.,0.,0.));
#6463 = PLANE('',#6464);
#6464 = AXIS2_PLACEMENT_3D('',#6465,#6466,#6467);
#6465 = CARTESIAN_POINT('',(-0.32,-12.94,-2.92));
#6466 = DIRECTION('',(1.735167508357E-18,-0.707106781187,-0.707106781187
    ));
#6467 = DIRECTION('',(-1.,-1.226948711654E-18,-1.226948711654E-18));
#6468 = ADVANCED_FACE('',(#6469),#6487,.F.);
#6469 = FACE_BOUND('',#6470,.F.);
#6470 = EDGE_LOOP('',(#6471,#6472,#6473,#6481));
#6471 = ORIENTED_EDGE('',*,*,#6450,.F.);
#6472 = ORIENTED_EDGE('',*,*,#5321,.T.);
#6473 = ORIENTED_EDGE('',*,*,#6474,.T.);
#6474 = EDGE_CURVE('',#5322,#6475,#6477,.T.);
#6475 = VERTEX_POINT('',#6476);
#6476 = CARTESIAN_POINT('',(0.16,-12.54,-3.));
#6477 = LINE('',#6478,#6479);
#6478 = CARTESIAN_POINT('',(5.333333333333E-02,-12.64666666666,
    -3.106666666667));
#6479 = VECTOR('',#6480,1.);
#6480 = DIRECTION('',(-0.57735026919,-0.57735026919,-0.57735026919));
#6481 = ORIENTED_EDGE('',*,*,#6482,.F.);
#6482 = EDGE_CURVE('',#6451,#6475,#6483,.T.);
#6483 = LINE('',#6484,#6485);
#6484 = CARTESIAN_POINT('',(0.16,-13.02,-3.));
#6485 = VECTOR('',#6486,1.);
#6486 = DIRECTION('',(0.,1.,0.));
#6487 = PLANE('',#6488);
#6488 = AXIS2_PLACEMENT_3D('',#6489,#6490,#6491);
#6489 = CARTESIAN_POINT('',(0.24,-13.02,-2.92));
#6490 = DIRECTION('',(-0.707106781187,1.735167508357E-18,0.707106781187)
  );
#6491 = DIRECTION('',(1.226948711654E-18,1.,-1.226948711654E-18));
#6492 = ADVANCED_FACE('',(#6493),#6511,.F.);
#6493 = FACE_BOUND('',#6494,.T.);
#6494 = EDGE_LOOP('',(#6495,#6503,#6504,#6505));
#6495 = ORIENTED_EDGE('',*,*,#6496,.F.);
#6496 = EDGE_CURVE('',#5346,#6497,#6499,.T.);
#6497 = VERTEX_POINT('',#6498);
#6498 = CARTESIAN_POINT('',(-0.16,-12.54,-3.));
#6499 = LINE('',#6500,#6501);
#6500 = CARTESIAN_POINT('',(-0.16,-12.54,-3.));
#6501 = VECTOR('',#6502,1.);
#6502 = DIRECTION('',(0.57735026919,-0.57735026919,-0.57735026919));
#6503 = ORIENTED_EDGE('',*,*,#5345,.T.);
#6504 = ORIENTED_EDGE('',*,*,#6474,.T.);
#6505 = ORIENTED_EDGE('',*,*,#6506,.F.);
#6506 = EDGE_CURVE('',#6497,#6475,#6507,.T.);
#6507 = LINE('',#6508,#6509);
#6508 = CARTESIAN_POINT('',(-0.32,-12.54,-3.));
#6509 = VECTOR('',#6510,1.);
#6510 = DIRECTION('',(1.,0.,0.));
#6511 = PLANE('',#6512);
#6512 = AXIS2_PLACEMENT_3D('',#6513,#6514,#6515);
#6513 = CARTESIAN_POINT('',(-0.32,-12.46,-2.92));
#6514 = DIRECTION('',(-1.735167508357E-18,-0.707106781187,0.707106781187
    ));
#6515 = DIRECTION('',(-1.,1.226948711654E-18,-1.226948711654E-18));
#6516 = ADVANCED_FACE('',(#6517),#6528,.T.);
#6517 = FACE_BOUND('',#6518,.T.);
#6518 = EDGE_LOOP('',(#6519,#6520,#6521,#6522));
#6519 = ORIENTED_EDGE('',*,*,#6441,.F.);
#6520 = ORIENTED_EDGE('',*,*,#5369,.T.);
#6521 = ORIENTED_EDGE('',*,*,#6496,.T.);
#6522 = ORIENTED_EDGE('',*,*,#6523,.F.);
#6523 = EDGE_CURVE('',#6442,#6497,#6524,.T.);
#6524 = LINE('',#6525,#6526);
#6525 = CARTESIAN_POINT('',(-0.16,-13.02,-3.));
#6526 = VECTOR('',#6527,1.);
#6527 = DIRECTION('',(0.,1.,0.));
#6528 = PLANE('',#6529);
#6529 = AXIS2_PLACEMENT_3D('',#6530,#6531,#6532);
#6530 = CARTESIAN_POINT('',(-0.24,-13.02,-2.92));
#6531 = DIRECTION('',(-0.707106781187,-1.735167508357E-18,
    -0.707106781187));
#6532 = DIRECTION('',(-1.226948711654E-18,1.,-1.226948711654E-18));
#6533 = ADVANCED_FACE('',(#6534),#6559,.F.);
#6534 = FACE_BOUND('',#6535,.T.);
#6535 = EDGE_LOOP('',(#6536,#6544,#6545,#6553));
#6536 = ORIENTED_EDGE('',*,*,#6537,.F.);
#6537 = EDGE_CURVE('',#5394,#6538,#6540,.T.);
#6538 = VERTEX_POINT('',#6539);
#6539 = CARTESIAN_POINT('',(-0.16,-10.,-3.));
#6540 = LINE('',#6541,#6542);
#6541 = CARTESIAN_POINT('',(-0.16,-10.,-3.));
#6542 = VECTOR('',#6543,1.);
#6543 = DIRECTION('',(0.57735026919,-0.57735026919,-0.57735026919));
#6544 = ORIENTED_EDGE('',*,*,#5393,.T.);
#6545 = ORIENTED_EDGE('',*,*,#6546,.T.);
#6546 = EDGE_CURVE('',#5386,#6547,#6549,.T.);
#6547 = VERTEX_POINT('',#6548);
#6548 = CARTESIAN_POINT('',(0.16,-10.,-3.));
#6549 = LINE('',#6550,#6551);
#6550 = CARTESIAN_POINT('',(5.333333333333E-02,-10.10666666666,
    -3.106666666667));
#6551 = VECTOR('',#6552,1.);
#6552 = DIRECTION('',(-0.57735026919,-0.57735026919,-0.57735026919));
#6553 = ORIENTED_EDGE('',*,*,#6554,.F.);
#6554 = EDGE_CURVE('',#6538,#6547,#6555,.T.);
#6555 = LINE('',#6556,#6557);
#6556 = CARTESIAN_POINT('',(-0.32,-10.,-3.));
#6557 = VECTOR('',#6558,1.);
#6558 = DIRECTION('',(1.,0.,0.));
#6559 = PLANE('',#6560);
#6560 = AXIS2_PLACEMENT_3D('',#6561,#6562,#6563);
#6561 = CARTESIAN_POINT('',(-0.32,-9.92,-2.92));
#6562 = DIRECTION('',(-1.735167508357E-18,-0.707106781187,0.707106781187
    ));
#6563 = DIRECTION('',(-1.,1.226948711654E-18,-1.226948711654E-18));
#6564 = ADVANCED_FACE('',(#6565),#6583,.T.);
#6565 = FACE_BOUND('',#6566,.T.);
#6566 = EDGE_LOOP('',(#6567,#6575,#6576,#6577));
#6567 = ORIENTED_EDGE('',*,*,#6568,.F.);
#6568 = EDGE_CURVE('',#5417,#6569,#6571,.T.);
#6569 = VERTEX_POINT('',#6570);
#6570 = CARTESIAN_POINT('',(-0.16,-10.32,-3.));
#6571 = LINE('',#6572,#6573);
#6572 = CARTESIAN_POINT('',(-0.266666666667,-10.42666666666,
    -2.893333333333));
#6573 = VECTOR('',#6574,1.);
#6574 = DIRECTION('',(0.57735026919,0.57735026919,-0.57735026919));
#6575 = ORIENTED_EDGE('',*,*,#5424,.T.);
#6576 = ORIENTED_EDGE('',*,*,#6537,.T.);
#6577 = ORIENTED_EDGE('',*,*,#6578,.F.);
#6578 = EDGE_CURVE('',#6569,#6538,#6579,.T.);
#6579 = LINE('',#6580,#6581);
#6580 = CARTESIAN_POINT('',(-0.16,-10.48,-3.));
#6581 = VECTOR('',#6582,1.);
#6582 = DIRECTION('',(0.,1.,0.));
#6583 = PLANE('',#6584);
#6584 = AXIS2_PLACEMENT_3D('',#6585,#6586,#6587);
#6585 = CARTESIAN_POINT('',(-0.24,-10.48,-2.92));
#6586 = DIRECTION('',(-0.707106781187,-1.735167508357E-18,
    -0.707106781187));
#6587 = DIRECTION('',(-1.226948711654E-18,1.,-1.226948711654E-18));
#6588 = ADVANCED_FACE('',(#6589),#6607,.T.);
#6589 = FACE_BOUND('',#6590,.F.);
#6590 = EDGE_LOOP('',(#6591,#6592,#6593,#6601));
#6591 = ORIENTED_EDGE('',*,*,#6568,.F.);
#6592 = ORIENTED_EDGE('',*,*,#5448,.T.);
#6593 = ORIENTED_EDGE('',*,*,#6594,.T.);
#6594 = EDGE_CURVE('',#5441,#6595,#6597,.T.);
#6595 = VERTEX_POINT('',#6596);
#6596 = CARTESIAN_POINT('',(0.16,-10.32,-3.));
#6597 = LINE('',#6598,#6599);
#6598 = CARTESIAN_POINT('',(0.16,-10.32,-3.));
#6599 = VECTOR('',#6600,1.);
#6600 = DIRECTION('',(-0.57735026919,0.57735026919,-0.57735026919));
#6601 = ORIENTED_EDGE('',*,*,#6602,.F.);
#6602 = EDGE_CURVE('',#6569,#6595,#6603,.T.);
#6603 = LINE('',#6604,#6605);
#6604 = CARTESIAN_POINT('',(-0.32,-10.32,-3.));
#6605 = VECTOR('',#6606,1.);
#6606 = DIRECTION('',(1.,0.,0.));
#6607 = PLANE('',#6608);
#6608 = AXIS2_PLACEMENT_3D('',#6609,#6610,#6611);
#6609 = CARTESIAN_POINT('',(-0.32,-10.4,-2.92));
#6610 = DIRECTION('',(1.735167508357E-18,-0.707106781187,-0.707106781187
    ));
#6611 = DIRECTION('',(-1.,-1.226948711654E-18,-1.226948711654E-18));
#6612 = ADVANCED_FACE('',(#6613),#6624,.F.);
#6613 = FACE_BOUND('',#6614,.F.);
#6614 = EDGE_LOOP('',(#6615,#6616,#6617,#6618));
#6615 = ORIENTED_EDGE('',*,*,#6594,.F.);
#6616 = ORIENTED_EDGE('',*,*,#5465,.T.);
#6617 = ORIENTED_EDGE('',*,*,#6546,.T.);
#6618 = ORIENTED_EDGE('',*,*,#6619,.F.);
#6619 = EDGE_CURVE('',#6595,#6547,#6620,.T.);
#6620 = LINE('',#6621,#6622);
#6621 = CARTESIAN_POINT('',(0.16,-10.48,-3.));
#6622 = VECTOR('',#6623,1.);
#6623 = DIRECTION('',(0.,1.,0.));
#6624 = PLANE('',#6625);
#6625 = AXIS2_PLACEMENT_3D('',#6626,#6627,#6628);
#6626 = CARTESIAN_POINT('',(0.24,-10.48,-2.92));
#6627 = DIRECTION('',(-0.707106781187,1.735167508357E-18,0.707106781187)
  );
#6628 = DIRECTION('',(1.226948711654E-18,1.,-1.226948711654E-18));
#6629 = ADVANCED_FACE('',(#6630),#6655,.T.);
#6630 = FACE_BOUND('',#6631,.F.);
#6631 = EDGE_LOOP('',(#6632,#6640,#6641,#6649));
#6632 = ORIENTED_EDGE('',*,*,#6633,.F.);
#6633 = EDGE_CURVE('',#5490,#6634,#6636,.T.);
#6634 = VERTEX_POINT('',#6635);
#6635 = CARTESIAN_POINT('',(-0.16,-7.78,-3.));
#6636 = LINE('',#6637,#6638);
#6637 = CARTESIAN_POINT('',(-0.266666666667,-7.886666666667,
    -2.893333333333));
#6638 = VECTOR('',#6639,1.);
#6639 = DIRECTION('',(0.57735026919,0.57735026919,-0.57735026919));
#6640 = ORIENTED_EDGE('',*,*,#5489,.T.);
#6641 = ORIENTED_EDGE('',*,*,#6642,.T.);
#6642 = EDGE_CURVE('',#5482,#6643,#6645,.T.);
#6643 = VERTEX_POINT('',#6644);
#6644 = CARTESIAN_POINT('',(0.16,-7.78,-3.));
#6645 = LINE('',#6646,#6647);
#6646 = CARTESIAN_POINT('',(0.16,-7.78,-3.));
#6647 = VECTOR('',#6648,1.);
#6648 = DIRECTION('',(-0.57735026919,0.57735026919,-0.57735026919));
#6649 = ORIENTED_EDGE('',*,*,#6650,.F.);
#6650 = EDGE_CURVE('',#6634,#6643,#6651,.T.);
#6651 = LINE('',#6652,#6653);
#6652 = CARTESIAN_POINT('',(-0.32,-7.78,-3.));
#6653 = VECTOR('',#6654,1.);
#6654 = DIRECTION('',(1.,0.,0.));
#6655 = PLANE('',#6656);
#6656 = AXIS2_PLACEMENT_3D('',#6657,#6658,#6659);
#6657 = CARTESIAN_POINT('',(-0.32,-7.86,-2.92));
#6658 = DIRECTION('',(1.735167508357E-18,-0.707106781187,-0.707106781187
    ));
#6659 = DIRECTION('',(-1.,-1.226948711654E-18,-1.226948711654E-18));
#6660 = ADVANCED_FACE('',(#6661),#6679,.F.);
#6661 = FACE_BOUND('',#6662,.F.);
#6662 = EDGE_LOOP('',(#6663,#6664,#6665,#6673));
#6663 = ORIENTED_EDGE('',*,*,#6642,.F.);
#6664 = ORIENTED_EDGE('',*,*,#5513,.T.);
#6665 = ORIENTED_EDGE('',*,*,#6666,.T.);
#6666 = EDGE_CURVE('',#5514,#6667,#6669,.T.);
#6667 = VERTEX_POINT('',#6668);
#6668 = CARTESIAN_POINT('',(0.16,-7.46,-3.));
#6669 = LINE('',#6670,#6671);
#6670 = CARTESIAN_POINT('',(5.333333333333E-02,-7.566666666667,
    -3.106666666667));
#6671 = VECTOR('',#6672,1.);
#6672 = DIRECTION('',(-0.57735026919,-0.57735026919,-0.57735026919));
#6673 = ORIENTED_EDGE('',*,*,#6674,.F.);
#6674 = EDGE_CURVE('',#6643,#6667,#6675,.T.);
#6675 = LINE('',#6676,#6677);
#6676 = CARTESIAN_POINT('',(0.16,-7.94,-3.));
#6677 = VECTOR('',#6678,1.);
#6678 = DIRECTION('',(0.,1.,0.));
#6679 = PLANE('',#6680);
#6680 = AXIS2_PLACEMENT_3D('',#6681,#6682,#6683);
#6681 = CARTESIAN_POINT('',(0.24,-7.94,-2.92));
#6682 = DIRECTION('',(-0.707106781187,1.735167508357E-18,0.707106781187)
  );
#6683 = DIRECTION('',(1.226948711654E-18,1.,-1.226948711654E-18));
#6684 = ADVANCED_FACE('',(#6685),#6703,.F.);
#6685 = FACE_BOUND('',#6686,.T.);
#6686 = EDGE_LOOP('',(#6687,#6695,#6696,#6697));
#6687 = ORIENTED_EDGE('',*,*,#6688,.F.);
#6688 = EDGE_CURVE('',#5538,#6689,#6691,.T.);
#6689 = VERTEX_POINT('',#6690);
#6690 = CARTESIAN_POINT('',(-0.16,-7.46,-3.));
#6691 = LINE('',#6692,#6693);
#6692 = CARTESIAN_POINT('',(-0.16,-7.46,-3.));
#6693 = VECTOR('',#6694,1.);
#6694 = DIRECTION('',(0.57735026919,-0.57735026919,-0.57735026919));
#6695 = ORIENTED_EDGE('',*,*,#5537,.T.);
#6696 = ORIENTED_EDGE('',*,*,#6666,.T.);
#6697 = ORIENTED_EDGE('',*,*,#6698,.F.);
#6698 = EDGE_CURVE('',#6689,#6667,#6699,.T.);
#6699 = LINE('',#6700,#6701);
#6700 = CARTESIAN_POINT('',(-0.32,-7.46,-3.));
#6701 = VECTOR('',#6702,1.);
#6702 = DIRECTION('',(1.,0.,0.));
#6703 = PLANE('',#6704);
#6704 = AXIS2_PLACEMENT_3D('',#6705,#6706,#6707);
#6705 = CARTESIAN_POINT('',(-0.32,-7.38,-2.92));
#6706 = DIRECTION('',(-1.735167508357E-18,-0.707106781187,0.707106781187
    ));
#6707 = DIRECTION('',(-1.,1.226948711654E-18,-1.226948711654E-18));
#6708 = ADVANCED_FACE('',(#6709),#6720,.T.);
#6709 = FACE_BOUND('',#6710,.T.);
#6710 = EDGE_LOOP('',(#6711,#6712,#6713,#6714));
#6711 = ORIENTED_EDGE('',*,*,#6633,.F.);
#6712 = ORIENTED_EDGE('',*,*,#5561,.T.);
#6713 = ORIENTED_EDGE('',*,*,#6688,.T.);
#6714 = ORIENTED_EDGE('',*,*,#6715,.F.);
#6715 = EDGE_CURVE('',#6634,#6689,#6716,.T.);
#6716 = LINE('',#6717,#6718);
#6717 = CARTESIAN_POINT('',(-0.16,-7.94,-3.));
#6718 = VECTOR('',#6719,1.);
#6719 = DIRECTION('',(0.,1.,0.));
#6720 = PLANE('',#6721);
#6721 = AXIS2_PLACEMENT_3D('',#6722,#6723,#6724);
#6722 = CARTESIAN_POINT('',(-0.24,-7.94,-2.92));
#6723 = DIRECTION('',(-0.707106781187,-1.735167508357E-18,
    -0.707106781187));
#6724 = DIRECTION('',(-1.226948711654E-18,1.,-1.226948711654E-18));
#6725 = ADVANCED_FACE('',(#6726),#6751,.T.);
#6726 = FACE_BOUND('',#6727,.T.);
#6727 = EDGE_LOOP('',(#6728,#6736,#6737,#6745));
#6728 = ORIENTED_EDGE('',*,*,#6729,.F.);
#6729 = EDGE_CURVE('',#5578,#6730,#6732,.T.);
#6730 = VERTEX_POINT('',#6731);
#6731 = CARTESIAN_POINT('',(0.16,-0.16,8.54));
#6732 = LINE('',#6733,#6734);
#6733 = CARTESIAN_POINT('',(0.16,-0.16,8.54));
#6734 = VECTOR('',#6735,1.);
#6735 = DIRECTION('',(-0.57735026919,0.57735026919,0.57735026919));
#6736 = ORIENTED_EDGE('',*,*,#5594,.T.);
#6737 = ORIENTED_EDGE('',*,*,#6738,.T.);
#6738 = EDGE_CURVE('',#5587,#6739,#6741,.T.);
#6739 = VERTEX_POINT('',#6740);
#6740 = CARTESIAN_POINT('',(0.16,0.16,8.54));
#6741 = LINE('',#6742,#6743);
#6742 = CARTESIAN_POINT('',(5.333333333333E-02,5.333333333333E-02,
    8.646666666667));
#6743 = VECTOR('',#6744,1.);
#6744 = DIRECTION('',(-0.57735026919,-0.57735026919,0.57735026919));
#6745 = ORIENTED_EDGE('',*,*,#6746,.F.);
#6746 = EDGE_CURVE('',#6730,#6739,#6747,.T.);
#6747 = LINE('',#6748,#6749);
#6748 = CARTESIAN_POINT('',(0.16,-0.32,8.54));
#6749 = VECTOR('',#6750,1.);
#6750 = DIRECTION('',(0.,1.,0.));
#6751 = PLANE('',#6752);
#6752 = AXIS2_PLACEMENT_3D('',#6753,#6754,#6755);
#6753 = CARTESIAN_POINT('',(0.24,-0.32,8.46));
#6754 = DIRECTION('',(0.707106781187,-1.735167508357E-18,0.707106781187)
  );
#6755 = DIRECTION('',(1.226948711654E-18,1.,1.226948711654E-18));
#6756 = ADVANCED_FACE('',(#6757),#6775,.T.);
#6757 = FACE_BOUND('',#6758,.F.);
#6758 = EDGE_LOOP('',(#6759,#6767,#6768,#6769));
#6759 = ORIENTED_EDGE('',*,*,#6760,.F.);
#6760 = EDGE_CURVE('',#5611,#6761,#6763,.T.);
#6761 = VERTEX_POINT('',#6762);
#6762 = CARTESIAN_POINT('',(-0.16,0.16,8.54));
#6763 = LINE('',#6764,#6765);
#6764 = CARTESIAN_POINT('',(-0.16,0.16,8.54));
#6765 = VECTOR('',#6766,1.);
#6766 = DIRECTION('',(0.57735026919,-0.57735026919,0.57735026919));
#6767 = ORIENTED_EDGE('',*,*,#5618,.T.);
#6768 = ORIENTED_EDGE('',*,*,#6738,.T.);
#6769 = ORIENTED_EDGE('',*,*,#6770,.F.);
#6770 = EDGE_CURVE('',#6761,#6739,#6771,.T.);
#6771 = LINE('',#6772,#6773);
#6772 = CARTESIAN_POINT('',(-0.32,0.16,8.54));
#6773 = VECTOR('',#6774,1.);
#6774 = DIRECTION('',(1.,0.,0.));
#6775 = PLANE('',#6776);
#6776 = AXIS2_PLACEMENT_3D('',#6777,#6778,#6779);
#6777 = CARTESIAN_POINT('',(-0.32,0.24,8.46));
#6778 = DIRECTION('',(1.735167508357E-18,0.707106781187,0.707106781187)
  );
#6779 = DIRECTION('',(-1.,1.226948711654E-18,1.226948711654E-18));
#6780 = ADVANCED_FACE('',(#6781),#6799,.F.);
#6781 = FACE_BOUND('',#6782,.F.);
#6782 = EDGE_LOOP('',(#6783,#6791,#6792,#6793));
#6783 = ORIENTED_EDGE('',*,*,#6784,.F.);
#6784 = EDGE_CURVE('',#5633,#6785,#6787,.T.);
#6785 = VERTEX_POINT('',#6786);
#6786 = CARTESIAN_POINT('',(-0.16,-0.16,8.54));
#6787 = LINE('',#6788,#6789);
#6788 = CARTESIAN_POINT('',(-0.266666666667,-0.266666666667,
    8.433333333333));
#6789 = VECTOR('',#6790,1.);
#6790 = DIRECTION('',(0.57735026919,0.57735026919,0.57735026919));
#6791 = ORIENTED_EDGE('',*,*,#5642,.T.);
#6792 = ORIENTED_EDGE('',*,*,#6760,.T.);
#6793 = ORIENTED_EDGE('',*,*,#6794,.F.);
#6794 = EDGE_CURVE('',#6785,#6761,#6795,.T.);
#6795 = LINE('',#6796,#6797);
#6796 = CARTESIAN_POINT('',(-0.16,-0.32,8.54));
#6797 = VECTOR('',#6798,1.);
#6798 = DIRECTION('',(0.,1.,0.));
#6799 = PLANE('',#6800);
#6800 = AXIS2_PLACEMENT_3D('',#6801,#6802,#6803);
#6801 = CARTESIAN_POINT('',(-0.24,-0.32,8.46));
#6802 = DIRECTION('',(0.707106781187,1.735167508357E-18,-0.707106781187)
  );
#6803 = DIRECTION('',(-1.226948711654E-18,1.,1.226948711654E-18));
#6804 = ADVANCED_FACE('',(#6805),#6816,.F.);
#6805 = FACE_BOUND('',#6806,.T.);
#6806 = EDGE_LOOP('',(#6807,#6808,#6809,#6810));
#6807 = ORIENTED_EDGE('',*,*,#6784,.F.);
#6808 = ORIENTED_EDGE('',*,*,#5659,.T.);
#6809 = ORIENTED_EDGE('',*,*,#6729,.T.);
#6810 = ORIENTED_EDGE('',*,*,#6811,.F.);
#6811 = EDGE_CURVE('',#6785,#6730,#6812,.T.);
#6812 = LINE('',#6813,#6814);
#6813 = CARTESIAN_POINT('',(-0.32,-0.16,8.54));
#6814 = VECTOR('',#6815,1.);
#6815 = DIRECTION('',(1.,0.,0.));
#6816 = PLANE('',#6817);
#6817 = AXIS2_PLACEMENT_3D('',#6818,#6819,#6820);
#6818 = CARTESIAN_POINT('',(-0.32,-0.24,8.46));
#6819 = DIRECTION('',(-1.735167508357E-18,0.707106781187,-0.707106781187
    ));
#6820 = DIRECTION('',(-1.,-1.226948711654E-18,1.226948711654E-18));
#6821 = ADVANCED_FACE('',(#6822),#6847,.T.);
#6822 = FACE_BOUND('',#6823,.T.);
#6823 = EDGE_LOOP('',(#6824,#6832,#6833,#6841));
#6824 = ORIENTED_EDGE('',*,*,#6825,.F.);
#6825 = EDGE_CURVE('',#5674,#6826,#6828,.T.);
#6826 = VERTEX_POINT('',#6827);
#6827 = CARTESIAN_POINT('',(0.16,-5.24,8.54));
#6828 = LINE('',#6829,#6830);
#6829 = CARTESIAN_POINT('',(0.16,-5.24,8.54));
#6830 = VECTOR('',#6831,1.);
#6831 = DIRECTION('',(-0.57735026919,0.57735026919,0.57735026919));
#6832 = ORIENTED_EDGE('',*,*,#5690,.T.);
#6833 = ORIENTED_EDGE('',*,*,#6834,.T.);
#6834 = EDGE_CURVE('',#5683,#6835,#6837,.T.);
#6835 = VERTEX_POINT('',#6836);
#6836 = CARTESIAN_POINT('',(0.16,-4.92,8.54));
#6837 = LINE('',#6838,#6839);
#6838 = CARTESIAN_POINT('',(5.333333333333E-02,-5.026666666667,
    8.646666666667));
#6839 = VECTOR('',#6840,1.);
#6840 = DIRECTION('',(-0.57735026919,-0.57735026919,0.57735026919));
#6841 = ORIENTED_EDGE('',*,*,#6842,.F.);
#6842 = EDGE_CURVE('',#6826,#6835,#6843,.T.);
#6843 = LINE('',#6844,#6845);
#6844 = CARTESIAN_POINT('',(0.16,-5.4,8.54));
#6845 = VECTOR('',#6846,1.);
#6846 = DIRECTION('',(0.,1.,0.));
#6847 = PLANE('',#6848);
#6848 = AXIS2_PLACEMENT_3D('',#6849,#6850,#6851);
#6849 = CARTESIAN_POINT('',(0.24,-5.4,8.46));
#6850 = DIRECTION('',(0.707106781187,-1.735167508357E-18,0.707106781187)
  );
#6851 = DIRECTION('',(1.226948711654E-18,1.,1.226948711654E-18));
#6852 = ADVANCED_FACE('',(#6853),#6871,.T.);
#6853 = FACE_BOUND('',#6854,.F.);
#6854 = EDGE_LOOP('',(#6855,#6863,#6864,#6865));
#6855 = ORIENTED_EDGE('',*,*,#6856,.F.);
#6856 = EDGE_CURVE('',#5707,#6857,#6859,.T.);
#6857 = VERTEX_POINT('',#6858);
#6858 = CARTESIAN_POINT('',(-0.16,-4.92,8.54));
#6859 = LINE('',#6860,#6861);
#6860 = CARTESIAN_POINT('',(-0.16,-4.92,8.54));
#6861 = VECTOR('',#6862,1.);
#6862 = DIRECTION('',(0.57735026919,-0.57735026919,0.57735026919));
#6863 = ORIENTED_EDGE('',*,*,#5714,.T.);
#6864 = ORIENTED_EDGE('',*,*,#6834,.T.);
#6865 = ORIENTED_EDGE('',*,*,#6866,.F.);
#6866 = EDGE_CURVE('',#6857,#6835,#6867,.T.);
#6867 = LINE('',#6868,#6869);
#6868 = CARTESIAN_POINT('',(-0.32,-4.92,8.54));
#6869 = VECTOR('',#6870,1.);
#6870 = DIRECTION('',(1.,0.,0.));
#6871 = PLANE('',#6872);
#6872 = AXIS2_PLACEMENT_3D('',#6873,#6874,#6875);
#6873 = CARTESIAN_POINT('',(-0.32,-4.84,8.46));
#6874 = DIRECTION('',(1.735167508357E-18,0.707106781187,0.707106781187)
  );
#6875 = DIRECTION('',(-1.,1.226948711654E-18,1.226948711654E-18));
#6876 = ADVANCED_FACE('',(#6877),#6895,.F.);
#6877 = FACE_BOUND('',#6878,.F.);
#6878 = EDGE_LOOP('',(#6879,#6887,#6888,#6889));
#6879 = ORIENTED_EDGE('',*,*,#6880,.F.);
#6880 = EDGE_CURVE('',#5729,#6881,#6883,.T.);
#6881 = VERTEX_POINT('',#6882);
#6882 = CARTESIAN_POINT('',(-0.16,-5.24,8.54));
#6883 = LINE('',#6884,#6885);
#6884 = CARTESIAN_POINT('',(-0.266666666667,-5.346666666667,
    8.433333333333));
#6885 = VECTOR('',#6886,1.);
#6886 = DIRECTION('',(0.57735026919,0.57735026919,0.57735026919));
#6887 = ORIENTED_EDGE('',*,*,#5738,.T.);
#6888 = ORIENTED_EDGE('',*,*,#6856,.T.);
#6889 = ORIENTED_EDGE('',*,*,#6890,.F.);
#6890 = EDGE_CURVE('',#6881,#6857,#6891,.T.);
#6891 = LINE('',#6892,#6893);
#6892 = CARTESIAN_POINT('',(-0.16,-5.4,8.54));
#6893 = VECTOR('',#6894,1.);
#6894 = DIRECTION('',(0.,1.,0.));
#6895 = PLANE('',#6896);
#6896 = AXIS2_PLACEMENT_3D('',#6897,#6898,#6899);
#6897 = CARTESIAN_POINT('',(-0.24,-5.4,8.46));
#6898 = DIRECTION('',(0.707106781187,1.735167508357E-18,-0.707106781187)
  );
#6899 = DIRECTION('',(-1.226948711654E-18,1.,1.226948711654E-18));
#6900 = ADVANCED_FACE('',(#6901),#6912,.F.);
#6901 = FACE_BOUND('',#6902,.T.);
#6902 = EDGE_LOOP('',(#6903,#6904,#6905,#6906));
#6903 = ORIENTED_EDGE('',*,*,#6880,.F.);
#6904 = ORIENTED_EDGE('',*,*,#5755,.T.);
#6905 = ORIENTED_EDGE('',*,*,#6825,.T.);
#6906 = ORIENTED_EDGE('',*,*,#6907,.F.);
#6907 = EDGE_CURVE('',#6881,#6826,#6908,.T.);
#6908 = LINE('',#6909,#6910);
#6909 = CARTESIAN_POINT('',(-0.32,-5.24,8.54));
#6910 = VECTOR('',#6911,1.);
#6911 = DIRECTION('',(1.,0.,0.));
#6912 = PLANE('',#6913);
#6913 = AXIS2_PLACEMENT_3D('',#6914,#6915,#6916);
#6914 = CARTESIAN_POINT('',(-0.32,-5.32,8.46));
#6915 = DIRECTION('',(-1.735167508357E-18,0.707106781187,-0.707106781187
    ));
#6916 = DIRECTION('',(-1.,-1.226948711654E-18,1.226948711654E-18));
#6917 = ADVANCED_FACE('',(#6918),#6943,.T.);
#6918 = FACE_BOUND('',#6919,.T.);
#6919 = EDGE_LOOP('',(#6920,#6928,#6929,#6937));
#6920 = ORIENTED_EDGE('',*,*,#6921,.F.);
#6921 = EDGE_CURVE('',#5770,#6922,#6924,.T.);
#6922 = VERTEX_POINT('',#6923);
#6923 = CARTESIAN_POINT('',(0.16,-2.7,8.54));
#6924 = LINE('',#6925,#6926);
#6925 = CARTESIAN_POINT('',(0.16,-2.7,8.54));
#6926 = VECTOR('',#6927,1.);
#6927 = DIRECTION('',(-0.57735026919,0.57735026919,0.57735026919));
#6928 = ORIENTED_EDGE('',*,*,#5786,.T.);
#6929 = ORIENTED_EDGE('',*,*,#6930,.T.);
#6930 = EDGE_CURVE('',#5779,#6931,#6933,.T.);
#6931 = VERTEX_POINT('',#6932);
#6932 = CARTESIAN_POINT('',(0.16,-2.38,8.54));
#6933 = LINE('',#6934,#6935);
#6934 = CARTESIAN_POINT('',(5.333333333333E-02,-2.486666666667,
    8.646666666667));
#6935 = VECTOR('',#6936,1.);
#6936 = DIRECTION('',(-0.57735026919,-0.57735026919,0.57735026919));
#6937 = ORIENTED_EDGE('',*,*,#6938,.F.);
#6938 = EDGE_CURVE('',#6922,#6931,#6939,.T.);
#6939 = LINE('',#6940,#6941);
#6940 = CARTESIAN_POINT('',(0.16,-2.86,8.54));
#6941 = VECTOR('',#6942,1.);
#6942 = DIRECTION('',(0.,1.,0.));
#6943 = PLANE('',#6944);
#6944 = AXIS2_PLACEMENT_3D('',#6945,#6946,#6947);
#6945 = CARTESIAN_POINT('',(0.24,-2.86,8.46));
#6946 = DIRECTION('',(0.707106781187,-1.735167508357E-18,0.707106781187)
  );
#6947 = DIRECTION('',(1.226948711654E-18,1.,1.226948711654E-18));
#6948 = ADVANCED_FACE('',(#6949),#6967,.T.);
#6949 = FACE_BOUND('',#6950,.F.);
#6950 = EDGE_LOOP('',(#6951,#6959,#6960,#6961));
#6951 = ORIENTED_EDGE('',*,*,#6952,.F.);
#6952 = EDGE_CURVE('',#5803,#6953,#6955,.T.);
#6953 = VERTEX_POINT('',#6954);
#6954 = CARTESIAN_POINT('',(-0.16,-2.38,8.54));
#6955 = LINE('',#6956,#6957);
#6956 = CARTESIAN_POINT('',(-0.16,-2.38,8.54));
#6957 = VECTOR('',#6958,1.);
#6958 = DIRECTION('',(0.57735026919,-0.57735026919,0.57735026919));
#6959 = ORIENTED_EDGE('',*,*,#5810,.T.);
#6960 = ORIENTED_EDGE('',*,*,#6930,.T.);
#6961 = ORIENTED_EDGE('',*,*,#6962,.F.);
#6962 = EDGE_CURVE('',#6953,#6931,#6963,.T.);
#6963 = LINE('',#6964,#6965);
#6964 = CARTESIAN_POINT('',(-0.32,-2.38,8.54));
#6965 = VECTOR('',#6966,1.);
#6966 = DIRECTION('',(1.,0.,0.));
#6967 = PLANE('',#6968);
#6968 = AXIS2_PLACEMENT_3D('',#6969,#6970,#6971);
#6969 = CARTESIAN_POINT('',(-0.32,-2.3,8.46));
#6970 = DIRECTION('',(1.735167508357E-18,0.707106781187,0.707106781187)
  );
#6971 = DIRECTION('',(-1.,1.226948711654E-18,1.226948711654E-18));
#6972 = ADVANCED_FACE('',(#6973),#6991,.F.);
#6973 = FACE_BOUND('',#6974,.F.);
#6974 = EDGE_LOOP('',(#6975,#6983,#6984,#6985));
#6975 = ORIENTED_EDGE('',*,*,#6976,.F.);
#6976 = EDGE_CURVE('',#5825,#6977,#6979,.T.);
#6977 = VERTEX_POINT('',#6978);
#6978 = CARTESIAN_POINT('',(-0.16,-2.7,8.54));
#6979 = LINE('',#6980,#6981);
#6980 = CARTESIAN_POINT('',(-0.266666666667,-2.806666666667,
    8.433333333333));
#6981 = VECTOR('',#6982,1.);
#6982 = DIRECTION('',(0.57735026919,0.57735026919,0.57735026919));
#6983 = ORIENTED_EDGE('',*,*,#5834,.T.);
#6984 = ORIENTED_EDGE('',*,*,#6952,.T.);
#6985 = ORIENTED_EDGE('',*,*,#6986,.F.);
#6986 = EDGE_CURVE('',#6977,#6953,#6987,.T.);
#6987 = LINE('',#6988,#6989);
#6988 = CARTESIAN_POINT('',(-0.16,-2.86,8.54));
#6989 = VECTOR('',#6990,1.);
#6990 = DIRECTION('',(0.,1.,0.));
#6991 = PLANE('',#6992);
#6992 = AXIS2_PLACEMENT_3D('',#6993,#6994,#6995);
#6993 = CARTESIAN_POINT('',(-0.24,-2.86,8.46));
#6994 = DIRECTION('',(0.707106781187,1.735167508357E-18,-0.707106781187)
  );
#6995 = DIRECTION('',(-1.226948711654E-18,1.,1.226948711654E-18));
#6996 = ADVANCED_FACE('',(#6997),#7008,.F.);
#6997 = FACE_BOUND('',#6998,.T.);
#6998 = EDGE_LOOP('',(#6999,#7000,#7001,#7002));
#6999 = ORIENTED_EDGE('',*,*,#6976,.F.);
#7000 = ORIENTED_EDGE('',*,*,#5851,.T.);
#7001 = ORIENTED_EDGE('',*,*,#6921,.T.);
#7002 = ORIENTED_EDGE('',*,*,#7003,.F.);
#7003 = EDGE_CURVE('',#6977,#6922,#7004,.T.);
#7004 = LINE('',#7005,#7006);
#7005 = CARTESIAN_POINT('',(-0.32,-2.7,8.54));
#7006 = VECTOR('',#7007,1.);
#7007 = DIRECTION('',(1.,0.,0.));
#7008 = PLANE('',#7009);
#7009 = AXIS2_PLACEMENT_3D('',#7010,#7011,#7012);
#7010 = CARTESIAN_POINT('',(-0.32,-2.78,8.46));
#7011 = DIRECTION('',(-1.735167508357E-18,0.707106781187,-0.707106781187
    ));
#7012 = DIRECTION('',(-1.,-1.226948711654E-18,1.226948711654E-18));
#7013 = ADVANCED_FACE('',(#7014),#7039,.F.);
#7014 = FACE_BOUND('',#7015,.T.);
#7015 = EDGE_LOOP('',(#7016,#7024,#7025,#7033));
#7016 = ORIENTED_EDGE('',*,*,#7017,.F.);
#7017 = EDGE_CURVE('',#5875,#7018,#7020,.T.);
#7018 = VERTEX_POINT('',#7019);
#7019 = CARTESIAN_POINT('',(-0.16,-12.86,8.54));
#7020 = LINE('',#7021,#7022);
#7021 = CARTESIAN_POINT('',(-0.266666666667,-12.96666666666,
    8.433333333333));
#7022 = VECTOR('',#7023,1.);
#7023 = DIRECTION('',(0.57735026919,0.57735026919,0.57735026919));
#7024 = ORIENTED_EDGE('',*,*,#5882,.T.);
#7025 = ORIENTED_EDGE('',*,*,#7026,.T.);
#7026 = EDGE_CURVE('',#5866,#7027,#7029,.T.);
#7027 = VERTEX_POINT('',#7028);
#7028 = CARTESIAN_POINT('',(0.16,-12.86,8.54));
#7029 = LINE('',#7030,#7031);
#7030 = CARTESIAN_POINT('',(0.16,-12.86,8.54));
#7031 = VECTOR('',#7032,1.);
#7032 = DIRECTION('',(-0.57735026919,0.57735026919,0.57735026919));
#7033 = ORIENTED_EDGE('',*,*,#7034,.F.);
#7034 = EDGE_CURVE('',#7018,#7027,#7035,.T.);
#7035 = LINE('',#7036,#7037);
#7036 = CARTESIAN_POINT('',(-0.32,-12.86,8.54));
#7037 = VECTOR('',#7038,1.);
#7038 = DIRECTION('',(1.,0.,0.));
#7039 = PLANE('',#7040);
#7040 = AXIS2_PLACEMENT_3D('',#7041,#7042,#7043);
#7041 = CARTESIAN_POINT('',(-0.32,-12.94,8.46));
#7042 = DIRECTION('',(-1.735167508357E-18,0.707106781187,-0.707106781187
    ));
#7043 = DIRECTION('',(-1.,-1.226948711654E-18,1.226948711654E-18));
#7044 = ADVANCED_FACE('',(#7045),#7063,.T.);
#7045 = FACE_BOUND('',#7046,.T.);
#7046 = EDGE_LOOP('',(#7047,#7048,#7049,#7057));
#7047 = ORIENTED_EDGE('',*,*,#7026,.F.);
#7048 = ORIENTED_EDGE('',*,*,#5906,.T.);
#7049 = ORIENTED_EDGE('',*,*,#7050,.T.);
#7050 = EDGE_CURVE('',#5899,#7051,#7053,.T.);
#7051 = VERTEX_POINT('',#7052);
#7052 = CARTESIAN_POINT('',(0.16,-12.54,8.54));
#7053 = LINE('',#7054,#7055);
#7054 = CARTESIAN_POINT('',(5.333333333333E-02,-12.64666666666,
    8.646666666667));
#7055 = VECTOR('',#7056,1.);
#7056 = DIRECTION('',(-0.57735026919,-0.57735026919,0.57735026919));
#7057 = ORIENTED_EDGE('',*,*,#7058,.F.);
#7058 = EDGE_CURVE('',#7027,#7051,#7059,.T.);
#7059 = LINE('',#7060,#7061);
#7060 = CARTESIAN_POINT('',(0.16,-13.02,8.54));
#7061 = VECTOR('',#7062,1.);
#7062 = DIRECTION('',(0.,1.,0.));
#7063 = PLANE('',#7064);
#7064 = AXIS2_PLACEMENT_3D('',#7065,#7066,#7067);
#7065 = CARTESIAN_POINT('',(0.24,-13.02,8.46));
#7066 = DIRECTION('',(0.707106781187,-1.735167508357E-18,0.707106781187)
  );
#7067 = DIRECTION('',(1.226948711654E-18,1.,1.226948711654E-18));
#7068 = ADVANCED_FACE('',(#7069),#7087,.T.);
#7069 = FACE_BOUND('',#7070,.F.);
#7070 = EDGE_LOOP('',(#7071,#7079,#7080,#7081));
#7071 = ORIENTED_EDGE('',*,*,#7072,.F.);
#7072 = EDGE_CURVE('',#5923,#7073,#7075,.T.);
#7073 = VERTEX_POINT('',#7074);
#7074 = CARTESIAN_POINT('',(-0.16,-12.54,8.54));
#7075 = LINE('',#7076,#7077);
#7076 = CARTESIAN_POINT('',(-0.16,-12.54,8.54));
#7077 = VECTOR('',#7078,1.);
#7078 = DIRECTION('',(0.57735026919,-0.57735026919,0.57735026919));
#7079 = ORIENTED_EDGE('',*,*,#5930,.T.);
#7080 = ORIENTED_EDGE('',*,*,#7050,.T.);
#7081 = ORIENTED_EDGE('',*,*,#7082,.F.);
#7082 = EDGE_CURVE('',#7073,#7051,#7083,.T.);
#7083 = LINE('',#7084,#7085);
#7084 = CARTESIAN_POINT('',(-0.32,-12.54,8.54));
#7085 = VECTOR('',#7086,1.);
#7086 = DIRECTION('',(1.,0.,0.));
#7087 = PLANE('',#7088);
#7088 = AXIS2_PLACEMENT_3D('',#7089,#7090,#7091);
#7089 = CARTESIAN_POINT('',(-0.32,-12.46,8.46));
#7090 = DIRECTION('',(1.735167508357E-18,0.707106781187,0.707106781187)
  );
#7091 = DIRECTION('',(-1.,1.226948711654E-18,1.226948711654E-18));
#7092 = ADVANCED_FACE('',(#7093),#7104,.F.);
#7093 = FACE_BOUND('',#7094,.F.);
#7094 = EDGE_LOOP('',(#7095,#7096,#7097,#7098));
#7095 = ORIENTED_EDGE('',*,*,#7017,.F.);
#7096 = ORIENTED_EDGE('',*,*,#5947,.T.);
#7097 = ORIENTED_EDGE('',*,*,#7072,.T.);
#7098 = ORIENTED_EDGE('',*,*,#7099,.F.);
#7099 = EDGE_CURVE('',#7018,#7073,#7100,.T.);
#7100 = LINE('',#7101,#7102);
#7101 = CARTESIAN_POINT('',(-0.16,-13.02,8.54));
#7102 = VECTOR('',#7103,1.);
#7103 = DIRECTION('',(0.,1.,0.));
#7104 = PLANE('',#7105);
#7105 = AXIS2_PLACEMENT_3D('',#7106,#7107,#7108);
#7106 = CARTESIAN_POINT('',(-0.24,-13.02,8.46));
#7107 = DIRECTION('',(0.707106781187,1.735167508357E-18,-0.707106781187)
  );
#7108 = DIRECTION('',(-1.226948711654E-18,1.,1.226948711654E-18));
#7109 = ADVANCED_FACE('',(#7110),#7135,.T.);
#7110 = FACE_BOUND('',#7111,.F.);
#7111 = EDGE_LOOP('',(#7112,#7120,#7121,#7129));
#7112 = ORIENTED_EDGE('',*,*,#7113,.F.);
#7113 = EDGE_CURVE('',#5971,#7114,#7116,.T.);
#7114 = VERTEX_POINT('',#7115);
#7115 = CARTESIAN_POINT('',(-0.16,-10.,8.54));
#7116 = LINE('',#7117,#7118);
#7117 = CARTESIAN_POINT('',(-0.16,-10.,8.54));
#7118 = VECTOR('',#7119,1.);
#7119 = DIRECTION('',(0.57735026919,-0.57735026919,0.57735026919));
#7120 = ORIENTED_EDGE('',*,*,#5978,.T.);
#7121 = ORIENTED_EDGE('',*,*,#7122,.T.);
#7122 = EDGE_CURVE('',#5962,#7123,#7125,.T.);
#7123 = VERTEX_POINT('',#7124);
#7124 = CARTESIAN_POINT('',(0.16,-10.,8.54));
#7125 = LINE('',#7126,#7127);
#7126 = CARTESIAN_POINT('',(5.333333333333E-02,-10.10666666666,
    8.646666666667));
#7127 = VECTOR('',#7128,1.);
#7128 = DIRECTION('',(-0.57735026919,-0.57735026919,0.57735026919));
#7129 = ORIENTED_EDGE('',*,*,#7130,.F.);
#7130 = EDGE_CURVE('',#7114,#7123,#7131,.T.);
#7131 = LINE('',#7132,#7133);
#7132 = CARTESIAN_POINT('',(-0.32,-10.,8.54));
#7133 = VECTOR('',#7134,1.);
#7134 = DIRECTION('',(1.,0.,0.));
#7135 = PLANE('',#7136);
#7136 = AXIS2_PLACEMENT_3D('',#7137,#7138,#7139);
#7137 = CARTESIAN_POINT('',(-0.32,-9.92,8.46));
#7138 = DIRECTION('',(1.735167508357E-18,0.707106781187,0.707106781187)
  );
#7139 = DIRECTION('',(-1.,1.226948711654E-18,1.226948711654E-18));
#7140 = ADVANCED_FACE('',(#7141),#7159,.F.);
#7141 = FACE_BOUND('',#7142,.F.);
#7142 = EDGE_LOOP('',(#7143,#7151,#7152,#7153));
#7143 = ORIENTED_EDGE('',*,*,#7144,.F.);
#7144 = EDGE_CURVE('',#5993,#7145,#7147,.T.);
#7145 = VERTEX_POINT('',#7146);
#7146 = CARTESIAN_POINT('',(-0.16,-10.32,8.54));
#7147 = LINE('',#7148,#7149);
#7148 = CARTESIAN_POINT('',(-0.266666666667,-10.42666666666,
    8.433333333333));
#7149 = VECTOR('',#7150,1.);
#7150 = DIRECTION('',(0.57735026919,0.57735026919,0.57735026919));
#7151 = ORIENTED_EDGE('',*,*,#6002,.T.);
#7152 = ORIENTED_EDGE('',*,*,#7113,.T.);
#7153 = ORIENTED_EDGE('',*,*,#7154,.F.);
#7154 = EDGE_CURVE('',#7145,#7114,#7155,.T.);
#7155 = LINE('',#7156,#7157);
#7156 = CARTESIAN_POINT('',(-0.16,-10.48,8.54));
#7157 = VECTOR('',#7158,1.);
#7158 = DIRECTION('',(0.,1.,0.));
#7159 = PLANE('',#7160);
#7160 = AXIS2_PLACEMENT_3D('',#7161,#7162,#7163);
#7161 = CARTESIAN_POINT('',(-0.24,-10.48,8.46));
#7162 = DIRECTION('',(0.707106781187,1.735167508357E-18,-0.707106781187)
  );
#7163 = DIRECTION('',(-1.226948711654E-18,1.,1.226948711654E-18));
#7164 = ADVANCED_FACE('',(#7165),#7183,.F.);
#7165 = FACE_BOUND('',#7166,.T.);
#7166 = EDGE_LOOP('',(#7167,#7168,#7169,#7177));
#7167 = ORIENTED_EDGE('',*,*,#7144,.F.);
#7168 = ORIENTED_EDGE('',*,*,#6026,.T.);
#7169 = ORIENTED_EDGE('',*,*,#7170,.T.);
#7170 = EDGE_CURVE('',#6017,#7171,#7173,.T.);
#7171 = VERTEX_POINT('',#7172);
#7172 = CARTESIAN_POINT('',(0.16,-10.32,8.54));
#7173 = LINE('',#7174,#7175);
#7174 = CARTESIAN_POINT('',(0.16,-10.32,8.54));
#7175 = VECTOR('',#7176,1.);
#7176 = DIRECTION('',(-0.57735026919,0.57735026919,0.57735026919));
#7177 = ORIENTED_EDGE('',*,*,#7178,.F.);
#7178 = EDGE_CURVE('',#7145,#7171,#7179,.T.);
#7179 = LINE('',#7180,#7181);
#7180 = CARTESIAN_POINT('',(-0.32,-10.32,8.54));
#7181 = VECTOR('',#7182,1.);
#7182 = DIRECTION('',(1.,0.,0.));
#7183 = PLANE('',#7184);
#7184 = AXIS2_PLACEMENT_3D('',#7185,#7186,#7187);
#7185 = CARTESIAN_POINT('',(-0.32,-10.4,8.46));
#7186 = DIRECTION('',(-1.735167508357E-18,0.707106781187,-0.707106781187
    ));
#7187 = DIRECTION('',(-1.,-1.226948711654E-18,1.226948711654E-18));
#7188 = ADVANCED_FACE('',(#7189),#7200,.T.);
#7189 = FACE_BOUND('',#7190,.T.);
#7190 = EDGE_LOOP('',(#7191,#7192,#7193,#7194));
#7191 = ORIENTED_EDGE('',*,*,#7170,.F.);
#7192 = ORIENTED_EDGE('',*,*,#6043,.T.);
#7193 = ORIENTED_EDGE('',*,*,#7122,.T.);
#7194 = ORIENTED_EDGE('',*,*,#7195,.F.);
#7195 = EDGE_CURVE('',#7171,#7123,#7196,.T.);
#7196 = LINE('',#7197,#7198);
#7197 = CARTESIAN_POINT('',(0.16,-10.48,8.54));
#7198 = VECTOR('',#7199,1.);
#7199 = DIRECTION('',(0.,1.,0.));
#7200 = PLANE('',#7201);
#7201 = AXIS2_PLACEMENT_3D('',#7202,#7203,#7204);
#7202 = CARTESIAN_POINT('',(0.24,-10.48,8.46));
#7203 = DIRECTION('',(0.707106781187,-1.735167508357E-18,0.707106781187)
  );
#7204 = DIRECTION('',(1.226948711654E-18,1.,1.226948711654E-18));
#7205 = ADVANCED_FACE('',(#7206),#7231,.F.);
#7206 = FACE_BOUND('',#7207,.T.);
#7207 = EDGE_LOOP('',(#7208,#7216,#7217,#7225));
#7208 = ORIENTED_EDGE('',*,*,#7209,.F.);
#7209 = EDGE_CURVE('',#6067,#7210,#7212,.T.);
#7210 = VERTEX_POINT('',#7211);
#7211 = CARTESIAN_POINT('',(-0.16,-7.78,8.54));
#7212 = LINE('',#7213,#7214);
#7213 = CARTESIAN_POINT('',(-0.266666666667,-7.886666666667,
    8.433333333333));
#7214 = VECTOR('',#7215,1.);
#7215 = DIRECTION('',(0.57735026919,0.57735026919,0.57735026919));
#7216 = ORIENTED_EDGE('',*,*,#6074,.T.);
#7217 = ORIENTED_EDGE('',*,*,#7218,.T.);
#7218 = EDGE_CURVE('',#6058,#7219,#7221,.T.);
#7219 = VERTEX_POINT('',#7220);
#7220 = CARTESIAN_POINT('',(0.16,-7.78,8.54));
#7221 = LINE('',#7222,#7223);
#7222 = CARTESIAN_POINT('',(0.16,-7.78,8.54));
#7223 = VECTOR('',#7224,1.);
#7224 = DIRECTION('',(-0.57735026919,0.57735026919,0.57735026919));
#7225 = ORIENTED_EDGE('',*,*,#7226,.F.);
#7226 = EDGE_CURVE('',#7210,#7219,#7227,.T.);
#7227 = LINE('',#7228,#7229);
#7228 = CARTESIAN_POINT('',(-0.32,-7.78,8.54));
#7229 = VECTOR('',#7230,1.);
#7230 = DIRECTION('',(1.,0.,0.));
#7231 = PLANE('',#7232);
#7232 = AXIS2_PLACEMENT_3D('',#7233,#7234,#7235);
#7233 = CARTESIAN_POINT('',(-0.32,-7.86,8.46));
#7234 = DIRECTION('',(-1.735167508357E-18,0.707106781187,-0.707106781187
    ));
#7235 = DIRECTION('',(-1.,-1.226948711654E-18,1.226948711654E-18));
#7236 = ADVANCED_FACE('',(#7237),#7255,.T.);
#7237 = FACE_BOUND('',#7238,.T.);
#7238 = EDGE_LOOP('',(#7239,#7240,#7241,#7249));
#7239 = ORIENTED_EDGE('',*,*,#7218,.F.);
#7240 = ORIENTED_EDGE('',*,*,#6098,.T.);
#7241 = ORIENTED_EDGE('',*,*,#7242,.T.);
#7242 = EDGE_CURVE('',#6091,#7243,#7245,.T.);
#7243 = VERTEX_POINT('',#7244);
#7244 = CARTESIAN_POINT('',(0.16,-7.46,8.54));
#7245 = LINE('',#7246,#7247);
#7246 = CARTESIAN_POINT('',(5.333333333333E-02,-7.566666666667,
    8.646666666667));
#7247 = VECTOR('',#7248,1.);
#7248 = DIRECTION('',(-0.57735026919,-0.57735026919,0.57735026919));
#7249 = ORIENTED_EDGE('',*,*,#7250,.F.);
#7250 = EDGE_CURVE('',#7219,#7243,#7251,.T.);
#7251 = LINE('',#7252,#7253);
#7252 = CARTESIAN_POINT('',(0.16,-7.94,8.54));
#7253 = VECTOR('',#7254,1.);
#7254 = DIRECTION('',(0.,1.,0.));
#7255 = PLANE('',#7256);
#7256 = AXIS2_PLACEMENT_3D('',#7257,#7258,#7259);
#7257 = CARTESIAN_POINT('',(0.24,-7.94,8.46));
#7258 = DIRECTION('',(0.707106781187,-1.735167508357E-18,0.707106781187)
  );
#7259 = DIRECTION('',(1.226948711654E-18,1.,1.226948711654E-18));
#7260 = ADVANCED_FACE('',(#7261),#7279,.T.);
#7261 = FACE_BOUND('',#7262,.F.);
#7262 = EDGE_LOOP('',(#7263,#7271,#7272,#7273));
#7263 = ORIENTED_EDGE('',*,*,#7264,.F.);
#7264 = EDGE_CURVE('',#6115,#7265,#7267,.T.);
#7265 = VERTEX_POINT('',#7266);
#7266 = CARTESIAN_POINT('',(-0.16,-7.46,8.54));
#7267 = LINE('',#7268,#7269);
#7268 = CARTESIAN_POINT('',(-0.16,-7.46,8.54));
#7269 = VECTOR('',#7270,1.);
#7270 = DIRECTION('',(0.57735026919,-0.57735026919,0.57735026919));
#7271 = ORIENTED_EDGE('',*,*,#6122,.T.);
#7272 = ORIENTED_EDGE('',*,*,#7242,.T.);
#7273 = ORIENTED_EDGE('',*,*,#7274,.F.);
#7274 = EDGE_CURVE('',#7265,#7243,#7275,.T.);
#7275 = LINE('',#7276,#7277);
#7276 = CARTESIAN_POINT('',(-0.32,-7.46,8.54));
#7277 = VECTOR('',#7278,1.);
#7278 = DIRECTION('',(1.,0.,0.));
#7279 = PLANE('',#7280);
#7280 = AXIS2_PLACEMENT_3D('',#7281,#7282,#7283);
#7281 = CARTESIAN_POINT('',(-0.32,-7.38,8.46));
#7282 = DIRECTION('',(1.735167508357E-18,0.707106781187,0.707106781187)
  );
#7283 = DIRECTION('',(-1.,1.226948711654E-18,1.226948711654E-18));
#7284 = ADVANCED_FACE('',(#7285),#7296,.F.);
#7285 = FACE_BOUND('',#7286,.F.);
#7286 = EDGE_LOOP('',(#7287,#7288,#7289,#7290));
#7287 = ORIENTED_EDGE('',*,*,#7209,.F.);
#7288 = ORIENTED_EDGE('',*,*,#6139,.T.);
#7289 = ORIENTED_EDGE('',*,*,#7264,.T.);
#7290 = ORIENTED_EDGE('',*,*,#7291,.F.);
#7291 = EDGE_CURVE('',#7210,#7265,#7292,.T.);
#7292 = LINE('',#7293,#7294);
#7293 = CARTESIAN_POINT('',(-0.16,-7.94,8.54));
#7294 = VECTOR('',#7295,1.);
#7295 = DIRECTION('',(0.,1.,0.));
#7296 = PLANE('',#7297);
#7297 = AXIS2_PLACEMENT_3D('',#7298,#7299,#7300);
#7298 = CARTESIAN_POINT('',(-0.24,-7.94,8.46));
#7299 = DIRECTION('',(0.707106781187,1.735167508357E-18,-0.707106781187)
  );
#7300 = DIRECTION('',(-1.226948711654E-18,1.,1.226948711654E-18));
#7301 = ADVANCED_FACE('',(#7302),#7308,.F.);
#7302 = FACE_BOUND('',#7303,.F.);
#7303 = EDGE_LOOP('',(#7304,#7305,#7306,#7307));
#7304 = ORIENTED_EDGE('',*,*,#6194,.F.);
#7305 = ORIENTED_EDGE('',*,*,#6218,.F.);
#7306 = ORIENTED_EDGE('',*,*,#6235,.T.);
#7307 = ORIENTED_EDGE('',*,*,#6170,.T.);
#7308 = PLANE('',#7309);
#7309 = AXIS2_PLACEMENT_3D('',#7310,#7311,#7312);
#7310 = CARTESIAN_POINT('',(-0.32,-0.32,-3.));
#7311 = DIRECTION('',(0.,0.,1.));
#7312 = DIRECTION('',(1.,0.,-0.));
#7313 = ADVANCED_FACE('',(#7314),#7320,.F.);
#7314 = FACE_BOUND('',#7315,.F.);
#7315 = EDGE_LOOP('',(#7316,#7317,#7318,#7319));
#7316 = ORIENTED_EDGE('',*,*,#6290,.F.);
#7317 = ORIENTED_EDGE('',*,*,#6314,.F.);
#7318 = ORIENTED_EDGE('',*,*,#6331,.T.);
#7319 = ORIENTED_EDGE('',*,*,#6266,.T.);
#7320 = PLANE('',#7321);
#7321 = AXIS2_PLACEMENT_3D('',#7322,#7323,#7324);
#7322 = CARTESIAN_POINT('',(-0.32,-5.4,-3.));
#7323 = DIRECTION('',(0.,0.,1.));
#7324 = DIRECTION('',(1.,0.,-0.));
#7325 = ADVANCED_FACE('',(#7326),#7332,.F.);
#7326 = FACE_BOUND('',#7327,.F.);
#7327 = EDGE_LOOP('',(#7328,#7329,#7330,#7331));
#7328 = ORIENTED_EDGE('',*,*,#6386,.F.);
#7329 = ORIENTED_EDGE('',*,*,#6410,.F.);
#7330 = ORIENTED_EDGE('',*,*,#6427,.T.);
#7331 = ORIENTED_EDGE('',*,*,#6362,.T.);
#7332 = PLANE('',#7333);
#7333 = AXIS2_PLACEMENT_3D('',#7334,#7335,#7336);
#7334 = CARTESIAN_POINT('',(-0.32,-2.86,-3.));
#7335 = DIRECTION('',(0.,0.,1.));
#7336 = DIRECTION('',(1.,0.,-0.));
#7337 = ADVANCED_FACE('',(#7338),#7344,.F.);
#7338 = FACE_BOUND('',#7339,.F.);
#7339 = EDGE_LOOP('',(#7340,#7341,#7342,#7343));
#7340 = ORIENTED_EDGE('',*,*,#6506,.F.);
#7341 = ORIENTED_EDGE('',*,*,#6523,.F.);
#7342 = ORIENTED_EDGE('',*,*,#6458,.T.);
#7343 = ORIENTED_EDGE('',*,*,#6482,.T.);
#7344 = PLANE('',#7345);
#7345 = AXIS2_PLACEMENT_3D('',#7346,#7347,#7348);
#7346 = CARTESIAN_POINT('',(-0.32,-13.02,-3.));
#7347 = DIRECTION('',(0.,0.,1.));
#7348 = DIRECTION('',(1.,0.,-0.));
#7349 = ADVANCED_FACE('',(#7350),#7356,.F.);
#7350 = FACE_BOUND('',#7351,.F.);
#7351 = EDGE_LOOP('',(#7352,#7353,#7354,#7355));
#7352 = ORIENTED_EDGE('',*,*,#6554,.F.);
#7353 = ORIENTED_EDGE('',*,*,#6578,.F.);
#7354 = ORIENTED_EDGE('',*,*,#6602,.T.);
#7355 = ORIENTED_EDGE('',*,*,#6619,.T.);
#7356 = PLANE('',#7357);
#7357 = AXIS2_PLACEMENT_3D('',#7358,#7359,#7360);
#7358 = CARTESIAN_POINT('',(-0.32,-10.48,-3.));
#7359 = DIRECTION('',(0.,0.,1.));
#7360 = DIRECTION('',(1.,0.,-0.));
#7361 = ADVANCED_FACE('',(#7362),#7368,.F.);
#7362 = FACE_BOUND('',#7363,.F.);
#7363 = EDGE_LOOP('',(#7364,#7365,#7366,#7367));
#7364 = ORIENTED_EDGE('',*,*,#6698,.F.);
#7365 = ORIENTED_EDGE('',*,*,#6715,.F.);
#7366 = ORIENTED_EDGE('',*,*,#6650,.T.);
#7367 = ORIENTED_EDGE('',*,*,#6674,.T.);
#7368 = PLANE('',#7369);
#7369 = AXIS2_PLACEMENT_3D('',#7370,#7371,#7372);
#7370 = CARTESIAN_POINT('',(-0.32,-7.94,-3.));
#7371 = DIRECTION('',(0.,0.,1.));
#7372 = DIRECTION('',(1.,0.,-0.));
#7373 = ADVANCED_FACE('',(#7374),#7380,.T.);
#7374 = FACE_BOUND('',#7375,.T.);
#7375 = EDGE_LOOP('',(#7376,#7377,#7378,#7379));
#7376 = ORIENTED_EDGE('',*,*,#6746,.T.);
#7377 = ORIENTED_EDGE('',*,*,#6770,.F.);
#7378 = ORIENTED_EDGE('',*,*,#6794,.F.);
#7379 = ORIENTED_EDGE('',*,*,#6811,.T.);
#7380 = PLANE('',#7381);
#7381 = AXIS2_PLACEMENT_3D('',#7382,#7383,#7384);
#7382 = CARTESIAN_POINT('',(-0.32,-0.32,8.54));
#7383 = DIRECTION('',(0.,0.,1.));
#7384 = DIRECTION('',(1.,0.,-0.));
#7385 = ADVANCED_FACE('',(#7386),#7392,.T.);
#7386 = FACE_BOUND('',#7387,.T.);
#7387 = EDGE_LOOP('',(#7388,#7389,#7390,#7391));
#7388 = ORIENTED_EDGE('',*,*,#6842,.T.);
#7389 = ORIENTED_EDGE('',*,*,#6866,.F.);
#7390 = ORIENTED_EDGE('',*,*,#6890,.F.);
#7391 = ORIENTED_EDGE('',*,*,#6907,.T.);
#7392 = PLANE('',#7393);
#7393 = AXIS2_PLACEMENT_3D('',#7394,#7395,#7396);
#7394 = CARTESIAN_POINT('',(-0.32,-5.4,8.54));
#7395 = DIRECTION('',(0.,0.,1.));
#7396 = DIRECTION('',(1.,0.,-0.));
#7397 = ADVANCED_FACE('',(#7398),#7404,.T.);
#7398 = FACE_BOUND('',#7399,.T.);
#7399 = EDGE_LOOP('',(#7400,#7401,#7402,#7403));
#7400 = ORIENTED_EDGE('',*,*,#6938,.T.);
#7401 = ORIENTED_EDGE('',*,*,#6962,.F.);
#7402 = ORIENTED_EDGE('',*,*,#6986,.F.);
#7403 = ORIENTED_EDGE('',*,*,#7003,.T.);
#7404 = PLANE('',#7405);
#7405 = AXIS2_PLACEMENT_3D('',#7406,#7407,#7408);
#7406 = CARTESIAN_POINT('',(-0.32,-2.86,8.54));
#7407 = DIRECTION('',(0.,0.,1.));
#7408 = DIRECTION('',(1.,0.,-0.));
#7409 = ADVANCED_FACE('',(#7410),#7416,.T.);
#7410 = FACE_BOUND('',#7411,.T.);
#7411 = EDGE_LOOP('',(#7412,#7413,#7414,#7415));
#7412 = ORIENTED_EDGE('',*,*,#7058,.T.);
#7413 = ORIENTED_EDGE('',*,*,#7082,.F.);
#7414 = ORIENTED_EDGE('',*,*,#7099,.F.);
#7415 = ORIENTED_EDGE('',*,*,#7034,.T.);
#7416 = PLANE('',#7417);
#7417 = AXIS2_PLACEMENT_3D('',#7418,#7419,#7420);
#7418 = CARTESIAN_POINT('',(-0.32,-13.02,8.54));
#7419 = DIRECTION('',(0.,0.,1.));
#7420 = DIRECTION('',(1.,0.,-0.));
#7421 = ADVANCED_FACE('',(#7422),#7428,.T.);
#7422 = FACE_BOUND('',#7423,.T.);
#7423 = EDGE_LOOP('',(#7424,#7425,#7426,#7427));
#7424 = ORIENTED_EDGE('',*,*,#7195,.T.);
#7425 = ORIENTED_EDGE('',*,*,#7130,.F.);
#7426 = ORIENTED_EDGE('',*,*,#7154,.F.);
#7427 = ORIENTED_EDGE('',*,*,#7178,.T.);
#7428 = PLANE('',#7429);
#7429 = AXIS2_PLACEMENT_3D('',#7430,#7431,#7432);
#7430 = CARTESIAN_POINT('',(-0.32,-10.48,8.54));
#7431 = DIRECTION('',(0.,0.,1.));
#7432 = DIRECTION('',(1.,0.,-0.));
#7433 = ADVANCED_FACE('',(#7434),#7440,.T.);
#7434 = FACE_BOUND('',#7435,.T.);
#7435 = EDGE_LOOP('',(#7436,#7437,#7438,#7439));
#7436 = ORIENTED_EDGE('',*,*,#7250,.T.);
#7437 = ORIENTED_EDGE('',*,*,#7274,.F.);
#7438 = ORIENTED_EDGE('',*,*,#7291,.F.);
#7439 = ORIENTED_EDGE('',*,*,#7226,.T.);
#7440 = PLANE('',#7441);
#7441 = AXIS2_PLACEMENT_3D('',#7442,#7443,#7444);
#7442 = CARTESIAN_POINT('',(-0.32,-7.94,8.54));
#7443 = DIRECTION('',(0.,0.,1.));
#7444 = DIRECTION('',(1.,0.,-0.));
#7445 = ( GEOMETRIC_REPRESENTATION_CONTEXT(3) 
GLOBAL_UNCERTAINTY_ASSIGNED_CONTEXT((#7449)) 
GLOBAL_UNIT_ASSIGNED_CONTEXT((#7446,#7447,#7448)) REPRESENTATION_CONTEXT
('Context #1','3D Context with UNIT and UNCERTAINTY') );
#7446 = ( LENGTH_UNIT() NAMED_UNIT(*) SI_UNIT(.MILLI.,.METRE.) );
#7447 = ( NAMED_UNIT(*) PLANE_ANGLE_UNIT() SI_UNIT($,.RADIAN.) );
#7448 = ( NAMED_UNIT(*) SI_UNIT($,.STERADIAN.) SOLID_ANGLE_UNIT() );
#7449 = UNCERTAINTY_MEASURE_WITH_UNIT(LENGTH_MEASURE(1.E-07),#7446,
  'distance_accuracy_value','confusion accuracy');
#7450 = CONTEXT_DEPENDENT_SHAPE_REPRESENTATION(#7451,#7453);
#7451 = ( REPRESENTATION_RELATIONSHIP('','',#3316,#10) 
REPRESENTATION_RELATIONSHIP_WITH_TRANSFORMATION(#7452) 
SHAPE_REPRESENTATION_RELATIONSHIP() );
#7452 = ITEM_DEFINED_TRANSFORMATION('','',#11,#19);
#7453 = PRODUCT_DEFINITION_SHAPE('Placement','Placement of an item',
  #7454);
#7454 = NEXT_ASSEMBLY_USAGE_OCCURRENCE('2','U4','',#5,#3311,$);
#7455 = PRODUCT_RELATED_PRODUCT_CATEGORY('part',$,(#3313));
#7456 = CONTEXT_DEPENDENT_SHAPE_REPRESENTATION(#7457,#7459);
#7457 = ( REPRESENTATION_RELATIONSHIP('','',#68,#10) 
REPRESENTATION_RELATIONSHIP_WITH_TRANSFORMATION(#7458) 
SHAPE_REPRESENTATION_RELATIONSHIP() );
#7458 = ITEM_DEFINED_TRANSFORMATION('','',#11,#23);
#7459 = PRODUCT_DEFINITION_SHAPE('Placement','Placement of an item',
  #7460);
#7460 = NEXT_ASSEMBLY_USAGE_OCCURRENCE('3','SW3','',#5,#63,$);
#7461 = CONTEXT_DEPENDENT_SHAPE_REPRESENTATION(#7462,#7464);
#7462 = ( REPRESENTATION_RELATIONSHIP('','',#68,#10) 
REPRESENTATION_RELATIONSHIP_WITH_TRANSFORMATION(#7463) 
SHAPE_REPRESENTATION_RELATIONSHIP() );
#7463 = ITEM_DEFINED_TRANSFORMATION('','',#11,#27);
#7464 = PRODUCT_DEFINITION_SHAPE('Placement','Placement of an item',
  #7465);
#7465 = NEXT_ASSEMBLY_USAGE_OCCURRENCE('4','SW2','',#5,#63,$);
#7466 = SHAPE_DEFINITION_REPRESENTATION(#7467,#7473);
#7467 = PRODUCT_DEFINITION_SHAPE('','',#7468);
#7468 = PRODUCT_DEFINITION('design','',#7469,#7472);
#7469 = PRODUCT_DEFINITION_FORMATION('','',#7470);
#7470 = PRODUCT('PinHeader_1x03_P2.54mm_Vertical',
  'PinHeader_1x03_P2.54mm_Vertical','',(#7471));
#7471 = PRODUCT_CONTEXT('',#2,'mechanical');
#7472 = PRODUCT_DEFINITION_CONTEXT('part definition',#2,'design');
#7473 = ADVANCED_BREP_SHAPE_REPRESENTATION('',(#11,#7474),#9580);
#7474 = MANIFOLD_SOLID_BREP('',#7475);
#7475 = CLOSED_SHELL('',(#7476,#7516,#7547,#7578,#7825,#8072,#8089,#8106
    ,#8123,#8140,#8157,#8174,#8191,#8208,#8225,#8242,#8259,#8276,#8293,
    #8310,#8327,#8344,#8356,#8387,#8411,#8435,#8452,#8483,#8507,#8531,
    #8548,#8579,#8603,#8627,#8644,#8675,#8699,#8723,#8740,#8771,#8795,
    #8819,#8836,#8867,#8891,#8915,#8932,#8963,#8987,#9011,#9028,#9059,
    #9083,#9107,#9124,#9155,#9179,#9203,#9220,#9251,#9275,#9299,#9316,
    #9347,#9371,#9395,#9412,#9443,#9467,#9491,#9508,#9520,#9532,#9544,
    #9556,#9568));
#7476 = ADVANCED_FACE('',(#7477),#7511,.F.);
#7477 = FACE_BOUND('',#7478,.F.);
#7478 = EDGE_LOOP('',(#7479,#7489,#7497,#7505));
#7479 = ORIENTED_EDGE('',*,*,#7480,.T.);
#7480 = EDGE_CURVE('',#7481,#7483,#7485,.T.);
#7481 = VERTEX_POINT('',#7482);
#7482 = CARTESIAN_POINT('',(-1.016,1.27,0.));
#7483 = VERTEX_POINT('',#7484);
#7484 = CARTESIAN_POINT('',(-1.016,1.27,2.54));
#7485 = LINE('',#7486,#7487);
#7486 = CARTESIAN_POINT('',(-1.016,1.27,0.));
#7487 = VECTOR('',#7488,1.);
#7488 = DIRECTION('',(0.,0.,1.));
#7489 = ORIENTED_EDGE('',*,*,#7490,.T.);
#7490 = EDGE_CURVE('',#7483,#7491,#7493,.T.);
#7491 = VERTEX_POINT('',#7492);
#7492 = CARTESIAN_POINT('',(-1.27,1.016,2.54));
#7493 = LINE('',#7494,#7495);
#7494 = CARTESIAN_POINT('',(-1.016,1.27,2.54));
#7495 = VECTOR('',#7496,1.);
#7496 = DIRECTION('',(-0.707106781187,-0.707106781187,0.));
#7497 = ORIENTED_EDGE('',*,*,#7498,.F.);
#7498 = EDGE_CURVE('',#7499,#7491,#7501,.T.);
#7499 = VERTEX_POINT('',#7500);
#7500 = CARTESIAN_POINT('',(-1.27,1.016,0.));
#7501 = LINE('',#7502,#7503);
#7502 = CARTESIAN_POINT('',(-1.27,1.016,0.));
#7503 = VECTOR('',#7504,1.);
#7504 = DIRECTION('',(0.,0.,1.));
#7505 = ORIENTED_EDGE('',*,*,#7506,.F.);
#7506 = EDGE_CURVE('',#7481,#7499,#7507,.T.);
#7507 = LINE('',#7508,#7509);
#7508 = CARTESIAN_POINT('',(-1.016,1.27,0.));
#7509 = VECTOR('',#7510,1.);
#7510 = DIRECTION('',(-0.707106781187,-0.707106781187,0.));
#7511 = PLANE('',#7512);
#7512 = AXIS2_PLACEMENT_3D('',#7513,#7514,#7515);
#7513 = CARTESIAN_POINT('',(-1.016,1.27,0.));
#7514 = DIRECTION('',(0.707106781187,-0.707106781187,0.));
#7515 = DIRECTION('',(-0.707106781187,-0.707106781187,0.));
#7516 = ADVANCED_FACE('',(#7517),#7542,.F.);
#7517 = FACE_BOUND('',#7518,.F.);
#7518 = EDGE_LOOP('',(#7519,#7529,#7535,#7536));
#7519 = ORIENTED_EDGE('',*,*,#7520,.T.);
#7520 = EDGE_CURVE('',#7521,#7523,#7525,.T.);
#7521 = VERTEX_POINT('',#7522);
#7522 = CARTESIAN_POINT('',(1.016,1.27,0.));
#7523 = VERTEX_POINT('',#7524);
#7524 = CARTESIAN_POINT('',(1.016,1.27,2.54));
#7525 = LINE('',#7526,#7527);
#7526 = CARTESIAN_POINT('',(1.016,1.27,0.));
#7527 = VECTOR('',#7528,1.);
#7528 = DIRECTION('',(0.,0.,1.));
#7529 = ORIENTED_EDGE('',*,*,#7530,.T.);
#7530 = EDGE_CURVE('',#7523,#7483,#7531,.T.);
#7531 = LINE('',#7532,#7533);
#7532 = CARTESIAN_POINT('',(1.016,1.27,2.54));
#7533 = VECTOR('',#7534,1.);
#7534 = DIRECTION('',(-1.,0.,0.));
#7535 = ORIENTED_EDGE('',*,*,#7480,.F.);
#7536 = ORIENTED_EDGE('',*,*,#7537,.F.);
#7537 = EDGE_CURVE('',#7521,#7481,#7538,.T.);
#7538 = LINE('',#7539,#7540);
#7539 = CARTESIAN_POINT('',(1.016,1.27,0.));
#7540 = VECTOR('',#7541,1.);
#7541 = DIRECTION('',(-1.,0.,0.));
#7542 = PLANE('',#7543);
#7543 = AXIS2_PLACEMENT_3D('',#7544,#7545,#7546);
#7544 = CARTESIAN_POINT('',(1.016,1.27,0.));
#7545 = DIRECTION('',(0.,-1.,0.));
#7546 = DIRECTION('',(-1.,0.,0.));
#7547 = ADVANCED_FACE('',(#7548),#7573,.F.);
#7548 = FACE_BOUND('',#7549,.F.);
#7549 = EDGE_LOOP('',(#7550,#7551,#7559,#7567));
#7550 = ORIENTED_EDGE('',*,*,#7498,.T.);
#7551 = ORIENTED_EDGE('',*,*,#7552,.T.);
#7552 = EDGE_CURVE('',#7491,#7553,#7555,.T.);
#7553 = VERTEX_POINT('',#7554);
#7554 = CARTESIAN_POINT('',(-1.27,-1.016,2.54));
#7555 = LINE('',#7556,#7557);
#7556 = CARTESIAN_POINT('',(-1.27,1.016,2.54));
#7557 = VECTOR('',#7558,1.);
#7558 = DIRECTION('',(0.,-1.,0.));
#7559 = ORIENTED_EDGE('',*,*,#7560,.F.);
#7560 = EDGE_CURVE('',#7561,#7553,#7563,.T.);
#7561 = VERTEX_POINT('',#7562);
#7562 = CARTESIAN_POINT('',(-1.27,-1.016,0.));
#7563 = LINE('',#7564,#7565);
#7564 = CARTESIAN_POINT('',(-1.27,-1.016,0.));
#7565 = VECTOR('',#7566,1.);
#7566 = DIRECTION('',(0.,0.,1.));
#7567 = ORIENTED_EDGE('',*,*,#7568,.F.);
#7568 = EDGE_CURVE('',#7499,#7561,#7569,.T.);
#7569 = LINE('',#7570,#7571);
#7570 = CARTESIAN_POINT('',(-1.27,1.016,0.));
#7571 = VECTOR('',#7572,1.);
#7572 = DIRECTION('',(0.,-1.,0.));
#7573 = PLANE('',#7574);
#7574 = AXIS2_PLACEMENT_3D('',#7575,#7576,#7577);
#7575 = CARTESIAN_POINT('',(-1.27,1.016,0.));
#7576 = DIRECTION('',(1.,0.,0.));
#7577 = DIRECTION('',(0.,-1.,0.));
#7578 = ADVANCED_FACE('',(#7579,#7718,#7752,#7786),#7820,.F.);
#7579 = FACE_BOUND('',#7580,.F.);
#7580 = EDGE_LOOP('',(#7581,#7582,#7583,#7591,#7599,#7607,#7615,#7623,
    #7631,#7639,#7647,#7655,#7663,#7671,#7679,#7687,#7695,#7703,#7711,
    #7717));
#7581 = ORIENTED_EDGE('',*,*,#7506,.T.);
#7582 = ORIENTED_EDGE('',*,*,#7568,.T.);
#7583 = ORIENTED_EDGE('',*,*,#7584,.T.);
#7584 = EDGE_CURVE('',#7561,#7585,#7587,.T.);
#7585 = VERTEX_POINT('',#7586);
#7586 = CARTESIAN_POINT('',(-1.016,-1.27,0.));
#7587 = LINE('',#7588,#7589);
#7588 = CARTESIAN_POINT('',(-1.27,-1.016,0.));
#7589 = VECTOR('',#7590,1.);
#7590 = DIRECTION('',(0.707106781187,-0.707106781187,0.));
#7591 = ORIENTED_EDGE('',*,*,#7592,.T.);
#7592 = EDGE_CURVE('',#7585,#7593,#7595,.T.);
#7593 = VERTEX_POINT('',#7594);
#7594 = CARTESIAN_POINT('',(-1.27,-1.524,0.));
#7595 = LINE('',#7596,#7597);
#7596 = CARTESIAN_POINT('',(-1.016,-1.27,0.));
#7597 = VECTOR('',#7598,1.);
#7598 = DIRECTION('',(-0.707106781187,-0.707106781187,0.));
#7599 = ORIENTED_EDGE('',*,*,#7600,.T.);
#7600 = EDGE_CURVE('',#7593,#7601,#7603,.T.);
#7601 = VERTEX_POINT('',#7602);
#7602 = CARTESIAN_POINT('',(-1.27,-3.556,0.));
#7603 = LINE('',#7604,#7605);
#7604 = CARTESIAN_POINT('',(-1.27,-1.524,0.));
#7605 = VECTOR('',#7606,1.);
#7606 = DIRECTION('',(0.,-1.,0.));
#7607 = ORIENTED_EDGE('',*,*,#7608,.T.);
#7608 = EDGE_CURVE('',#7601,#7609,#7611,.T.);
#7609 = VERTEX_POINT('',#7610);
#7610 = CARTESIAN_POINT('',(-1.016,-3.81,0.));
#7611 = LINE('',#7612,#7613);
#7612 = CARTESIAN_POINT('',(-1.27,-3.556,0.));
#7613 = VECTOR('',#7614,1.);
#7614 = DIRECTION('',(0.707106781187,-0.707106781187,0.));
#7615 = ORIENTED_EDGE('',*,*,#7616,.T.);
#7616 = EDGE_CURVE('',#7609,#7617,#7619,.T.);
#7617 = VERTEX_POINT('',#7618);
#7618 = CARTESIAN_POINT('',(-1.27,-4.064,0.));
#7619 = LINE('',#7620,#7621);
#7620 = CARTESIAN_POINT('',(-1.016,-3.81,0.));
#7621 = VECTOR('',#7622,1.);
#7622 = DIRECTION('',(-0.707106781187,-0.707106781187,0.));
#7623 = ORIENTED_EDGE('',*,*,#7624,.T.);
#7624 = EDGE_CURVE('',#7617,#7625,#7627,.T.);
#7625 = VERTEX_POINT('',#7626);
#7626 = CARTESIAN_POINT('',(-1.27,-6.096,0.));
#7627 = LINE('',#7628,#7629);
#7628 = CARTESIAN_POINT('',(-1.27,-4.064,0.));
#7629 = VECTOR('',#7630,1.);
#7630 = DIRECTION('',(0.,-1.,0.));
#7631 = ORIENTED_EDGE('',*,*,#7632,.T.);
#7632 = EDGE_CURVE('',#7625,#7633,#7635,.T.);
#7633 = VERTEX_POINT('',#7634);
#7634 = CARTESIAN_POINT('',(-1.016,-6.35,0.));
#7635 = LINE('',#7636,#7637);
#7636 = CARTESIAN_POINT('',(-1.27,-6.096,0.));
#7637 = VECTOR('',#7638,1.);
#7638 = DIRECTION('',(0.707106781187,-0.707106781187,0.));
#7639 = ORIENTED_EDGE('',*,*,#7640,.T.);
#7640 = EDGE_CURVE('',#7633,#7641,#7643,.T.);
#7641 = VERTEX_POINT('',#7642);
#7642 = CARTESIAN_POINT('',(1.016,-6.35,0.));
#7643 = LINE('',#7644,#7645);
#7644 = CARTESIAN_POINT('',(-1.016,-6.35,0.));
#7645 = VECTOR('',#7646,1.);
#7646 = DIRECTION('',(1.,0.,0.));
#7647 = ORIENTED_EDGE('',*,*,#7648,.T.);
#7648 = EDGE_CURVE('',#7641,#7649,#7651,.T.);
#7649 = VERTEX_POINT('',#7650);
#7650 = CARTESIAN_POINT('',(1.27,-6.096,0.));
#7651 = LINE('',#7652,#7653);
#7652 = CARTESIAN_POINT('',(1.016,-6.35,0.));
#7653 = VECTOR('',#7654,1.);
#7654 = DIRECTION('',(0.707106781187,0.707106781187,0.));
#7655 = ORIENTED_EDGE('',*,*,#7656,.T.);
#7656 = EDGE_CURVE('',#7649,#7657,#7659,.T.);
#7657 = VERTEX_POINT('',#7658);
#7658 = CARTESIAN_POINT('',(1.27,-4.064,0.));
#7659 = LINE('',#7660,#7661);
#7660 = CARTESIAN_POINT('',(1.27,-6.096,0.));
#7661 = VECTOR('',#7662,1.);
#7662 = DIRECTION('',(0.,1.,0.));
#7663 = ORIENTED_EDGE('',*,*,#7664,.T.);
#7664 = EDGE_CURVE('',#7657,#7665,#7667,.T.);
#7665 = VERTEX_POINT('',#7666);
#7666 = CARTESIAN_POINT('',(1.016,-3.81,0.));
#7667 = LINE('',#7668,#7669);
#7668 = CARTESIAN_POINT('',(1.27,-4.064,0.));
#7669 = VECTOR('',#7670,1.);
#7670 = DIRECTION('',(-0.707106781187,0.707106781187,0.));
#7671 = ORIENTED_EDGE('',*,*,#7672,.T.);
#7672 = EDGE_CURVE('',#7665,#7673,#7675,.T.);
#7673 = VERTEX_POINT('',#7674);
#7674 = CARTESIAN_POINT('',(1.27,-3.556,0.));
#7675 = LINE('',#7676,#7677);
#7676 = CARTESIAN_POINT('',(1.016,-3.81,0.));
#7677 = VECTOR('',#7678,1.);
#7678 = DIRECTION('',(0.707106781187,0.707106781187,0.));
#7679 = ORIENTED_EDGE('',*,*,#7680,.T.);
#7680 = EDGE_CURVE('',#7673,#7681,#7683,.T.);
#7681 = VERTEX_POINT('',#7682);
#7682 = CARTESIAN_POINT('',(1.27,-1.524,0.));
#7683 = LINE('',#7684,#7685);
#7684 = CARTESIAN_POINT('',(1.27,-3.556,0.));
#7685 = VECTOR('',#7686,1.);
#7686 = DIRECTION('',(0.,1.,0.));
#7687 = ORIENTED_EDGE('',*,*,#7688,.T.);
#7688 = EDGE_CURVE('',#7681,#7689,#7691,.T.);
#7689 = VERTEX_POINT('',#7690);
#7690 = CARTESIAN_POINT('',(1.016,-1.27,0.));
#7691 = LINE('',#7692,#7693);
#7692 = CARTESIAN_POINT('',(1.27,-1.524,0.));
#7693 = VECTOR('',#7694,1.);
#7694 = DIRECTION('',(-0.707106781187,0.707106781187,0.));
#7695 = ORIENTED_EDGE('',*,*,#7696,.T.);
#7696 = EDGE_CURVE('',#7689,#7697,#7699,.T.);
#7697 = VERTEX_POINT('',#7698);
#7698 = CARTESIAN_POINT('',(1.27,-1.016,0.));
#7699 = LINE('',#7700,#7701);
#7700 = CARTESIAN_POINT('',(1.016,-1.27,0.));
#7701 = VECTOR('',#7702,1.);
#7702 = DIRECTION('',(0.707106781187,0.707106781187,0.));
#7703 = ORIENTED_EDGE('',*,*,#7704,.T.);
#7704 = EDGE_CURVE('',#7697,#7705,#7707,.T.);
#7705 = VERTEX_POINT('',#7706);
#7706 = CARTESIAN_POINT('',(1.27,1.016,0.));
#7707 = LINE('',#7708,#7709);
#7708 = CARTESIAN_POINT('',(1.27,-1.016,0.));
#7709 = VECTOR('',#7710,1.);
#7710 = DIRECTION('',(0.,1.,0.));
#7711 = ORIENTED_EDGE('',*,*,#7712,.T.);
#7712 = EDGE_CURVE('',#7705,#7521,#7713,.T.);
#7713 = LINE('',#7714,#7715);
#7714 = CARTESIAN_POINT('',(1.27,1.016,0.));
#7715 = VECTOR('',#7716,1.);
#7716 = DIRECTION('',(-0.707106781187,0.707106781187,0.));
#7717 = ORIENTED_EDGE('',*,*,#7537,.T.);
#7718 = FACE_BOUND('',#7719,.F.);
#7719 = EDGE_LOOP('',(#7720,#7730,#7738,#7746));
#7720 = ORIENTED_EDGE('',*,*,#7721,.F.);
#7721 = EDGE_CURVE('',#7722,#7724,#7726,.T.);
#7722 = VERTEX_POINT('',#7723);
#7723 = CARTESIAN_POINT('',(0.32,-0.32,0.));
#7724 = VERTEX_POINT('',#7725);
#7725 = CARTESIAN_POINT('',(0.32,0.32,0.));
#7726 = LINE('',#7727,#7728);
#7727 = CARTESIAN_POINT('',(0.32,-1.43,0.));
#7728 = VECTOR('',#7729,1.);
#7729 = DIRECTION('',(0.,1.,0.));
#7730 = ORIENTED_EDGE('',*,*,#7731,.T.);
#7731 = EDGE_CURVE('',#7722,#7732,#7734,.T.);
#7732 = VERTEX_POINT('',#7733);
#7733 = CARTESIAN_POINT('',(-0.32,-0.32,0.));
#7734 = LINE('',#7735,#7736);
#7735 = CARTESIAN_POINT('',(-0.16,-0.32,0.));
#7736 = VECTOR('',#7737,1.);
#7737 = DIRECTION('',(-1.,0.,0.));
#7738 = ORIENTED_EDGE('',*,*,#7739,.T.);
#7739 = EDGE_CURVE('',#7732,#7740,#7742,.T.);
#7740 = VERTEX_POINT('',#7741);
#7741 = CARTESIAN_POINT('',(-0.32,0.32,0.));
#7742 = LINE('',#7743,#7744);
#7743 = CARTESIAN_POINT('',(-0.32,-1.43,0.));
#7744 = VECTOR('',#7745,1.);
#7745 = DIRECTION('',(0.,1.,0.));
#7746 = ORIENTED_EDGE('',*,*,#7747,.F.);
#7747 = EDGE_CURVE('',#7724,#7740,#7748,.T.);
#7748 = LINE('',#7749,#7750);
#7749 = CARTESIAN_POINT('',(-0.16,0.32,0.));
#7750 = VECTOR('',#7751,1.);
#7751 = DIRECTION('',(-1.,0.,0.));
#7752 = FACE_BOUND('',#7753,.F.);
#7753 = EDGE_LOOP('',(#7754,#7764,#7772,#7780));
#7754 = ORIENTED_EDGE('',*,*,#7755,.T.);
#7755 = EDGE_CURVE('',#7756,#7758,#7760,.T.);
#7756 = VERTEX_POINT('',#7757);
#7757 = CARTESIAN_POINT('',(0.32,-2.86,0.));
#7758 = VERTEX_POINT('',#7759);
#7759 = CARTESIAN_POINT('',(-0.32,-2.86,0.));
#7760 = LINE('',#7761,#7762);
#7761 = CARTESIAN_POINT('',(-0.16,-2.86,0.));
#7762 = VECTOR('',#7763,1.);
#7763 = DIRECTION('',(-1.,0.,0.));
#7764 = ORIENTED_EDGE('',*,*,#7765,.T.);
#7765 = EDGE_CURVE('',#7758,#7766,#7768,.T.);
#7766 = VERTEX_POINT('',#7767);
#7767 = CARTESIAN_POINT('',(-0.32,-2.22,0.));
#7768 = LINE('',#7769,#7770);
#7769 = CARTESIAN_POINT('',(-0.32,-2.7,0.));
#7770 = VECTOR('',#7771,1.);
#7771 = DIRECTION('',(0.,1.,0.));
#7772 = ORIENTED_EDGE('',*,*,#7773,.F.);
#7773 = EDGE_CURVE('',#7774,#7766,#7776,.T.);
#7774 = VERTEX_POINT('',#7775);
#7775 = CARTESIAN_POINT('',(0.32,-2.22,0.));
#7776 = LINE('',#7777,#7778);
#7777 = CARTESIAN_POINT('',(-0.16,-2.22,0.));
#7778 = VECTOR('',#7779,1.);
#7779 = DIRECTION('',(-1.,0.,0.));
#7780 = ORIENTED_EDGE('',*,*,#7781,.F.);
#7781 = EDGE_CURVE('',#7756,#7774,#7782,.T.);
#7782 = LINE('',#7783,#7784);
#7783 = CARTESIAN_POINT('',(0.32,-2.7,0.));
#7784 = VECTOR('',#7785,1.);
#7785 = DIRECTION('',(0.,1.,0.));
#7786 = FACE_BOUND('',#7787,.F.);
#7787 = EDGE_LOOP('',(#7788,#7798,#7806,#7814));
#7788 = ORIENTED_EDGE('',*,*,#7789,.F.);
#7789 = EDGE_CURVE('',#7790,#7792,#7794,.T.);
#7790 = VERTEX_POINT('',#7791);
#7791 = CARTESIAN_POINT('',(0.32,-4.76,0.));
#7792 = VERTEX_POINT('',#7793);
#7793 = CARTESIAN_POINT('',(-0.32,-4.76,0.));
#7794 = LINE('',#7795,#7796);
#7795 = CARTESIAN_POINT('',(-0.16,-4.76,0.));
#7796 = VECTOR('',#7797,1.);
#7797 = DIRECTION('',(-1.,0.,0.));
#7798 = ORIENTED_EDGE('',*,*,#7799,.F.);
#7799 = EDGE_CURVE('',#7800,#7790,#7802,.T.);
#7800 = VERTEX_POINT('',#7801);
#7801 = CARTESIAN_POINT('',(0.32,-5.4,0.));
#7802 = LINE('',#7803,#7804);
#7803 = CARTESIAN_POINT('',(0.32,-3.97,0.));
#7804 = VECTOR('',#7805,1.);
#7805 = DIRECTION('',(0.,1.,0.));
#7806 = ORIENTED_EDGE('',*,*,#7807,.T.);
#7807 = EDGE_CURVE('',#7800,#7808,#7810,.T.);
#7808 = VERTEX_POINT('',#7809);
#7809 = CARTESIAN_POINT('',(-0.32,-5.4,0.));
#7810 = LINE('',#7811,#7812);
#7811 = CARTESIAN_POINT('',(-0.16,-5.4,0.));
#7812 = VECTOR('',#7813,1.);
#7813 = DIRECTION('',(-1.,0.,0.));
#7814 = ORIENTED_EDGE('',*,*,#7815,.T.);
#7815 = EDGE_CURVE('',#7808,#7792,#7816,.T.);
#7816 = LINE('',#7817,#7818);
#7817 = CARTESIAN_POINT('',(-0.32,-3.97,0.));
#7818 = VECTOR('',#7819,1.);
#7819 = DIRECTION('',(0.,1.,0.));
#7820 = PLANE('',#7821);
#7821 = AXIS2_PLACEMENT_3D('',#7822,#7823,#7824);
#7822 = CARTESIAN_POINT('',(5.398204781459E-17,-2.54,0.));
#7823 = DIRECTION('',(0.,0.,1.));
#7824 = DIRECTION('',(1.,0.,-0.));
#7825 = ADVANCED_FACE('',(#7826,#7965,#7999,#8033),#8067,.T.);
#7826 = FACE_BOUND('',#7827,.T.);
#7827 = EDGE_LOOP('',(#7828,#7829,#7830,#7838,#7846,#7854,#7862,#7870,
    #7878,#7886,#7894,#7902,#7910,#7918,#7926,#7934,#7942,#7950,#7958,
    #7964));
#7828 = ORIENTED_EDGE('',*,*,#7490,.T.);
#7829 = ORIENTED_EDGE('',*,*,#7552,.T.);
#7830 = ORIENTED_EDGE('',*,*,#7831,.T.);
#7831 = EDGE_CURVE('',#7553,#7832,#7834,.T.);
#7832 = VERTEX_POINT('',#7833);
#7833 = CARTESIAN_POINT('',(-1.016,-1.27,2.54));
#7834 = LINE('',#7835,#7836);
#7835 = CARTESIAN_POINT('',(-1.27,-1.016,2.54));
#7836 = VECTOR('',#7837,1.);
#7837 = DIRECTION('',(0.707106781187,-0.707106781187,0.));
#7838 = ORIENTED_EDGE('',*,*,#7839,.T.);
#7839 = EDGE_CURVE('',#7832,#7840,#7842,.T.);
#7840 = VERTEX_POINT('',#7841);
#7841 = CARTESIAN_POINT('',(-1.27,-1.524,2.54));
#7842 = LINE('',#7843,#7844);
#7843 = CARTESIAN_POINT('',(-1.016,-1.27,2.54));
#7844 = VECTOR('',#7845,1.);
#7845 = DIRECTION('',(-0.707106781187,-0.707106781187,0.));
#7846 = ORIENTED_EDGE('',*,*,#7847,.T.);
#7847 = EDGE_CURVE('',#7840,#7848,#7850,.T.);
#7848 = VERTEX_POINT('',#7849);
#7849 = CARTESIAN_POINT('',(-1.27,-3.556,2.54));
#7850 = LINE('',#7851,#7852);
#7851 = CARTESIAN_POINT('',(-1.27,-1.524,2.54));
#7852 = VECTOR('',#7853,1.);
#7853 = DIRECTION('',(0.,-1.,0.));
#7854 = ORIENTED_EDGE('',*,*,#7855,.T.);
#7855 = EDGE_CURVE('',#7848,#7856,#7858,.T.);
#7856 = VERTEX_POINT('',#7857);
#7857 = CARTESIAN_POINT('',(-1.016,-3.81,2.54));
#7858 = LINE('',#7859,#7860);
#7859 = CARTESIAN_POINT('',(-1.27,-3.556,2.54));
#7860 = VECTOR('',#7861,1.);
#7861 = DIRECTION('',(0.707106781187,-0.707106781187,0.));
#7862 = ORIENTED_EDGE('',*,*,#7863,.T.);
#7863 = EDGE_CURVE('',#7856,#7864,#7866,.T.);
#7864 = VERTEX_POINT('',#7865);
#7865 = CARTESIAN_POINT('',(-1.27,-4.064,2.54));
#7866 = LINE('',#7867,#7868);
#7867 = CARTESIAN_POINT('',(-1.016,-3.81,2.54));
#7868 = VECTOR('',#7869,1.);
#7869 = DIRECTION('',(-0.707106781187,-0.707106781187,0.));
#7870 = ORIENTED_EDGE('',*,*,#7871,.T.);
#7871 = EDGE_CURVE('',#7864,#7872,#7874,.T.);
#7872 = VERTEX_POINT('',#7873);
#7873 = CARTESIAN_POINT('',(-1.27,-6.096,2.54));
#7874 = LINE('',#7875,#7876);
#7875 = CARTESIAN_POINT('',(-1.27,-4.064,2.54));
#7876 = VECTOR('',#7877,1.);
#7877 = DIRECTION('',(0.,-1.,0.));
#7878 = ORIENTED_EDGE('',*,*,#7879,.T.);
#7879 = EDGE_CURVE('',#7872,#7880,#7882,.T.);
#7880 = VERTEX_POINT('',#7881);
#7881 = CARTESIAN_POINT('',(-1.016,-6.35,2.54));
#7882 = LINE('',#7883,#7884);
#7883 = CARTESIAN_POINT('',(-1.27,-6.096,2.54));
#7884 = VECTOR('',#7885,1.);
#7885 = DIRECTION('',(0.707106781187,-0.707106781187,0.));
#7886 = ORIENTED_EDGE('',*,*,#7887,.T.);
#7887 = EDGE_CURVE('',#7880,#7888,#7890,.T.);
#7888 = VERTEX_POINT('',#7889);
#7889 = CARTESIAN_POINT('',(1.016,-6.35,2.54));
#7890 = LINE('',#7891,#7892);
#7891 = CARTESIAN_POINT('',(-1.016,-6.35,2.54));
#7892 = VECTOR('',#7893,1.);
#7893 = DIRECTION('',(1.,0.,0.));
#7894 = ORIENTED_EDGE('',*,*,#7895,.T.);
#7895 = EDGE_CURVE('',#7888,#7896,#7898,.T.);
#7896 = VERTEX_POINT('',#7897);
#7897 = CARTESIAN_POINT('',(1.27,-6.096,2.54));
#7898 = LINE('',#7899,#7900);
#7899 = CARTESIAN_POINT('',(1.016,-6.35,2.54));
#7900 = VECTOR('',#7901,1.);
#7901 = DIRECTION('',(0.707106781187,0.707106781187,0.));
#7902 = ORIENTED_EDGE('',*,*,#7903,.T.);
#7903 = EDGE_CURVE('',#7896,#7904,#7906,.T.);
#7904 = VERTEX_POINT('',#7905);
#7905 = CARTESIAN_POINT('',(1.27,-4.064,2.54));
#7906 = LINE('',#7907,#7908);
#7907 = CARTESIAN_POINT('',(1.27,-6.096,2.54));
#7908 = VECTOR('',#7909,1.);
#7909 = DIRECTION('',(0.,1.,0.));
#7910 = ORIENTED_EDGE('',*,*,#7911,.T.);
#7911 = EDGE_CURVE('',#7904,#7912,#7914,.T.);
#7912 = VERTEX_POINT('',#7913);
#7913 = CARTESIAN_POINT('',(1.016,-3.81,2.54));
#7914 = LINE('',#7915,#7916);
#7915 = CARTESIAN_POINT('',(1.27,-4.064,2.54));
#7916 = VECTOR('',#7917,1.);
#7917 = DIRECTION('',(-0.707106781187,0.707106781187,0.));
#7918 = ORIENTED_EDGE('',*,*,#7919,.T.);
#7919 = EDGE_CURVE('',#7912,#7920,#7922,.T.);
#7920 = VERTEX_POINT('',#7921);
#7921 = CARTESIAN_POINT('',(1.27,-3.556,2.54));
#7922 = LINE('',#7923,#7924);
#7923 = CARTESIAN_POINT('',(1.016,-3.81,2.54));
#7924 = VECTOR('',#7925,1.);
#7925 = DIRECTION('',(0.707106781187,0.707106781187,0.));
#7926 = ORIENTED_EDGE('',*,*,#7927,.T.);
#7927 = EDGE_CURVE('',#7920,#7928,#7930,.T.);
#7928 = VERTEX_POINT('',#7929);
#7929 = CARTESIAN_POINT('',(1.27,-1.524,2.54));
#7930 = LINE('',#7931,#7932);
#7931 = CARTESIAN_POINT('',(1.27,-3.556,2.54));
#7932 = VECTOR('',#7933,1.);
#7933 = DIRECTION('',(0.,1.,0.));
#7934 = ORIENTED_EDGE('',*,*,#7935,.T.);
#7935 = EDGE_CURVE('',#7928,#7936,#7938,.T.);
#7936 = VERTEX_POINT('',#7937);
#7937 = CARTESIAN_POINT('',(1.016,-1.27,2.54));
#7938 = LINE('',#7939,#7940);
#7939 = CARTESIAN_POINT('',(1.27,-1.524,2.54));
#7940 = VECTOR('',#7941,1.);
#7941 = DIRECTION('',(-0.707106781187,0.707106781187,0.));
#7942 = ORIENTED_EDGE('',*,*,#7943,.T.);
#7943 = EDGE_CURVE('',#7936,#7944,#7946,.T.);
#7944 = VERTEX_POINT('',#7945);
#7945 = CARTESIAN_POINT('',(1.27,-1.016,2.54));
#7946 = LINE('',#7947,#7948);
#7947 = CARTESIAN_POINT('',(1.016,-1.27,2.54));
#7948 = VECTOR('',#7949,1.);
#7949 = DIRECTION('',(0.707106781187,0.707106781187,0.));
#7950 = ORIENTED_EDGE('',*,*,#7951,.T.);
#7951 = EDGE_CURVE('',#7944,#7952,#7954,.T.);
#7952 = VERTEX_POINT('',#7953);
#7953 = CARTESIAN_POINT('',(1.27,1.016,2.54));
#7954 = LINE('',#7955,#7956);
#7955 = CARTESIAN_POINT('',(1.27,-1.016,2.54));
#7956 = VECTOR('',#7957,1.);
#7957 = DIRECTION('',(0.,1.,0.));
#7958 = ORIENTED_EDGE('',*,*,#7959,.T.);
#7959 = EDGE_CURVE('',#7952,#7523,#7960,.T.);
#7960 = LINE('',#7961,#7962);
#7961 = CARTESIAN_POINT('',(1.27,1.016,2.54));
#7962 = VECTOR('',#7963,1.);
#7963 = DIRECTION('',(-0.707106781187,0.707106781187,0.));
#7964 = ORIENTED_EDGE('',*,*,#7530,.T.);
#7965 = FACE_BOUND('',#7966,.T.);
#7966 = EDGE_LOOP('',(#7967,#7977,#7985,#7993));
#7967 = ORIENTED_EDGE('',*,*,#7968,.F.);
#7968 = EDGE_CURVE('',#7969,#7971,#7973,.T.);
#7969 = VERTEX_POINT('',#7970);
#7970 = CARTESIAN_POINT('',(0.32,-0.32,2.54));
#7971 = VERTEX_POINT('',#7972);
#7972 = CARTESIAN_POINT('',(0.32,0.32,2.54));
#7973 = LINE('',#7974,#7975);
#7974 = CARTESIAN_POINT('',(0.32,-1.43,2.54));
#7975 = VECTOR('',#7976,1.);
#7976 = DIRECTION('',(0.,1.,0.));
#7977 = ORIENTED_EDGE('',*,*,#7978,.T.);
#7978 = EDGE_CURVE('',#7969,#7979,#7981,.T.);
#7979 = VERTEX_POINT('',#7980);
#7980 = CARTESIAN_POINT('',(-0.32,-0.32,2.54));
#7981 = LINE('',#7982,#7983);
#7982 = CARTESIAN_POINT('',(-0.16,-0.32,2.54));
#7983 = VECTOR('',#7984,1.);
#7984 = DIRECTION('',(-1.,0.,0.));
#7985 = ORIENTED_EDGE('',*,*,#7986,.T.);
#7986 = EDGE_CURVE('',#7979,#7987,#7989,.T.);
#7987 = VERTEX_POINT('',#7988);
#7988 = CARTESIAN_POINT('',(-0.32,0.32,2.54));
#7989 = LINE('',#7990,#7991);
#7990 = CARTESIAN_POINT('',(-0.32,-1.43,2.54));
#7991 = VECTOR('',#7992,1.);
#7992 = DIRECTION('',(0.,1.,0.));
#7993 = ORIENTED_EDGE('',*,*,#7994,.F.);
#7994 = EDGE_CURVE('',#7971,#7987,#7995,.T.);
#7995 = LINE('',#7996,#7997);
#7996 = CARTESIAN_POINT('',(-0.16,0.32,2.54));
#7997 = VECTOR('',#7998,1.);
#7998 = DIRECTION('',(-1.,0.,0.));
#7999 = FACE_BOUND('',#8000,.T.);
#8000 = EDGE_LOOP('',(#8001,#8011,#8019,#8027));
#8001 = ORIENTED_EDGE('',*,*,#8002,.T.);
#8002 = EDGE_CURVE('',#8003,#8005,#8007,.T.);
#8003 = VERTEX_POINT('',#8004);
#8004 = CARTESIAN_POINT('',(0.32,-2.86,2.54));
#8005 = VERTEX_POINT('',#8006);
#8006 = CARTESIAN_POINT('',(-0.32,-2.86,2.54));
#8007 = LINE('',#8008,#8009);
#8008 = CARTESIAN_POINT('',(-0.16,-2.86,2.54));
#8009 = VECTOR('',#8010,1.);
#8010 = DIRECTION('',(-1.,0.,0.));
#8011 = ORIENTED_EDGE('',*,*,#8012,.T.);
#8012 = EDGE_CURVE('',#8005,#8013,#8015,.T.);
#8013 = VERTEX_POINT('',#8014);
#8014 = CARTESIAN_POINT('',(-0.32,-2.22,2.54));
#8015 = LINE('',#8016,#8017);
#8016 = CARTESIAN_POINT('',(-0.32,-2.7,2.54));
#8017 = VECTOR('',#8018,1.);
#8018 = DIRECTION('',(0.,1.,0.));
#8019 = ORIENTED_EDGE('',*,*,#8020,.F.);
#8020 = EDGE_CURVE('',#8021,#8013,#8023,.T.);
#8021 = VERTEX_POINT('',#8022);
#8022 = CARTESIAN_POINT('',(0.32,-2.22,2.54));
#8023 = LINE('',#8024,#8025);
#8024 = CARTESIAN_POINT('',(-0.16,-2.22,2.54));
#8025 = VECTOR('',#8026,1.);
#8026 = DIRECTION('',(-1.,0.,0.));
#8027 = ORIENTED_EDGE('',*,*,#8028,.F.);
#8028 = EDGE_CURVE('',#8003,#8021,#8029,.T.);
#8029 = LINE('',#8030,#8031);
#8030 = CARTESIAN_POINT('',(0.32,-2.7,2.54));
#8031 = VECTOR('',#8032,1.);
#8032 = DIRECTION('',(0.,1.,0.));
#8033 = FACE_BOUND('',#8034,.T.);
#8034 = EDGE_LOOP('',(#8035,#8045,#8053,#8061));
#8035 = ORIENTED_EDGE('',*,*,#8036,.F.);
#8036 = EDGE_CURVE('',#8037,#8039,#8041,.T.);
#8037 = VERTEX_POINT('',#8038);
#8038 = CARTESIAN_POINT('',(0.32,-4.76,2.54));
#8039 = VERTEX_POINT('',#8040);
#8040 = CARTESIAN_POINT('',(-0.32,-4.76,2.54));
#8041 = LINE('',#8042,#8043);
#8042 = CARTESIAN_POINT('',(-0.16,-4.76,2.54));
#8043 = VECTOR('',#8044,1.);
#8044 = DIRECTION('',(-1.,0.,0.));
#8045 = ORIENTED_EDGE('',*,*,#8046,.F.);
#8046 = EDGE_CURVE('',#8047,#8037,#8049,.T.);
#8047 = VERTEX_POINT('',#8048);
#8048 = CARTESIAN_POINT('',(0.32,-5.4,2.54));
#8049 = LINE('',#8050,#8051);
#8050 = CARTESIAN_POINT('',(0.32,-3.97,2.54));
#8051 = VECTOR('',#8052,1.);
#8052 = DIRECTION('',(0.,1.,0.));
#8053 = ORIENTED_EDGE('',*,*,#8054,.T.);
#8054 = EDGE_CURVE('',#8047,#8055,#8057,.T.);
#8055 = VERTEX_POINT('',#8056);
#8056 = CARTESIAN_POINT('',(-0.32,-5.4,2.54));
#8057 = LINE('',#8058,#8059);
#8058 = CARTESIAN_POINT('',(-0.16,-5.4,2.54));
#8059 = VECTOR('',#8060,1.);
#8060 = DIRECTION('',(-1.,0.,0.));
#8061 = ORIENTED_EDGE('',*,*,#8062,.T.);
#8062 = EDGE_CURVE('',#8055,#8039,#8063,.T.);
#8063 = LINE('',#8064,#8065);
#8064 = CARTESIAN_POINT('',(-0.32,-3.97,2.54));
#8065 = VECTOR('',#8066,1.);
#8066 = DIRECTION('',(0.,1.,0.));
#8067 = PLANE('',#8068);
#8068 = AXIS2_PLACEMENT_3D('',#8069,#8070,#8071);
#8069 = CARTESIAN_POINT('',(5.398204781459E-17,-2.54,2.54));
#8070 = DIRECTION('',(0.,0.,1.));
#8071 = DIRECTION('',(1.,0.,-0.));
#8072 = ADVANCED_FACE('',(#8073),#8084,.F.);
#8073 = FACE_BOUND('',#8074,.F.);
#8074 = EDGE_LOOP('',(#8075,#8081,#8082,#8083));
#8075 = ORIENTED_EDGE('',*,*,#8076,.T.);
#8076 = EDGE_CURVE('',#7705,#7952,#8077,.T.);
#8077 = LINE('',#8078,#8079);
#8078 = CARTESIAN_POINT('',(1.27,1.016,0.));
#8079 = VECTOR('',#8080,1.);
#8080 = DIRECTION('',(0.,0.,1.));
#8081 = ORIENTED_EDGE('',*,*,#7959,.T.);
#8082 = ORIENTED_EDGE('',*,*,#7520,.F.);
#8083 = ORIENTED_EDGE('',*,*,#7712,.F.);
#8084 = PLANE('',#8085);
#8085 = AXIS2_PLACEMENT_3D('',#8086,#8087,#8088);
#8086 = CARTESIAN_POINT('',(1.27,1.016,0.));
#8087 = DIRECTION('',(-0.707106781187,-0.707106781187,0.));
#8088 = DIRECTION('',(-0.707106781187,0.707106781187,0.));
#8089 = ADVANCED_FACE('',(#8090),#8101,.F.);
#8090 = FACE_BOUND('',#8091,.F.);
#8091 = EDGE_LOOP('',(#8092,#8093,#8094,#8100));
#8092 = ORIENTED_EDGE('',*,*,#7560,.T.);
#8093 = ORIENTED_EDGE('',*,*,#7831,.T.);
#8094 = ORIENTED_EDGE('',*,*,#8095,.F.);
#8095 = EDGE_CURVE('',#7585,#7832,#8096,.T.);
#8096 = LINE('',#8097,#8098);
#8097 = CARTESIAN_POINT('',(-1.016,-1.27,0.));
#8098 = VECTOR('',#8099,1.);
#8099 = DIRECTION('',(0.,0.,1.));
#8100 = ORIENTED_EDGE('',*,*,#7584,.F.);
#8101 = PLANE('',#8102);
#8102 = AXIS2_PLACEMENT_3D('',#8103,#8104,#8105);
#8103 = CARTESIAN_POINT('',(-1.27,-1.016,0.));
#8104 = DIRECTION('',(0.707106781187,0.707106781187,0.));
#8105 = DIRECTION('',(0.707106781187,-0.707106781187,0.));
#8106 = ADVANCED_FACE('',(#8107),#8118,.F.);
#8107 = FACE_BOUND('',#8108,.F.);
#8108 = EDGE_LOOP('',(#8109,#8115,#8116,#8117));
#8109 = ORIENTED_EDGE('',*,*,#8110,.T.);
#8110 = EDGE_CURVE('',#7697,#7944,#8111,.T.);
#8111 = LINE('',#8112,#8113);
#8112 = CARTESIAN_POINT('',(1.27,-1.016,0.));
#8113 = VECTOR('',#8114,1.);
#8114 = DIRECTION('',(0.,0.,1.));
#8115 = ORIENTED_EDGE('',*,*,#7951,.T.);
#8116 = ORIENTED_EDGE('',*,*,#8076,.F.);
#8117 = ORIENTED_EDGE('',*,*,#7704,.F.);
#8118 = PLANE('',#8119);
#8119 = AXIS2_PLACEMENT_3D('',#8120,#8121,#8122);
#8120 = CARTESIAN_POINT('',(1.27,-1.016,0.));
#8121 = DIRECTION('',(-1.,0.,0.));
#8122 = DIRECTION('',(0.,1.,0.));
#8123 = ADVANCED_FACE('',(#8124),#8135,.F.);
#8124 = FACE_BOUND('',#8125,.F.);
#8125 = EDGE_LOOP('',(#8126,#8127,#8128,#8134));
#8126 = ORIENTED_EDGE('',*,*,#8095,.T.);
#8127 = ORIENTED_EDGE('',*,*,#7839,.T.);
#8128 = ORIENTED_EDGE('',*,*,#8129,.F.);
#8129 = EDGE_CURVE('',#7593,#7840,#8130,.T.);
#8130 = LINE('',#8131,#8132);
#8131 = CARTESIAN_POINT('',(-1.27,-1.524,0.));
#8132 = VECTOR('',#8133,1.);
#8133 = DIRECTION('',(0.,0.,1.));
#8134 = ORIENTED_EDGE('',*,*,#7592,.F.);
#8135 = PLANE('',#8136);
#8136 = AXIS2_PLACEMENT_3D('',#8137,#8138,#8139);
#8137 = CARTESIAN_POINT('',(-1.016,-1.27,0.));
#8138 = DIRECTION('',(0.707106781187,-0.707106781187,0.));
#8139 = DIRECTION('',(-0.707106781187,-0.707106781187,0.));
#8140 = ADVANCED_FACE('',(#8141),#8152,.F.);
#8141 = FACE_BOUND('',#8142,.F.);
#8142 = EDGE_LOOP('',(#8143,#8149,#8150,#8151));
#8143 = ORIENTED_EDGE('',*,*,#8144,.T.);
#8144 = EDGE_CURVE('',#7689,#7936,#8145,.T.);
#8145 = LINE('',#8146,#8147);
#8146 = CARTESIAN_POINT('',(1.016,-1.27,0.));
#8147 = VECTOR('',#8148,1.);
#8148 = DIRECTION('',(0.,0.,1.));
#8149 = ORIENTED_EDGE('',*,*,#7943,.T.);
#8150 = ORIENTED_EDGE('',*,*,#8110,.F.);
#8151 = ORIENTED_EDGE('',*,*,#7696,.F.);
#8152 = PLANE('',#8153);
#8153 = AXIS2_PLACEMENT_3D('',#8154,#8155,#8156);
#8154 = CARTESIAN_POINT('',(1.016,-1.27,0.));
#8155 = DIRECTION('',(-0.707106781187,0.707106781187,0.));
#8156 = DIRECTION('',(0.707106781187,0.707106781187,0.));
#8157 = ADVANCED_FACE('',(#8158),#8169,.F.);
#8158 = FACE_BOUND('',#8159,.F.);
#8159 = EDGE_LOOP('',(#8160,#8161,#8162,#8168));
#8160 = ORIENTED_EDGE('',*,*,#8129,.T.);
#8161 = ORIENTED_EDGE('',*,*,#7847,.T.);
#8162 = ORIENTED_EDGE('',*,*,#8163,.F.);
#8163 = EDGE_CURVE('',#7601,#7848,#8164,.T.);
#8164 = LINE('',#8165,#8166);
#8165 = CARTESIAN_POINT('',(-1.27,-3.556,0.));
#8166 = VECTOR('',#8167,1.);
#8167 = DIRECTION('',(0.,0.,1.));
#8168 = ORIENTED_EDGE('',*,*,#7600,.F.);
#8169 = PLANE('',#8170);
#8170 = AXIS2_PLACEMENT_3D('',#8171,#8172,#8173);
#8171 = CARTESIAN_POINT('',(-1.27,-1.524,0.));
#8172 = DIRECTION('',(1.,0.,0.));
#8173 = DIRECTION('',(0.,-1.,0.));
#8174 = ADVANCED_FACE('',(#8175),#8186,.F.);
#8175 = FACE_BOUND('',#8176,.F.);
#8176 = EDGE_LOOP('',(#8177,#8183,#8184,#8185));
#8177 = ORIENTED_EDGE('',*,*,#8178,.T.);
#8178 = EDGE_CURVE('',#7681,#7928,#8179,.T.);
#8179 = LINE('',#8180,#8181);
#8180 = CARTESIAN_POINT('',(1.27,-1.524,0.));
#8181 = VECTOR('',#8182,1.);
#8182 = DIRECTION('',(0.,0.,1.));
#8183 = ORIENTED_EDGE('',*,*,#7935,.T.);
#8184 = ORIENTED_EDGE('',*,*,#8144,.F.);
#8185 = ORIENTED_EDGE('',*,*,#7688,.F.);
#8186 = PLANE('',#8187);
#8187 = AXIS2_PLACEMENT_3D('',#8188,#8189,#8190);
#8188 = CARTESIAN_POINT('',(1.27,-1.524,0.));
#8189 = DIRECTION('',(-0.707106781187,-0.707106781187,0.));
#8190 = DIRECTION('',(-0.707106781187,0.707106781187,0.));
#8191 = ADVANCED_FACE('',(#8192),#8203,.F.);
#8192 = FACE_BOUND('',#8193,.F.);
#8193 = EDGE_LOOP('',(#8194,#8195,#8196,#8202));
#8194 = ORIENTED_EDGE('',*,*,#8163,.T.);
#8195 = ORIENTED_EDGE('',*,*,#7855,.T.);
#8196 = ORIENTED_EDGE('',*,*,#8197,.F.);
#8197 = EDGE_CURVE('',#7609,#7856,#8198,.T.);
#8198 = LINE('',#8199,#8200);
#8199 = CARTESIAN_POINT('',(-1.016,-3.81,0.));
#8200 = VECTOR('',#8201,1.);
#8201 = DIRECTION('',(0.,0.,1.));
#8202 = ORIENTED_EDGE('',*,*,#7608,.F.);
#8203 = PLANE('',#8204);
#8204 = AXIS2_PLACEMENT_3D('',#8205,#8206,#8207);
#8205 = CARTESIAN_POINT('',(-1.27,-3.556,0.));
#8206 = DIRECTION('',(0.707106781187,0.707106781187,0.));
#8207 = DIRECTION('',(0.707106781187,-0.707106781187,0.));
#8208 = ADVANCED_FACE('',(#8209),#8220,.F.);
#8209 = FACE_BOUND('',#8210,.F.);
#8210 = EDGE_LOOP('',(#8211,#8217,#8218,#8219));
#8211 = ORIENTED_EDGE('',*,*,#8212,.T.);
#8212 = EDGE_CURVE('',#7673,#7920,#8213,.T.);
#8213 = LINE('',#8214,#8215);
#8214 = CARTESIAN_POINT('',(1.27,-3.556,0.));
#8215 = VECTOR('',#8216,1.);
#8216 = DIRECTION('',(0.,0.,1.));
#8217 = ORIENTED_EDGE('',*,*,#7927,.T.);
#8218 = ORIENTED_EDGE('',*,*,#8178,.F.);
#8219 = ORIENTED_EDGE('',*,*,#7680,.F.);
#8220 = PLANE('',#8221);
#8221 = AXIS2_PLACEMENT_3D('',#8222,#8223,#8224);
#8222 = CARTESIAN_POINT('',(1.27,-3.556,0.));
#8223 = DIRECTION('',(-1.,0.,0.));
#8224 = DIRECTION('',(0.,1.,0.));
#8225 = ADVANCED_FACE('',(#8226),#8237,.F.);
#8226 = FACE_BOUND('',#8227,.F.);
#8227 = EDGE_LOOP('',(#8228,#8229,#8230,#8236));
#8228 = ORIENTED_EDGE('',*,*,#8197,.T.);
#8229 = ORIENTED_EDGE('',*,*,#7863,.T.);
#8230 = ORIENTED_EDGE('',*,*,#8231,.F.);
#8231 = EDGE_CURVE('',#7617,#7864,#8232,.T.);
#8232 = LINE('',#8233,#8234);
#8233 = CARTESIAN_POINT('',(-1.27,-4.064,0.));
#8234 = VECTOR('',#8235,1.);
#8235 = DIRECTION('',(0.,0.,1.));
#8236 = ORIENTED_EDGE('',*,*,#7616,.F.);
#8237 = PLANE('',#8238);
#8238 = AXIS2_PLACEMENT_3D('',#8239,#8240,#8241);
#8239 = CARTESIAN_POINT('',(-1.016,-3.81,0.));
#8240 = DIRECTION('',(0.707106781187,-0.707106781187,0.));
#8241 = DIRECTION('',(-0.707106781187,-0.707106781187,0.));
#8242 = ADVANCED_FACE('',(#8243),#8254,.F.);
#8243 = FACE_BOUND('',#8244,.F.);
#8244 = EDGE_LOOP('',(#8245,#8251,#8252,#8253));
#8245 = ORIENTED_EDGE('',*,*,#8246,.T.);
#8246 = EDGE_CURVE('',#7665,#7912,#8247,.T.);
#8247 = LINE('',#8248,#8249);
#8248 = CARTESIAN_POINT('',(1.016,-3.81,0.));
#8249 = VECTOR('',#8250,1.);
#8250 = DIRECTION('',(0.,0.,1.));
#8251 = ORIENTED_EDGE('',*,*,#7919,.T.);
#8252 = ORIENTED_EDGE('',*,*,#8212,.F.);
#8253 = ORIENTED_EDGE('',*,*,#7672,.F.);
#8254 = PLANE('',#8255);
#8255 = AXIS2_PLACEMENT_3D('',#8256,#8257,#8258);
#8256 = CARTESIAN_POINT('',(1.016,-3.81,0.));
#8257 = DIRECTION('',(-0.707106781187,0.707106781187,0.));
#8258 = DIRECTION('',(0.707106781187,0.707106781187,0.));
#8259 = ADVANCED_FACE('',(#8260),#8271,.F.);
#8260 = FACE_BOUND('',#8261,.F.);
#8261 = EDGE_LOOP('',(#8262,#8263,#8264,#8270));
#8262 = ORIENTED_EDGE('',*,*,#8231,.T.);
#8263 = ORIENTED_EDGE('',*,*,#7871,.T.);
#8264 = ORIENTED_EDGE('',*,*,#8265,.F.);
#8265 = EDGE_CURVE('',#7625,#7872,#8266,.T.);
#8266 = LINE('',#8267,#8268);
#8267 = CARTESIAN_POINT('',(-1.27,-6.096,0.));
#8268 = VECTOR('',#8269,1.);
#8269 = DIRECTION('',(0.,0.,1.));
#8270 = ORIENTED_EDGE('',*,*,#7624,.F.);
#8271 = PLANE('',#8272);
#8272 = AXIS2_PLACEMENT_3D('',#8273,#8274,#8275);
#8273 = CARTESIAN_POINT('',(-1.27,-4.064,0.));
#8274 = DIRECTION('',(1.,0.,0.));
#8275 = DIRECTION('',(0.,-1.,0.));
#8276 = ADVANCED_FACE('',(#8277),#8288,.F.);
#8277 = FACE_BOUND('',#8278,.F.);
#8278 = EDGE_LOOP('',(#8279,#8285,#8286,#8287));
#8279 = ORIENTED_EDGE('',*,*,#8280,.T.);
#8280 = EDGE_CURVE('',#7657,#7904,#8281,.T.);
#8281 = LINE('',#8282,#8283);
#8282 = CARTESIAN_POINT('',(1.27,-4.064,0.));
#8283 = VECTOR('',#8284,1.);
#8284 = DIRECTION('',(0.,0.,1.));
#8285 = ORIENTED_EDGE('',*,*,#7911,.T.);
#8286 = ORIENTED_EDGE('',*,*,#8246,.F.);
#8287 = ORIENTED_EDGE('',*,*,#7664,.F.);
#8288 = PLANE('',#8289);
#8289 = AXIS2_PLACEMENT_3D('',#8290,#8291,#8292);
#8290 = CARTESIAN_POINT('',(1.27,-4.064,0.));
#8291 = DIRECTION('',(-0.707106781187,-0.707106781187,0.));
#8292 = DIRECTION('',(-0.707106781187,0.707106781187,0.));
#8293 = ADVANCED_FACE('',(#8294),#8305,.F.);
#8294 = FACE_BOUND('',#8295,.F.);
#8295 = EDGE_LOOP('',(#8296,#8297,#8298,#8304));
#8296 = ORIENTED_EDGE('',*,*,#8265,.T.);
#8297 = ORIENTED_EDGE('',*,*,#7879,.T.);
#8298 = ORIENTED_EDGE('',*,*,#8299,.F.);
#8299 = EDGE_CURVE('',#7633,#7880,#8300,.T.);
#8300 = LINE('',#8301,#8302);
#8301 = CARTESIAN_POINT('',(-1.016,-6.35,0.));
#8302 = VECTOR('',#8303,1.);
#8303 = DIRECTION('',(0.,0.,1.));
#8304 = ORIENTED_EDGE('',*,*,#7632,.F.);
#8305 = PLANE('',#8306);
#8306 = AXIS2_PLACEMENT_3D('',#8307,#8308,#8309);
#8307 = CARTESIAN_POINT('',(-1.27,-6.096,0.));
#8308 = DIRECTION('',(0.707106781187,0.707106781187,0.));
#8309 = DIRECTION('',(0.707106781187,-0.707106781187,0.));
#8310 = ADVANCED_FACE('',(#8311),#8322,.F.);
#8311 = FACE_BOUND('',#8312,.F.);
#8312 = EDGE_LOOP('',(#8313,#8319,#8320,#8321));
#8313 = ORIENTED_EDGE('',*,*,#8314,.T.);
#8314 = EDGE_CURVE('',#7649,#7896,#8315,.T.);
#8315 = LINE('',#8316,#8317);
#8316 = CARTESIAN_POINT('',(1.27,-6.096,0.));
#8317 = VECTOR('',#8318,1.);
#8318 = DIRECTION('',(0.,0.,1.));
#8319 = ORIENTED_EDGE('',*,*,#7903,.T.);
#8320 = ORIENTED_EDGE('',*,*,#8280,.F.);
#8321 = ORIENTED_EDGE('',*,*,#7656,.F.);
#8322 = PLANE('',#8323);
#8323 = AXIS2_PLACEMENT_3D('',#8324,#8325,#8326);
#8324 = CARTESIAN_POINT('',(1.27,-6.096,0.));
#8325 = DIRECTION('',(-1.,0.,0.));
#8326 = DIRECTION('',(0.,1.,0.));
#8327 = ADVANCED_FACE('',(#8328),#8339,.F.);
#8328 = FACE_BOUND('',#8329,.F.);
#8329 = EDGE_LOOP('',(#8330,#8331,#8332,#8338));
#8330 = ORIENTED_EDGE('',*,*,#8299,.T.);
#8331 = ORIENTED_EDGE('',*,*,#7887,.T.);
#8332 = ORIENTED_EDGE('',*,*,#8333,.F.);
#8333 = EDGE_CURVE('',#7641,#7888,#8334,.T.);
#8334 = LINE('',#8335,#8336);
#8335 = CARTESIAN_POINT('',(1.016,-6.35,0.));
#8336 = VECTOR('',#8337,1.);
#8337 = DIRECTION('',(0.,0.,1.));
#8338 = ORIENTED_EDGE('',*,*,#7640,.F.);
#8339 = PLANE('',#8340);
#8340 = AXIS2_PLACEMENT_3D('',#8341,#8342,#8343);
#8341 = CARTESIAN_POINT('',(-1.016,-6.35,0.));
#8342 = DIRECTION('',(0.,1.,0.));
#8343 = DIRECTION('',(1.,0.,0.));
#8344 = ADVANCED_FACE('',(#8345),#8351,.F.);
#8345 = FACE_BOUND('',#8346,.F.);
#8346 = EDGE_LOOP('',(#8347,#8348,#8349,#8350));
#8347 = ORIENTED_EDGE('',*,*,#8333,.T.);
#8348 = ORIENTED_EDGE('',*,*,#7895,.T.);
#8349 = ORIENTED_EDGE('',*,*,#8314,.F.);
#8350 = ORIENTED_EDGE('',*,*,#7648,.F.);
#8351 = PLANE('',#8352);
#8352 = AXIS2_PLACEMENT_3D('',#8353,#8354,#8355);
#8353 = CARTESIAN_POINT('',(1.016,-6.35,0.));
#8354 = DIRECTION('',(-0.707106781187,0.707106781187,0.));
#8355 = DIRECTION('',(0.707106781187,0.707106781187,0.));
#8356 = ADVANCED_FACE('',(#8357),#8382,.T.);
#8357 = FACE_BOUND('',#8358,.T.);
#8358 = EDGE_LOOP('',(#8359,#8367,#8375,#8381));
#8359 = ORIENTED_EDGE('',*,*,#8360,.F.);
#8360 = EDGE_CURVE('',#8361,#7722,#8363,.T.);
#8361 = VERTEX_POINT('',#8362);
#8362 = CARTESIAN_POINT('',(0.32,-0.32,-2.84));
#8363 = LINE('',#8364,#8365);
#8364 = CARTESIAN_POINT('',(0.32,-0.32,-3.));
#8365 = VECTOR('',#8366,1.);
#8366 = DIRECTION('',(0.,0.,1.));
#8367 = ORIENTED_EDGE('',*,*,#8368,.T.);
#8368 = EDGE_CURVE('',#8361,#8369,#8371,.T.);
#8369 = VERTEX_POINT('',#8370);
#8370 = CARTESIAN_POINT('',(0.32,0.32,-2.84));
#8371 = LINE('',#8372,#8373);
#8372 = CARTESIAN_POINT('',(0.32,-0.32,-2.84));
#8373 = VECTOR('',#8374,1.);
#8374 = DIRECTION('',(0.,1.,0.));
#8375 = ORIENTED_EDGE('',*,*,#8376,.T.);
#8376 = EDGE_CURVE('',#8369,#7724,#8377,.T.);
#8377 = LINE('',#8378,#8379);
#8378 = CARTESIAN_POINT('',(0.32,0.32,-3.));
#8379 = VECTOR('',#8380,1.);
#8380 = DIRECTION('',(0.,0.,1.));
#8381 = ORIENTED_EDGE('',*,*,#7721,.F.);
#8382 = PLANE('',#8383);
#8383 = AXIS2_PLACEMENT_3D('',#8384,#8385,#8386);
#8384 = CARTESIAN_POINT('',(0.32,-0.32,-3.));
#8385 = DIRECTION('',(1.,0.,0.));
#8386 = DIRECTION('',(0.,0.,1.));
#8387 = ADVANCED_FACE('',(#8388),#8406,.T.);
#8388 = FACE_BOUND('',#8389,.T.);
#8389 = EDGE_LOOP('',(#8390,#8391,#8399,#8405));
#8390 = ORIENTED_EDGE('',*,*,#8376,.F.);
#8391 = ORIENTED_EDGE('',*,*,#8392,.F.);
#8392 = EDGE_CURVE('',#8393,#8369,#8395,.T.);
#8393 = VERTEX_POINT('',#8394);
#8394 = CARTESIAN_POINT('',(-0.32,0.32,-2.84));
#8395 = LINE('',#8396,#8397);
#8396 = CARTESIAN_POINT('',(-0.32,0.32,-2.84));
#8397 = VECTOR('',#8398,1.);
#8398 = DIRECTION('',(1.,0.,0.));
#8399 = ORIENTED_EDGE('',*,*,#8400,.T.);
#8400 = EDGE_CURVE('',#8393,#7740,#8401,.T.);
#8401 = LINE('',#8402,#8403);
#8402 = CARTESIAN_POINT('',(-0.32,0.32,-3.));
#8403 = VECTOR('',#8404,1.);
#8404 = DIRECTION('',(0.,0.,1.));
#8405 = ORIENTED_EDGE('',*,*,#7747,.F.);
#8406 = PLANE('',#8407);
#8407 = AXIS2_PLACEMENT_3D('',#8408,#8409,#8410);
#8408 = CARTESIAN_POINT('',(-0.32,0.32,-3.));
#8409 = DIRECTION('',(0.,1.,0.));
#8410 = DIRECTION('',(0.,-0.,1.));
#8411 = ADVANCED_FACE('',(#8412),#8430,.F.);
#8412 = FACE_BOUND('',#8413,.F.);
#8413 = EDGE_LOOP('',(#8414,#8422,#8428,#8429));
#8414 = ORIENTED_EDGE('',*,*,#8415,.F.);
#8415 = EDGE_CURVE('',#8416,#7732,#8418,.T.);
#8416 = VERTEX_POINT('',#8417);
#8417 = CARTESIAN_POINT('',(-0.32,-0.32,-2.84));
#8418 = LINE('',#8419,#8420);
#8419 = CARTESIAN_POINT('',(-0.32,-0.32,-3.));
#8420 = VECTOR('',#8421,1.);
#8421 = DIRECTION('',(0.,0.,1.));
#8422 = ORIENTED_EDGE('',*,*,#8423,.T.);
#8423 = EDGE_CURVE('',#8416,#8393,#8424,.T.);
#8424 = LINE('',#8425,#8426);
#8425 = CARTESIAN_POINT('',(-0.32,-0.32,-2.84));
#8426 = VECTOR('',#8427,1.);
#8427 = DIRECTION('',(0.,1.,0.));
#8428 = ORIENTED_EDGE('',*,*,#8400,.T.);
#8429 = ORIENTED_EDGE('',*,*,#7739,.F.);
#8430 = PLANE('',#8431);
#8431 = AXIS2_PLACEMENT_3D('',#8432,#8433,#8434);
#8432 = CARTESIAN_POINT('',(-0.32,-0.32,-3.));
#8433 = DIRECTION('',(1.,0.,0.));
#8434 = DIRECTION('',(0.,0.,1.));
#8435 = ADVANCED_FACE('',(#8436),#8447,.F.);
#8436 = FACE_BOUND('',#8437,.F.);
#8437 = EDGE_LOOP('',(#8438,#8439,#8445,#8446));
#8438 = ORIENTED_EDGE('',*,*,#8360,.F.);
#8439 = ORIENTED_EDGE('',*,*,#8440,.F.);
#8440 = EDGE_CURVE('',#8416,#8361,#8441,.T.);
#8441 = LINE('',#8442,#8443);
#8442 = CARTESIAN_POINT('',(-0.32,-0.32,-2.84));
#8443 = VECTOR('',#8444,1.);
#8444 = DIRECTION('',(1.,0.,0.));
#8445 = ORIENTED_EDGE('',*,*,#8415,.T.);
#8446 = ORIENTED_EDGE('',*,*,#7731,.F.);
#8447 = PLANE('',#8448);
#8448 = AXIS2_PLACEMENT_3D('',#8449,#8450,#8451);
#8449 = CARTESIAN_POINT('',(-0.32,-0.32,-3.));
#8450 = DIRECTION('',(0.,1.,0.));
#8451 = DIRECTION('',(0.,-0.,1.));
#8452 = ADVANCED_FACE('',(#8453),#8478,.F.);
#8453 = FACE_BOUND('',#8454,.F.);
#8454 = EDGE_LOOP('',(#8455,#8463,#8471,#8477));
#8455 = ORIENTED_EDGE('',*,*,#8456,.F.);
#8456 = EDGE_CURVE('',#8457,#7756,#8459,.T.);
#8457 = VERTEX_POINT('',#8458);
#8458 = CARTESIAN_POINT('',(0.32,-2.86,-2.84));
#8459 = LINE('',#8460,#8461);
#8460 = CARTESIAN_POINT('',(0.32,-2.86,-3.));
#8461 = VECTOR('',#8462,1.);
#8462 = DIRECTION('',(0.,0.,1.));
#8463 = ORIENTED_EDGE('',*,*,#8464,.F.);
#8464 = EDGE_CURVE('',#8465,#8457,#8467,.T.);
#8465 = VERTEX_POINT('',#8466);
#8466 = CARTESIAN_POINT('',(-0.32,-2.86,-2.84));
#8467 = LINE('',#8468,#8469);
#8468 = CARTESIAN_POINT('',(-0.32,-2.86,-2.84));
#8469 = VECTOR('',#8470,1.);
#8470 = DIRECTION('',(1.,0.,0.));
#8471 = ORIENTED_EDGE('',*,*,#8472,.T.);
#8472 = EDGE_CURVE('',#8465,#7758,#8473,.T.);
#8473 = LINE('',#8474,#8475);
#8474 = CARTESIAN_POINT('',(-0.32,-2.86,-3.));
#8475 = VECTOR('',#8476,1.);
#8476 = DIRECTION('',(0.,0.,1.));
#8477 = ORIENTED_EDGE('',*,*,#7755,.F.);
#8478 = PLANE('',#8479);
#8479 = AXIS2_PLACEMENT_3D('',#8480,#8481,#8482);
#8480 = CARTESIAN_POINT('',(-0.32,-2.86,-3.));
#8481 = DIRECTION('',(0.,1.,0.));
#8482 = DIRECTION('',(0.,-0.,1.));
#8483 = ADVANCED_FACE('',(#8484),#8502,.T.);
#8484 = FACE_BOUND('',#8485,.T.);
#8485 = EDGE_LOOP('',(#8486,#8487,#8495,#8501));
#8486 = ORIENTED_EDGE('',*,*,#8456,.F.);
#8487 = ORIENTED_EDGE('',*,*,#8488,.T.);
#8488 = EDGE_CURVE('',#8457,#8489,#8491,.T.);
#8489 = VERTEX_POINT('',#8490);
#8490 = CARTESIAN_POINT('',(0.32,-2.22,-2.84));
#8491 = LINE('',#8492,#8493);
#8492 = CARTESIAN_POINT('',(0.32,-2.86,-2.84));
#8493 = VECTOR('',#8494,1.);
#8494 = DIRECTION('',(0.,1.,0.));
#8495 = ORIENTED_EDGE('',*,*,#8496,.T.);
#8496 = EDGE_CURVE('',#8489,#7774,#8497,.T.);
#8497 = LINE('',#8498,#8499);
#8498 = CARTESIAN_POINT('',(0.32,-2.22,-3.));
#8499 = VECTOR('',#8500,1.);
#8500 = DIRECTION('',(0.,0.,1.));
#8501 = ORIENTED_EDGE('',*,*,#7781,.F.);
#8502 = PLANE('',#8503);
#8503 = AXIS2_PLACEMENT_3D('',#8504,#8505,#8506);
#8504 = CARTESIAN_POINT('',(0.32,-2.86,-3.));
#8505 = DIRECTION('',(1.,0.,0.));
#8506 = DIRECTION('',(0.,0.,1.));
#8507 = ADVANCED_FACE('',(#8508),#8526,.T.);
#8508 = FACE_BOUND('',#8509,.T.);
#8509 = EDGE_LOOP('',(#8510,#8511,#8519,#8525));
#8510 = ORIENTED_EDGE('',*,*,#8496,.F.);
#8511 = ORIENTED_EDGE('',*,*,#8512,.F.);
#8512 = EDGE_CURVE('',#8513,#8489,#8515,.T.);
#8513 = VERTEX_POINT('',#8514);
#8514 = CARTESIAN_POINT('',(-0.32,-2.22,-2.84));
#8515 = LINE('',#8516,#8517);
#8516 = CARTESIAN_POINT('',(-0.32,-2.22,-2.84));
#8517 = VECTOR('',#8518,1.);
#8518 = DIRECTION('',(1.,0.,0.));
#8519 = ORIENTED_EDGE('',*,*,#8520,.T.);
#8520 = EDGE_CURVE('',#8513,#7766,#8521,.T.);
#8521 = LINE('',#8522,#8523);
#8522 = CARTESIAN_POINT('',(-0.32,-2.22,-3.));
#8523 = VECTOR('',#8524,1.);
#8524 = DIRECTION('',(0.,0.,1.));
#8525 = ORIENTED_EDGE('',*,*,#7773,.F.);
#8526 = PLANE('',#8527);
#8527 = AXIS2_PLACEMENT_3D('',#8528,#8529,#8530);
#8528 = CARTESIAN_POINT('',(-0.32,-2.22,-3.));
#8529 = DIRECTION('',(0.,1.,0.));
#8530 = DIRECTION('',(0.,-0.,1.));
#8531 = ADVANCED_FACE('',(#8532),#8543,.F.);
#8532 = FACE_BOUND('',#8533,.F.);
#8533 = EDGE_LOOP('',(#8534,#8535,#8541,#8542));
#8534 = ORIENTED_EDGE('',*,*,#8472,.F.);
#8535 = ORIENTED_EDGE('',*,*,#8536,.T.);
#8536 = EDGE_CURVE('',#8465,#8513,#8537,.T.);
#8537 = LINE('',#8538,#8539);
#8538 = CARTESIAN_POINT('',(-0.32,-2.86,-2.84));
#8539 = VECTOR('',#8540,1.);
#8540 = DIRECTION('',(0.,1.,0.));
#8541 = ORIENTED_EDGE('',*,*,#8520,.T.);
#8542 = ORIENTED_EDGE('',*,*,#7765,.F.);
#8543 = PLANE('',#8544);
#8544 = AXIS2_PLACEMENT_3D('',#8545,#8546,#8547);
#8545 = CARTESIAN_POINT('',(-0.32,-2.86,-3.));
#8546 = DIRECTION('',(1.,0.,0.));
#8547 = DIRECTION('',(0.,0.,1.));
#8548 = ADVANCED_FACE('',(#8549),#8574,.T.);
#8549 = FACE_BOUND('',#8550,.T.);
#8550 = EDGE_LOOP('',(#8551,#8559,#8567,#8573));
#8551 = ORIENTED_EDGE('',*,*,#8552,.F.);
#8552 = EDGE_CURVE('',#8553,#7790,#8555,.T.);
#8553 = VERTEX_POINT('',#8554);
#8554 = CARTESIAN_POINT('',(0.32,-4.76,-2.84));
#8555 = LINE('',#8556,#8557);
#8556 = CARTESIAN_POINT('',(0.32,-4.76,-3.));
#8557 = VECTOR('',#8558,1.);
#8558 = DIRECTION('',(0.,0.,1.));
#8559 = ORIENTED_EDGE('',*,*,#8560,.F.);
#8560 = EDGE_CURVE('',#8561,#8553,#8563,.T.);
#8561 = VERTEX_POINT('',#8562);
#8562 = CARTESIAN_POINT('',(-0.32,-4.76,-2.84));
#8563 = LINE('',#8564,#8565);
#8564 = CARTESIAN_POINT('',(-0.32,-4.76,-2.84));
#8565 = VECTOR('',#8566,1.);
#8566 = DIRECTION('',(1.,0.,0.));
#8567 = ORIENTED_EDGE('',*,*,#8568,.T.);
#8568 = EDGE_CURVE('',#8561,#7792,#8569,.T.);
#8569 = LINE('',#8570,#8571);
#8570 = CARTESIAN_POINT('',(-0.32,-4.76,-3.));
#8571 = VECTOR('',#8572,1.);
#8572 = DIRECTION('',(0.,0.,1.));
#8573 = ORIENTED_EDGE('',*,*,#7789,.F.);
#8574 = PLANE('',#8575);
#8575 = AXIS2_PLACEMENT_3D('',#8576,#8577,#8578);
#8576 = CARTESIAN_POINT('',(-0.32,-4.76,-3.));
#8577 = DIRECTION('',(0.,1.,0.));
#8578 = DIRECTION('',(0.,-0.,1.));
#8579 = ADVANCED_FACE('',(#8580),#8598,.F.);
#8580 = FACE_BOUND('',#8581,.F.);
#8581 = EDGE_LOOP('',(#8582,#8590,#8596,#8597));
#8582 = ORIENTED_EDGE('',*,*,#8583,.F.);
#8583 = EDGE_CURVE('',#8584,#7808,#8586,.T.);
#8584 = VERTEX_POINT('',#8585);
#8585 = CARTESIAN_POINT('',(-0.32,-5.4,-2.84));
#8586 = LINE('',#8587,#8588);
#8587 = CARTESIAN_POINT('',(-0.32,-5.4,-3.));
#8588 = VECTOR('',#8589,1.);
#8589 = DIRECTION('',(0.,0.,1.));
#8590 = ORIENTED_EDGE('',*,*,#8591,.T.);
#8591 = EDGE_CURVE('',#8584,#8561,#8592,.T.);
#8592 = LINE('',#8593,#8594);
#8593 = CARTESIAN_POINT('',(-0.32,-5.4,-2.84));
#8594 = VECTOR('',#8595,1.);
#8595 = DIRECTION('',(0.,1.,0.));
#8596 = ORIENTED_EDGE('',*,*,#8568,.T.);
#8597 = ORIENTED_EDGE('',*,*,#7815,.F.);
#8598 = PLANE('',#8599);
#8599 = AXIS2_PLACEMENT_3D('',#8600,#8601,#8602);
#8600 = CARTESIAN_POINT('',(-0.32,-5.4,-3.));
#8601 = DIRECTION('',(1.,0.,0.));
#8602 = DIRECTION('',(0.,0.,1.));
#8603 = ADVANCED_FACE('',(#8604),#8622,.F.);
#8604 = FACE_BOUND('',#8605,.F.);
#8605 = EDGE_LOOP('',(#8606,#8614,#8620,#8621));
#8606 = ORIENTED_EDGE('',*,*,#8607,.F.);
#8607 = EDGE_CURVE('',#8608,#7800,#8610,.T.);
#8608 = VERTEX_POINT('',#8609);
#8609 = CARTESIAN_POINT('',(0.32,-5.4,-2.84));
#8610 = LINE('',#8611,#8612);
#8611 = CARTESIAN_POINT('',(0.32,-5.4,-3.));
#8612 = VECTOR('',#8613,1.);
#8613 = DIRECTION('',(0.,0.,1.));
#8614 = ORIENTED_EDGE('',*,*,#8615,.F.);
#8615 = EDGE_CURVE('',#8584,#8608,#8616,.T.);
#8616 = LINE('',#8617,#8618);
#8617 = CARTESIAN_POINT('',(-0.32,-5.4,-2.84));
#8618 = VECTOR('',#8619,1.);
#8619 = DIRECTION('',(1.,0.,0.));
#8620 = ORIENTED_EDGE('',*,*,#8583,.T.);
#8621 = ORIENTED_EDGE('',*,*,#7807,.F.);
#8622 = PLANE('',#8623);
#8623 = AXIS2_PLACEMENT_3D('',#8624,#8625,#8626);
#8624 = CARTESIAN_POINT('',(-0.32,-5.4,-3.));
#8625 = DIRECTION('',(0.,1.,0.));
#8626 = DIRECTION('',(0.,-0.,1.));
#8627 = ADVANCED_FACE('',(#8628),#8639,.T.);
#8628 = FACE_BOUND('',#8629,.T.);
#8629 = EDGE_LOOP('',(#8630,#8631,#8637,#8638));
#8630 = ORIENTED_EDGE('',*,*,#8607,.F.);
#8631 = ORIENTED_EDGE('',*,*,#8632,.T.);
#8632 = EDGE_CURVE('',#8608,#8553,#8633,.T.);
#8633 = LINE('',#8634,#8635);
#8634 = CARTESIAN_POINT('',(0.32,-5.4,-2.84));
#8635 = VECTOR('',#8636,1.);
#8636 = DIRECTION('',(0.,1.,0.));
#8637 = ORIENTED_EDGE('',*,*,#8552,.T.);
#8638 = ORIENTED_EDGE('',*,*,#7799,.F.);
#8639 = PLANE('',#8640);
#8640 = AXIS2_PLACEMENT_3D('',#8641,#8642,#8643);
#8641 = CARTESIAN_POINT('',(0.32,-5.4,-3.));
#8642 = DIRECTION('',(1.,0.,0.));
#8643 = DIRECTION('',(0.,0.,1.));
#8644 = ADVANCED_FACE('',(#8645),#8670,.T.);
#8645 = FACE_BOUND('',#8646,.T.);
#8646 = EDGE_LOOP('',(#8647,#8655,#8656,#8664));
#8647 = ORIENTED_EDGE('',*,*,#8648,.F.);
#8648 = EDGE_CURVE('',#7969,#8649,#8651,.T.);
#8649 = VERTEX_POINT('',#8650);
#8650 = CARTESIAN_POINT('',(0.32,-0.32,8.38));
#8651 = LINE('',#8652,#8653);
#8652 = CARTESIAN_POINT('',(0.32,-0.32,-3.));
#8653 = VECTOR('',#8654,1.);
#8654 = DIRECTION('',(0.,0.,1.));
#8655 = ORIENTED_EDGE('',*,*,#7968,.T.);
#8656 = ORIENTED_EDGE('',*,*,#8657,.T.);
#8657 = EDGE_CURVE('',#7971,#8658,#8660,.T.);
#8658 = VERTEX_POINT('',#8659);
#8659 = CARTESIAN_POINT('',(0.32,0.32,8.38));
#8660 = LINE('',#8661,#8662);
#8661 = CARTESIAN_POINT('',(0.32,0.32,-3.));
#8662 = VECTOR('',#8663,1.);
#8663 = DIRECTION('',(0.,0.,1.));
#8664 = ORIENTED_EDGE('',*,*,#8665,.F.);
#8665 = EDGE_CURVE('',#8649,#8658,#8666,.T.);
#8666 = LINE('',#8667,#8668);
#8667 = CARTESIAN_POINT('',(0.32,-0.32,8.38));
#8668 = VECTOR('',#8669,1.);
#8669 = DIRECTION('',(0.,1.,0.));
#8670 = PLANE('',#8671);
#8671 = AXIS2_PLACEMENT_3D('',#8672,#8673,#8674);
#8672 = CARTESIAN_POINT('',(0.32,-0.32,-3.));
#8673 = DIRECTION('',(1.,0.,0.));
#8674 = DIRECTION('',(0.,0.,1.));
#8675 = ADVANCED_FACE('',(#8676),#8694,.T.);
#8676 = FACE_BOUND('',#8677,.T.);
#8677 = EDGE_LOOP('',(#8678,#8679,#8680,#8688));
#8678 = ORIENTED_EDGE('',*,*,#8657,.F.);
#8679 = ORIENTED_EDGE('',*,*,#7994,.T.);
#8680 = ORIENTED_EDGE('',*,*,#8681,.T.);
#8681 = EDGE_CURVE('',#7987,#8682,#8684,.T.);
#8682 = VERTEX_POINT('',#8683);
#8683 = CARTESIAN_POINT('',(-0.32,0.32,8.38));
#8684 = LINE('',#8685,#8686);
#8685 = CARTESIAN_POINT('',(-0.32,0.32,-3.));
#8686 = VECTOR('',#8687,1.);
#8687 = DIRECTION('',(0.,0.,1.));
#8688 = ORIENTED_EDGE('',*,*,#8689,.T.);
#8689 = EDGE_CURVE('',#8682,#8658,#8690,.T.);
#8690 = LINE('',#8691,#8692);
#8691 = CARTESIAN_POINT('',(-0.32,0.32,8.38));
#8692 = VECTOR('',#8693,1.);
#8693 = DIRECTION('',(1.,0.,0.));
#8694 = PLANE('',#8695);
#8695 = AXIS2_PLACEMENT_3D('',#8696,#8697,#8698);
#8696 = CARTESIAN_POINT('',(-0.32,0.32,-3.));
#8697 = DIRECTION('',(0.,1.,0.));
#8698 = DIRECTION('',(0.,-0.,1.));
#8699 = ADVANCED_FACE('',(#8700),#8718,.F.);
#8700 = FACE_BOUND('',#8701,.F.);
#8701 = EDGE_LOOP('',(#8702,#8710,#8711,#8712));
#8702 = ORIENTED_EDGE('',*,*,#8703,.F.);
#8703 = EDGE_CURVE('',#7979,#8704,#8706,.T.);
#8704 = VERTEX_POINT('',#8705);
#8705 = CARTESIAN_POINT('',(-0.32,-0.32,8.38));
#8706 = LINE('',#8707,#8708);
#8707 = CARTESIAN_POINT('',(-0.32,-0.32,-3.));
#8708 = VECTOR('',#8709,1.);
#8709 = DIRECTION('',(0.,0.,1.));
#8710 = ORIENTED_EDGE('',*,*,#7986,.T.);
#8711 = ORIENTED_EDGE('',*,*,#8681,.T.);
#8712 = ORIENTED_EDGE('',*,*,#8713,.F.);
#8713 = EDGE_CURVE('',#8704,#8682,#8714,.T.);
#8714 = LINE('',#8715,#8716);
#8715 = CARTESIAN_POINT('',(-0.32,-0.32,8.38));
#8716 = VECTOR('',#8717,1.);
#8717 = DIRECTION('',(0.,1.,0.));
#8718 = PLANE('',#8719);
#8719 = AXIS2_PLACEMENT_3D('',#8720,#8721,#8722);
#8720 = CARTESIAN_POINT('',(-0.32,-0.32,-3.));
#8721 = DIRECTION('',(1.,0.,0.));
#8722 = DIRECTION('',(0.,0.,1.));
#8723 = ADVANCED_FACE('',(#8724),#8735,.F.);
#8724 = FACE_BOUND('',#8725,.F.);
#8725 = EDGE_LOOP('',(#8726,#8727,#8728,#8729));
#8726 = ORIENTED_EDGE('',*,*,#8648,.F.);
#8727 = ORIENTED_EDGE('',*,*,#7978,.T.);
#8728 = ORIENTED_EDGE('',*,*,#8703,.T.);
#8729 = ORIENTED_EDGE('',*,*,#8730,.T.);
#8730 = EDGE_CURVE('',#8704,#8649,#8731,.T.);
#8731 = LINE('',#8732,#8733);
#8732 = CARTESIAN_POINT('',(-0.32,-0.32,8.38));
#8733 = VECTOR('',#8734,1.);
#8734 = DIRECTION('',(1.,0.,0.));
#8735 = PLANE('',#8736);
#8736 = AXIS2_PLACEMENT_3D('',#8737,#8738,#8739);
#8737 = CARTESIAN_POINT('',(-0.32,-0.32,-3.));
#8738 = DIRECTION('',(0.,1.,0.));
#8739 = DIRECTION('',(0.,-0.,1.));
#8740 = ADVANCED_FACE('',(#8741),#8766,.F.);
#8741 = FACE_BOUND('',#8742,.F.);
#8742 = EDGE_LOOP('',(#8743,#8751,#8752,#8760));
#8743 = ORIENTED_EDGE('',*,*,#8744,.F.);
#8744 = EDGE_CURVE('',#8003,#8745,#8747,.T.);
#8745 = VERTEX_POINT('',#8746);
#8746 = CARTESIAN_POINT('',(0.32,-2.86,8.38));
#8747 = LINE('',#8748,#8749);
#8748 = CARTESIAN_POINT('',(0.32,-2.86,-3.));
#8749 = VECTOR('',#8750,1.);
#8750 = DIRECTION('',(0.,0.,1.));
#8751 = ORIENTED_EDGE('',*,*,#8002,.T.);
#8752 = ORIENTED_EDGE('',*,*,#8753,.T.);
#8753 = EDGE_CURVE('',#8005,#8754,#8756,.T.);
#8754 = VERTEX_POINT('',#8755);
#8755 = CARTESIAN_POINT('',(-0.32,-2.86,8.38));
#8756 = LINE('',#8757,#8758);
#8757 = CARTESIAN_POINT('',(-0.32,-2.86,-3.));
#8758 = VECTOR('',#8759,1.);
#8759 = DIRECTION('',(0.,0.,1.));
#8760 = ORIENTED_EDGE('',*,*,#8761,.T.);
#8761 = EDGE_CURVE('',#8754,#8745,#8762,.T.);
#8762 = LINE('',#8763,#8764);
#8763 = CARTESIAN_POINT('',(-0.32,-2.86,8.38));
#8764 = VECTOR('',#8765,1.);
#8765 = DIRECTION('',(1.,0.,0.));
#8766 = PLANE('',#8767);
#8767 = AXIS2_PLACEMENT_3D('',#8768,#8769,#8770);
#8768 = CARTESIAN_POINT('',(-0.32,-2.86,-3.));
#8769 = DIRECTION('',(0.,1.,0.));
#8770 = DIRECTION('',(0.,-0.,1.));
#8771 = ADVANCED_FACE('',(#8772),#8790,.T.);
#8772 = FACE_BOUND('',#8773,.T.);
#8773 = EDGE_LOOP('',(#8774,#8775,#8776,#8784));
#8774 = ORIENTED_EDGE('',*,*,#8744,.F.);
#8775 = ORIENTED_EDGE('',*,*,#8028,.T.);
#8776 = ORIENTED_EDGE('',*,*,#8777,.T.);
#8777 = EDGE_CURVE('',#8021,#8778,#8780,.T.);
#8778 = VERTEX_POINT('',#8779);
#8779 = CARTESIAN_POINT('',(0.32,-2.22,8.38));
#8780 = LINE('',#8781,#8782);
#8781 = CARTESIAN_POINT('',(0.32,-2.22,-3.));
#8782 = VECTOR('',#8783,1.);
#8783 = DIRECTION('',(0.,0.,1.));
#8784 = ORIENTED_EDGE('',*,*,#8785,.F.);
#8785 = EDGE_CURVE('',#8745,#8778,#8786,.T.);
#8786 = LINE('',#8787,#8788);
#8787 = CARTESIAN_POINT('',(0.32,-2.86,8.38));
#8788 = VECTOR('',#8789,1.);
#8789 = DIRECTION('',(0.,1.,0.));
#8790 = PLANE('',#8791);
#8791 = AXIS2_PLACEMENT_3D('',#8792,#8793,#8794);
#8792 = CARTESIAN_POINT('',(0.32,-2.86,-3.));
#8793 = DIRECTION('',(1.,0.,0.));
#8794 = DIRECTION('',(0.,0.,1.));
#8795 = ADVANCED_FACE('',(#8796),#8814,.T.);
#8796 = FACE_BOUND('',#8797,.T.);
#8797 = EDGE_LOOP('',(#8798,#8799,#8800,#8808));
#8798 = ORIENTED_EDGE('',*,*,#8777,.F.);
#8799 = ORIENTED_EDGE('',*,*,#8020,.T.);
#8800 = ORIENTED_EDGE('',*,*,#8801,.T.);
#8801 = EDGE_CURVE('',#8013,#8802,#8804,.T.);
#8802 = VERTEX_POINT('',#8803);
#8803 = CARTESIAN_POINT('',(-0.32,-2.22,8.38));
#8804 = LINE('',#8805,#8806);
#8805 = CARTESIAN_POINT('',(-0.32,-2.22,-3.));
#8806 = VECTOR('',#8807,1.);
#8807 = DIRECTION('',(0.,0.,1.));
#8808 = ORIENTED_EDGE('',*,*,#8809,.T.);
#8809 = EDGE_CURVE('',#8802,#8778,#8810,.T.);
#8810 = LINE('',#8811,#8812);
#8811 = CARTESIAN_POINT('',(-0.32,-2.22,8.38));
#8812 = VECTOR('',#8813,1.);
#8813 = DIRECTION('',(1.,0.,0.));
#8814 = PLANE('',#8815);
#8815 = AXIS2_PLACEMENT_3D('',#8816,#8817,#8818);
#8816 = CARTESIAN_POINT('',(-0.32,-2.22,-3.));
#8817 = DIRECTION('',(0.,1.,0.));
#8818 = DIRECTION('',(0.,-0.,1.));
#8819 = ADVANCED_FACE('',(#8820),#8831,.F.);
#8820 = FACE_BOUND('',#8821,.F.);
#8821 = EDGE_LOOP('',(#8822,#8823,#8824,#8825));
#8822 = ORIENTED_EDGE('',*,*,#8753,.F.);
#8823 = ORIENTED_EDGE('',*,*,#8012,.T.);
#8824 = ORIENTED_EDGE('',*,*,#8801,.T.);
#8825 = ORIENTED_EDGE('',*,*,#8826,.F.);
#8826 = EDGE_CURVE('',#8754,#8802,#8827,.T.);
#8827 = LINE('',#8828,#8829);
#8828 = CARTESIAN_POINT('',(-0.32,-2.86,8.38));
#8829 = VECTOR('',#8830,1.);
#8830 = DIRECTION('',(0.,1.,0.));
#8831 = PLANE('',#8832);
#8832 = AXIS2_PLACEMENT_3D('',#8833,#8834,#8835);
#8833 = CARTESIAN_POINT('',(-0.32,-2.86,-3.));
#8834 = DIRECTION('',(1.,0.,0.));
#8835 = DIRECTION('',(0.,0.,1.));
#8836 = ADVANCED_FACE('',(#8837),#8862,.T.);
#8837 = FACE_BOUND('',#8838,.T.);
#8838 = EDGE_LOOP('',(#8839,#8847,#8848,#8856));
#8839 = ORIENTED_EDGE('',*,*,#8840,.F.);
#8840 = EDGE_CURVE('',#8037,#8841,#8843,.T.);
#8841 = VERTEX_POINT('',#8842);
#8842 = CARTESIAN_POINT('',(0.32,-4.76,8.38));
#8843 = LINE('',#8844,#8845);
#8844 = CARTESIAN_POINT('',(0.32,-4.76,-3.));
#8845 = VECTOR('',#8846,1.);
#8846 = DIRECTION('',(0.,0.,1.));
#8847 = ORIENTED_EDGE('',*,*,#8036,.T.);
#8848 = ORIENTED_EDGE('',*,*,#8849,.T.);
#8849 = EDGE_CURVE('',#8039,#8850,#8852,.T.);
#8850 = VERTEX_POINT('',#8851);
#8851 = CARTESIAN_POINT('',(-0.32,-4.76,8.38));
#8852 = LINE('',#8853,#8854);
#8853 = CARTESIAN_POINT('',(-0.32,-4.76,-3.));
#8854 = VECTOR('',#8855,1.);
#8855 = DIRECTION('',(0.,0.,1.));
#8856 = ORIENTED_EDGE('',*,*,#8857,.T.);
#8857 = EDGE_CURVE('',#8850,#8841,#8858,.T.);
#8858 = LINE('',#8859,#8860);
#8859 = CARTESIAN_POINT('',(-0.32,-4.76,8.38));
#8860 = VECTOR('',#8861,1.);
#8861 = DIRECTION('',(1.,0.,0.));
#8862 = PLANE('',#8863);
#8863 = AXIS2_PLACEMENT_3D('',#8864,#8865,#8866);
#8864 = CARTESIAN_POINT('',(-0.32,-4.76,-3.));
#8865 = DIRECTION('',(0.,1.,0.));
#8866 = DIRECTION('',(0.,-0.,1.));
#8867 = ADVANCED_FACE('',(#8868),#8886,.F.);
#8868 = FACE_BOUND('',#8869,.F.);
#8869 = EDGE_LOOP('',(#8870,#8878,#8879,#8880));
#8870 = ORIENTED_EDGE('',*,*,#8871,.F.);
#8871 = EDGE_CURVE('',#8055,#8872,#8874,.T.);
#8872 = VERTEX_POINT('',#8873);
#8873 = CARTESIAN_POINT('',(-0.32,-5.4,8.38));
#8874 = LINE('',#8875,#8876);
#8875 = CARTESIAN_POINT('',(-0.32,-5.4,-3.));
#8876 = VECTOR('',#8877,1.);
#8877 = DIRECTION('',(0.,0.,1.));
#8878 = ORIENTED_EDGE('',*,*,#8062,.T.);
#8879 = ORIENTED_EDGE('',*,*,#8849,.T.);
#8880 = ORIENTED_EDGE('',*,*,#8881,.F.);
#8881 = EDGE_CURVE('',#8872,#8850,#8882,.T.);
#8882 = LINE('',#8883,#8884);
#8883 = CARTESIAN_POINT('',(-0.32,-5.4,8.38));
#8884 = VECTOR('',#8885,1.);
#8885 = DIRECTION('',(0.,1.,0.));
#8886 = PLANE('',#8887);
#8887 = AXIS2_PLACEMENT_3D('',#8888,#8889,#8890);
#8888 = CARTESIAN_POINT('',(-0.32,-5.4,-3.));
#8889 = DIRECTION('',(1.,0.,0.));
#8890 = DIRECTION('',(0.,0.,1.));
#8891 = ADVANCED_FACE('',(#8892),#8910,.F.);
#8892 = FACE_BOUND('',#8893,.F.);
#8893 = EDGE_LOOP('',(#8894,#8902,#8903,#8904));
#8894 = ORIENTED_EDGE('',*,*,#8895,.F.);
#8895 = EDGE_CURVE('',#8047,#8896,#8898,.T.);
#8896 = VERTEX_POINT('',#8897);
#8897 = CARTESIAN_POINT('',(0.32,-5.4,8.38));
#8898 = LINE('',#8899,#8900);
#8899 = CARTESIAN_POINT('',(0.32,-5.4,-3.));
#8900 = VECTOR('',#8901,1.);
#8901 = DIRECTION('',(0.,0.,1.));
#8902 = ORIENTED_EDGE('',*,*,#8054,.T.);
#8903 = ORIENTED_EDGE('',*,*,#8871,.T.);
#8904 = ORIENTED_EDGE('',*,*,#8905,.T.);
#8905 = EDGE_CURVE('',#8872,#8896,#8906,.T.);
#8906 = LINE('',#8907,#8908);
#8907 = CARTESIAN_POINT('',(-0.32,-5.4,8.38));
#8908 = VECTOR('',#8909,1.);
#8909 = DIRECTION('',(1.,0.,0.));
#8910 = PLANE('',#8911);
#8911 = AXIS2_PLACEMENT_3D('',#8912,#8913,#8914);
#8912 = CARTESIAN_POINT('',(-0.32,-5.4,-3.));
#8913 = DIRECTION('',(0.,1.,0.));
#8914 = DIRECTION('',(0.,-0.,1.));
#8915 = ADVANCED_FACE('',(#8916),#8927,.T.);
#8916 = FACE_BOUND('',#8917,.T.);
#8917 = EDGE_LOOP('',(#8918,#8919,#8920,#8921));
#8918 = ORIENTED_EDGE('',*,*,#8895,.F.);
#8919 = ORIENTED_EDGE('',*,*,#8046,.T.);
#8920 = ORIENTED_EDGE('',*,*,#8840,.T.);
#8921 = ORIENTED_EDGE('',*,*,#8922,.F.);
#8922 = EDGE_CURVE('',#8896,#8841,#8923,.T.);
#8923 = LINE('',#8924,#8925);
#8924 = CARTESIAN_POINT('',(0.32,-5.4,8.38));
#8925 = VECTOR('',#8926,1.);
#8926 = DIRECTION('',(0.,1.,0.));
#8927 = PLANE('',#8928);
#8928 = AXIS2_PLACEMENT_3D('',#8929,#8930,#8931);
#8929 = CARTESIAN_POINT('',(0.32,-5.4,-3.));
#8930 = DIRECTION('',(1.,0.,0.));
#8931 = DIRECTION('',(0.,0.,1.));
#8932 = ADVANCED_FACE('',(#8933),#8958,.F.);
#8933 = FACE_BOUND('',#8934,.F.);
#8934 = EDGE_LOOP('',(#8935,#8943,#8944,#8952));
#8935 = ORIENTED_EDGE('',*,*,#8936,.F.);
#8936 = EDGE_CURVE('',#8361,#8937,#8939,.T.);
#8937 = VERTEX_POINT('',#8938);
#8938 = CARTESIAN_POINT('',(0.16,-0.16,-3.));
#8939 = LINE('',#8940,#8941);
#8940 = CARTESIAN_POINT('',(0.16,-0.16,-3.));
#8941 = VECTOR('',#8942,1.);
#8942 = DIRECTION('',(-0.57735026919,0.57735026919,-0.57735026919));
#8943 = ORIENTED_EDGE('',*,*,#8368,.T.);
#8944 = ORIENTED_EDGE('',*,*,#8945,.T.);
#8945 = EDGE_CURVE('',#8369,#8946,#8948,.T.);
#8946 = VERTEX_POINT('',#8947);
#8947 = CARTESIAN_POINT('',(0.16,0.16,-3.));
#8948 = LINE('',#8949,#8950);
#8949 = CARTESIAN_POINT('',(5.333333333333E-02,5.333333333333E-02,
    -3.106666666667));
#8950 = VECTOR('',#8951,1.);
#8951 = DIRECTION('',(-0.57735026919,-0.57735026919,-0.57735026919));
#8952 = ORIENTED_EDGE('',*,*,#8953,.F.);
#8953 = EDGE_CURVE('',#8937,#8946,#8954,.T.);
#8954 = LINE('',#8955,#8956);
#8955 = CARTESIAN_POINT('',(0.16,-0.32,-3.));
#8956 = VECTOR('',#8957,1.);
#8957 = DIRECTION('',(0.,1.,0.));
#8958 = PLANE('',#8959);
#8959 = AXIS2_PLACEMENT_3D('',#8960,#8961,#8962);
#8960 = CARTESIAN_POINT('',(0.24,-0.32,-2.92));
#8961 = DIRECTION('',(-0.707106781187,1.735167508357E-18,0.707106781187)
  );
#8962 = DIRECTION('',(1.226948711654E-18,1.,-1.226948711654E-18));
#8963 = ADVANCED_FACE('',(#8964),#8982,.F.);
#8964 = FACE_BOUND('',#8965,.T.);
#8965 = EDGE_LOOP('',(#8966,#8974,#8975,#8976));
#8966 = ORIENTED_EDGE('',*,*,#8967,.F.);
#8967 = EDGE_CURVE('',#8393,#8968,#8970,.T.);
#8968 = VERTEX_POINT('',#8969);
#8969 = CARTESIAN_POINT('',(-0.16,0.16,-3.));
#8970 = LINE('',#8971,#8972);
#8971 = CARTESIAN_POINT('',(-0.16,0.16,-3.));
#8972 = VECTOR('',#8973,1.);
#8973 = DIRECTION('',(0.57735026919,-0.57735026919,-0.57735026919));
#8974 = ORIENTED_EDGE('',*,*,#8392,.T.);
#8975 = ORIENTED_EDGE('',*,*,#8945,.T.);
#8976 = ORIENTED_EDGE('',*,*,#8977,.F.);
#8977 = EDGE_CURVE('',#8968,#8946,#8978,.T.);
#8978 = LINE('',#8979,#8980);
#8979 = CARTESIAN_POINT('',(-0.32,0.16,-3.));
#8980 = VECTOR('',#8981,1.);
#8981 = DIRECTION('',(1.,0.,0.));
#8982 = PLANE('',#8983);
#8983 = AXIS2_PLACEMENT_3D('',#8984,#8985,#8986);
#8984 = CARTESIAN_POINT('',(-0.32,0.24,-2.92));
#8985 = DIRECTION('',(-1.735167508357E-18,-0.707106781187,0.707106781187
    ));
#8986 = DIRECTION('',(-1.,1.226948711654E-18,-1.226948711654E-18));
#8987 = ADVANCED_FACE('',(#8988),#9006,.T.);
#8988 = FACE_BOUND('',#8989,.T.);
#8989 = EDGE_LOOP('',(#8990,#8998,#8999,#9000));
#8990 = ORIENTED_EDGE('',*,*,#8991,.F.);
#8991 = EDGE_CURVE('',#8416,#8992,#8994,.T.);
#8992 = VERTEX_POINT('',#8993);
#8993 = CARTESIAN_POINT('',(-0.16,-0.16,-3.));
#8994 = LINE('',#8995,#8996);
#8995 = CARTESIAN_POINT('',(-0.266666666667,-0.266666666667,
    -2.893333333333));
#8996 = VECTOR('',#8997,1.);
#8997 = DIRECTION('',(0.57735026919,0.57735026919,-0.57735026919));
#8998 = ORIENTED_EDGE('',*,*,#8423,.T.);
#8999 = ORIENTED_EDGE('',*,*,#8967,.T.);
#9000 = ORIENTED_EDGE('',*,*,#9001,.F.);
#9001 = EDGE_CURVE('',#8992,#8968,#9002,.T.);
#9002 = LINE('',#9003,#9004);
#9003 = CARTESIAN_POINT('',(-0.16,-0.32,-3.));
#9004 = VECTOR('',#9005,1.);
#9005 = DIRECTION('',(0.,1.,0.));
#9006 = PLANE('',#9007);
#9007 = AXIS2_PLACEMENT_3D('',#9008,#9009,#9010);
#9008 = CARTESIAN_POINT('',(-0.24,-0.32,-2.92));
#9009 = DIRECTION('',(-0.707106781187,-1.735167508357E-18,
    -0.707106781187));
#9010 = DIRECTION('',(-1.226948711654E-18,1.,-1.226948711654E-18));
#9011 = ADVANCED_FACE('',(#9012),#9023,.T.);
#9012 = FACE_BOUND('',#9013,.F.);
#9013 = EDGE_LOOP('',(#9014,#9015,#9016,#9017));
#9014 = ORIENTED_EDGE('',*,*,#8991,.F.);
#9015 = ORIENTED_EDGE('',*,*,#8440,.T.);
#9016 = ORIENTED_EDGE('',*,*,#8936,.T.);
#9017 = ORIENTED_EDGE('',*,*,#9018,.F.);
#9018 = EDGE_CURVE('',#8992,#8937,#9019,.T.);
#9019 = LINE('',#9020,#9021);
#9020 = CARTESIAN_POINT('',(-0.32,-0.16,-3.));
#9021 = VECTOR('',#9022,1.);
#9022 = DIRECTION('',(1.,0.,0.));
#9023 = PLANE('',#9024);
#9024 = AXIS2_PLACEMENT_3D('',#9025,#9026,#9027);
#9025 = CARTESIAN_POINT('',(-0.32,-0.24,-2.92));
#9026 = DIRECTION('',(1.735167508357E-18,-0.707106781187,-0.707106781187
    ));
#9027 = DIRECTION('',(-1.,-1.226948711654E-18,-1.226948711654E-18));
#9028 = ADVANCED_FACE('',(#9029),#9054,.T.);
#9029 = FACE_BOUND('',#9030,.F.);
#9030 = EDGE_LOOP('',(#9031,#9039,#9040,#9048));
#9031 = ORIENTED_EDGE('',*,*,#9032,.F.);
#9032 = EDGE_CURVE('',#8465,#9033,#9035,.T.);
#9033 = VERTEX_POINT('',#9034);
#9034 = CARTESIAN_POINT('',(-0.16,-2.7,-3.));
#9035 = LINE('',#9036,#9037);
#9036 = CARTESIAN_POINT('',(-0.266666666667,-2.806666666667,
    -2.893333333333));
#9037 = VECTOR('',#9038,1.);
#9038 = DIRECTION('',(0.57735026919,0.57735026919,-0.57735026919));
#9039 = ORIENTED_EDGE('',*,*,#8464,.T.);
#9040 = ORIENTED_EDGE('',*,*,#9041,.T.);
#9041 = EDGE_CURVE('',#8457,#9042,#9044,.T.);
#9042 = VERTEX_POINT('',#9043);
#9043 = CARTESIAN_POINT('',(0.16,-2.7,-3.));
#9044 = LINE('',#9045,#9046);
#9045 = CARTESIAN_POINT('',(0.16,-2.7,-3.));
#9046 = VECTOR('',#9047,1.);
#9047 = DIRECTION('',(-0.57735026919,0.57735026919,-0.57735026919));
#9048 = ORIENTED_EDGE('',*,*,#9049,.F.);
#9049 = EDGE_CURVE('',#9033,#9042,#9050,.T.);
#9050 = LINE('',#9051,#9052);
#9051 = CARTESIAN_POINT('',(-0.32,-2.7,-3.));
#9052 = VECTOR('',#9053,1.);
#9053 = DIRECTION('',(1.,0.,0.));
#9054 = PLANE('',#9055);
#9055 = AXIS2_PLACEMENT_3D('',#9056,#9057,#9058);
#9056 = CARTESIAN_POINT('',(-0.32,-2.78,-2.92));
#9057 = DIRECTION('',(1.735167508357E-18,-0.707106781187,-0.707106781187
    ));
#9058 = DIRECTION('',(-1.,-1.226948711654E-18,-1.226948711654E-18));
#9059 = ADVANCED_FACE('',(#9060),#9078,.F.);
#9060 = FACE_BOUND('',#9061,.F.);
#9061 = EDGE_LOOP('',(#9062,#9063,#9064,#9072));
#9062 = ORIENTED_EDGE('',*,*,#9041,.F.);
#9063 = ORIENTED_EDGE('',*,*,#8488,.T.);
#9064 = ORIENTED_EDGE('',*,*,#9065,.T.);
#9065 = EDGE_CURVE('',#8489,#9066,#9068,.T.);
#9066 = VERTEX_POINT('',#9067);
#9067 = CARTESIAN_POINT('',(0.16,-2.38,-3.));
#9068 = LINE('',#9069,#9070);
#9069 = CARTESIAN_POINT('',(5.333333333333E-02,-2.486666666667,
    -3.106666666667));
#9070 = VECTOR('',#9071,1.);
#9071 = DIRECTION('',(-0.57735026919,-0.57735026919,-0.57735026919));
#9072 = ORIENTED_EDGE('',*,*,#9073,.F.);
#9073 = EDGE_CURVE('',#9042,#9066,#9074,.T.);
#9074 = LINE('',#9075,#9076);
#9075 = CARTESIAN_POINT('',(0.16,-2.86,-3.));
#9076 = VECTOR('',#9077,1.);
#9077 = DIRECTION('',(0.,1.,0.));
#9078 = PLANE('',#9079);
#9079 = AXIS2_PLACEMENT_3D('',#9080,#9081,#9082);
#9080 = CARTESIAN_POINT('',(0.24,-2.86,-2.92));
#9081 = DIRECTION('',(-0.707106781187,1.735167508357E-18,0.707106781187)
  );
#9082 = DIRECTION('',(1.226948711654E-18,1.,-1.226948711654E-18));
#9083 = ADVANCED_FACE('',(#9084),#9102,.F.);
#9084 = FACE_BOUND('',#9085,.T.);
#9085 = EDGE_LOOP('',(#9086,#9094,#9095,#9096));
#9086 = ORIENTED_EDGE('',*,*,#9087,.F.);
#9087 = EDGE_CURVE('',#8513,#9088,#9090,.T.);
#9088 = VERTEX_POINT('',#9089);
#9089 = CARTESIAN_POINT('',(-0.16,-2.38,-3.));
#9090 = LINE('',#9091,#9092);
#9091 = CARTESIAN_POINT('',(-0.16,-2.38,-3.));
#9092 = VECTOR('',#9093,1.);
#9093 = DIRECTION('',(0.57735026919,-0.57735026919,-0.57735026919));
#9094 = ORIENTED_EDGE('',*,*,#8512,.T.);
#9095 = ORIENTED_EDGE('',*,*,#9065,.T.);
#9096 = ORIENTED_EDGE('',*,*,#9097,.F.);
#9097 = EDGE_CURVE('',#9088,#9066,#9098,.T.);
#9098 = LINE('',#9099,#9100);
#9099 = CARTESIAN_POINT('',(-0.32,-2.38,-3.));
#9100 = VECTOR('',#9101,1.);
#9101 = DIRECTION('',(1.,0.,0.));
#9102 = PLANE('',#9103);
#9103 = AXIS2_PLACEMENT_3D('',#9104,#9105,#9106);
#9104 = CARTESIAN_POINT('',(-0.32,-2.3,-2.92));
#9105 = DIRECTION('',(-1.735167508357E-18,-0.707106781187,0.707106781187
    ));
#9106 = DIRECTION('',(-1.,1.226948711654E-18,-1.226948711654E-18));
#9107 = ADVANCED_FACE('',(#9108),#9119,.T.);
#9108 = FACE_BOUND('',#9109,.T.);
#9109 = EDGE_LOOP('',(#9110,#9111,#9112,#9113));
#9110 = ORIENTED_EDGE('',*,*,#9032,.F.);
#9111 = ORIENTED_EDGE('',*,*,#8536,.T.);
#9112 = ORIENTED_EDGE('',*,*,#9087,.T.);
#9113 = ORIENTED_EDGE('',*,*,#9114,.F.);
#9114 = EDGE_CURVE('',#9033,#9088,#9115,.T.);
#9115 = LINE('',#9116,#9117);
#9116 = CARTESIAN_POINT('',(-0.16,-2.86,-3.));
#9117 = VECTOR('',#9118,1.);
#9118 = DIRECTION('',(0.,1.,0.));
#9119 = PLANE('',#9120);
#9120 = AXIS2_PLACEMENT_3D('',#9121,#9122,#9123);
#9121 = CARTESIAN_POINT('',(-0.24,-2.86,-2.92));
#9122 = DIRECTION('',(-0.707106781187,-1.735167508357E-18,
    -0.707106781187));
#9123 = DIRECTION('',(-1.226948711654E-18,1.,-1.226948711654E-18));
#9124 = ADVANCED_FACE('',(#9125),#9150,.F.);
#9125 = FACE_BOUND('',#9126,.T.);
#9126 = EDGE_LOOP('',(#9127,#9135,#9136,#9144));
#9127 = ORIENTED_EDGE('',*,*,#9128,.F.);
#9128 = EDGE_CURVE('',#8561,#9129,#9131,.T.);
#9129 = VERTEX_POINT('',#9130);
#9130 = CARTESIAN_POINT('',(-0.16,-4.92,-3.));
#9131 = LINE('',#9132,#9133);
#9132 = CARTESIAN_POINT('',(-0.16,-4.92,-3.));
#9133 = VECTOR('',#9134,1.);
#9134 = DIRECTION('',(0.57735026919,-0.57735026919,-0.57735026919));
#9135 = ORIENTED_EDGE('',*,*,#8560,.T.);
#9136 = ORIENTED_EDGE('',*,*,#9137,.T.);
#9137 = EDGE_CURVE('',#8553,#9138,#9140,.T.);
#9138 = VERTEX_POINT('',#9139);
#9139 = CARTESIAN_POINT('',(0.16,-4.92,-3.));
#9140 = LINE('',#9141,#9142);
#9141 = CARTESIAN_POINT('',(5.333333333333E-02,-5.026666666667,
    -3.106666666667));
#9142 = VECTOR('',#9143,1.);
#9143 = DIRECTION('',(-0.57735026919,-0.57735026919,-0.57735026919));
#9144 = ORIENTED_EDGE('',*,*,#9145,.F.);
#9145 = EDGE_CURVE('',#9129,#9138,#9146,.T.);
#9146 = LINE('',#9147,#9148);
#9147 = CARTESIAN_POINT('',(-0.32,-4.92,-3.));
#9148 = VECTOR('',#9149,1.);
#9149 = DIRECTION('',(1.,0.,0.));
#9150 = PLANE('',#9151);
#9151 = AXIS2_PLACEMENT_3D('',#9152,#9153,#9154);
#9152 = CARTESIAN_POINT('',(-0.32,-4.84,-2.92));
#9153 = DIRECTION('',(-1.735167508357E-18,-0.707106781187,0.707106781187
    ));
#9154 = DIRECTION('',(-1.,1.226948711654E-18,-1.226948711654E-18));
#9155 = ADVANCED_FACE('',(#9156),#9174,.T.);
#9156 = FACE_BOUND('',#9157,.T.);
#9157 = EDGE_LOOP('',(#9158,#9166,#9167,#9168));
#9158 = ORIENTED_EDGE('',*,*,#9159,.F.);
#9159 = EDGE_CURVE('',#8584,#9160,#9162,.T.);
#9160 = VERTEX_POINT('',#9161);
#9161 = CARTESIAN_POINT('',(-0.16,-5.24,-3.));
#9162 = LINE('',#9163,#9164);
#9163 = CARTESIAN_POINT('',(-0.266666666667,-5.346666666667,
    -2.893333333333));
#9164 = VECTOR('',#9165,1.);
#9165 = DIRECTION('',(0.57735026919,0.57735026919,-0.57735026919));
#9166 = ORIENTED_EDGE('',*,*,#8591,.T.);
#9167 = ORIENTED_EDGE('',*,*,#9128,.T.);
#9168 = ORIENTED_EDGE('',*,*,#9169,.F.);
#9169 = EDGE_CURVE('',#9160,#9129,#9170,.T.);
#9170 = LINE('',#9171,#9172);
#9171 = CARTESIAN_POINT('',(-0.16,-5.4,-3.));
#9172 = VECTOR('',#9173,1.);
#9173 = DIRECTION('',(0.,1.,0.));
#9174 = PLANE('',#9175);
#9175 = AXIS2_PLACEMENT_3D('',#9176,#9177,#9178);
#9176 = CARTESIAN_POINT('',(-0.24,-5.4,-2.92));
#9177 = DIRECTION('',(-0.707106781187,-1.735167508357E-18,
    -0.707106781187));
#9178 = DIRECTION('',(-1.226948711654E-18,1.,-1.226948711654E-18));
#9179 = ADVANCED_FACE('',(#9180),#9198,.T.);
#9180 = FACE_BOUND('',#9181,.F.);
#9181 = EDGE_LOOP('',(#9182,#9183,#9184,#9192));
#9182 = ORIENTED_EDGE('',*,*,#9159,.F.);
#9183 = ORIENTED_EDGE('',*,*,#8615,.T.);
#9184 = ORIENTED_EDGE('',*,*,#9185,.T.);
#9185 = EDGE_CURVE('',#8608,#9186,#9188,.T.);
#9186 = VERTEX_POINT('',#9187);
#9187 = CARTESIAN_POINT('',(0.16,-5.24,-3.));
#9188 = LINE('',#9189,#9190);
#9189 = CARTESIAN_POINT('',(0.16,-5.24,-3.));
#9190 = VECTOR('',#9191,1.);
#9191 = DIRECTION('',(-0.57735026919,0.57735026919,-0.57735026919));
#9192 = ORIENTED_EDGE('',*,*,#9193,.F.);
#9193 = EDGE_CURVE('',#9160,#9186,#9194,.T.);
#9194 = LINE('',#9195,#9196);
#9195 = CARTESIAN_POINT('',(-0.32,-5.24,-3.));
#9196 = VECTOR('',#9197,1.);
#9197 = DIRECTION('',(1.,0.,0.));
#9198 = PLANE('',#9199);
#9199 = AXIS2_PLACEMENT_3D('',#9200,#9201,#9202);
#9200 = CARTESIAN_POINT('',(-0.32,-5.32,-2.92));
#9201 = DIRECTION('',(1.735167508357E-18,-0.707106781187,-0.707106781187
    ));
#9202 = DIRECTION('',(-1.,-1.226948711654E-18,-1.226948711654E-18));
#9203 = ADVANCED_FACE('',(#9204),#9215,.F.);
#9204 = FACE_BOUND('',#9205,.F.);
#9205 = EDGE_LOOP('',(#9206,#9207,#9208,#9209));
#9206 = ORIENTED_EDGE('',*,*,#9185,.F.);
#9207 = ORIENTED_EDGE('',*,*,#8632,.T.);
#9208 = ORIENTED_EDGE('',*,*,#9137,.T.);
#9209 = ORIENTED_EDGE('',*,*,#9210,.F.);
#9210 = EDGE_CURVE('',#9186,#9138,#9211,.T.);
#9211 = LINE('',#9212,#9213);
#9212 = CARTESIAN_POINT('',(0.16,-5.4,-3.));
#9213 = VECTOR('',#9214,1.);
#9214 = DIRECTION('',(0.,1.,0.));
#9215 = PLANE('',#9216);
#9216 = AXIS2_PLACEMENT_3D('',#9217,#9218,#9219);
#9217 = CARTESIAN_POINT('',(0.24,-5.4,-2.92));
#9218 = DIRECTION('',(-0.707106781187,1.735167508357E-18,0.707106781187)
  );
#9219 = DIRECTION('',(1.226948711654E-18,1.,-1.226948711654E-18));
#9220 = ADVANCED_FACE('',(#9221),#9246,.T.);
#9221 = FACE_BOUND('',#9222,.T.);
#9222 = EDGE_LOOP('',(#9223,#9231,#9232,#9240));
#9223 = ORIENTED_EDGE('',*,*,#9224,.F.);
#9224 = EDGE_CURVE('',#8649,#9225,#9227,.T.);
#9225 = VERTEX_POINT('',#9226);
#9226 = CARTESIAN_POINT('',(0.16,-0.16,8.54));
#9227 = LINE('',#9228,#9229);
#9228 = CARTESIAN_POINT('',(0.16,-0.16,8.54));
#9229 = VECTOR('',#9230,1.);
#9230 = DIRECTION('',(-0.57735026919,0.57735026919,0.57735026919));
#9231 = ORIENTED_EDGE('',*,*,#8665,.T.);
#9232 = ORIENTED_EDGE('',*,*,#9233,.T.);
#9233 = EDGE_CURVE('',#8658,#9234,#9236,.T.);
#9234 = VERTEX_POINT('',#9235);
#9235 = CARTESIAN_POINT('',(0.16,0.16,8.54));
#9236 = LINE('',#9237,#9238);
#9237 = CARTESIAN_POINT('',(5.333333333333E-02,5.333333333333E-02,
    8.646666666667));
#9238 = VECTOR('',#9239,1.);
#9239 = DIRECTION('',(-0.57735026919,-0.57735026919,0.57735026919));
#9240 = ORIENTED_EDGE('',*,*,#9241,.F.);
#9241 = EDGE_CURVE('',#9225,#9234,#9242,.T.);
#9242 = LINE('',#9243,#9244);
#9243 = CARTESIAN_POINT('',(0.16,-0.32,8.54));
#9244 = VECTOR('',#9245,1.);
#9245 = DIRECTION('',(0.,1.,0.));
#9246 = PLANE('',#9247);
#9247 = AXIS2_PLACEMENT_3D('',#9248,#9249,#9250);
#9248 = CARTESIAN_POINT('',(0.24,-0.32,8.46));
#9249 = DIRECTION('',(0.707106781187,-1.735167508357E-18,0.707106781187)
  );
#9250 = DIRECTION('',(1.226948711654E-18,1.,1.226948711654E-18));
#9251 = ADVANCED_FACE('',(#9252),#9270,.T.);
#9252 = FACE_BOUND('',#9253,.F.);
#9253 = EDGE_LOOP('',(#9254,#9262,#9263,#9264));
#9254 = ORIENTED_EDGE('',*,*,#9255,.F.);
#9255 = EDGE_CURVE('',#8682,#9256,#9258,.T.);
#9256 = VERTEX_POINT('',#9257);
#9257 = CARTESIAN_POINT('',(-0.16,0.16,8.54));
#9258 = LINE('',#9259,#9260);
#9259 = CARTESIAN_POINT('',(-0.16,0.16,8.54));
#9260 = VECTOR('',#9261,1.);
#9261 = DIRECTION('',(0.57735026919,-0.57735026919,0.57735026919));
#9262 = ORIENTED_EDGE('',*,*,#8689,.T.);
#9263 = ORIENTED_EDGE('',*,*,#9233,.T.);
#9264 = ORIENTED_EDGE('',*,*,#9265,.F.);
#9265 = EDGE_CURVE('',#9256,#9234,#9266,.T.);
#9266 = LINE('',#9267,#9268);
#9267 = CARTESIAN_POINT('',(-0.32,0.16,8.54));
#9268 = VECTOR('',#9269,1.);
#9269 = DIRECTION('',(1.,0.,0.));
#9270 = PLANE('',#9271);
#9271 = AXIS2_PLACEMENT_3D('',#9272,#9273,#9274);
#9272 = CARTESIAN_POINT('',(-0.32,0.24,8.46));
#9273 = DIRECTION('',(1.735167508357E-18,0.707106781187,0.707106781187)
  );
#9274 = DIRECTION('',(-1.,1.226948711654E-18,1.226948711654E-18));
#9275 = ADVANCED_FACE('',(#9276),#9294,.F.);
#9276 = FACE_BOUND('',#9277,.F.);
#9277 = EDGE_LOOP('',(#9278,#9286,#9287,#9288));
#9278 = ORIENTED_EDGE('',*,*,#9279,.F.);
#9279 = EDGE_CURVE('',#8704,#9280,#9282,.T.);
#9280 = VERTEX_POINT('',#9281);
#9281 = CARTESIAN_POINT('',(-0.16,-0.16,8.54));
#9282 = LINE('',#9283,#9284);
#9283 = CARTESIAN_POINT('',(-0.266666666667,-0.266666666667,
    8.433333333333));
#9284 = VECTOR('',#9285,1.);
#9285 = DIRECTION('',(0.57735026919,0.57735026919,0.57735026919));
#9286 = ORIENTED_EDGE('',*,*,#8713,.T.);
#9287 = ORIENTED_EDGE('',*,*,#9255,.T.);
#9288 = ORIENTED_EDGE('',*,*,#9289,.F.);
#9289 = EDGE_CURVE('',#9280,#9256,#9290,.T.);
#9290 = LINE('',#9291,#9292);
#9291 = CARTESIAN_POINT('',(-0.16,-0.32,8.54));
#9292 = VECTOR('',#9293,1.);
#9293 = DIRECTION('',(0.,1.,0.));
#9294 = PLANE('',#9295);
#9295 = AXIS2_PLACEMENT_3D('',#9296,#9297,#9298);
#9296 = CARTESIAN_POINT('',(-0.24,-0.32,8.46));
#9297 = DIRECTION('',(0.707106781187,1.735167508357E-18,-0.707106781187)
  );
#9298 = DIRECTION('',(-1.226948711654E-18,1.,1.226948711654E-18));
#9299 = ADVANCED_FACE('',(#9300),#9311,.F.);
#9300 = FACE_BOUND('',#9301,.T.);
#9301 = EDGE_LOOP('',(#9302,#9303,#9304,#9305));
#9302 = ORIENTED_EDGE('',*,*,#9279,.F.);
#9303 = ORIENTED_EDGE('',*,*,#8730,.T.);
#9304 = ORIENTED_EDGE('',*,*,#9224,.T.);
#9305 = ORIENTED_EDGE('',*,*,#9306,.F.);
#9306 = EDGE_CURVE('',#9280,#9225,#9307,.T.);
#9307 = LINE('',#9308,#9309);
#9308 = CARTESIAN_POINT('',(-0.32,-0.16,8.54));
#9309 = VECTOR('',#9310,1.);
#9310 = DIRECTION('',(1.,0.,0.));
#9311 = PLANE('',#9312);
#9312 = AXIS2_PLACEMENT_3D('',#9313,#9314,#9315);
#9313 = CARTESIAN_POINT('',(-0.32,-0.24,8.46));
#9314 = DIRECTION('',(-1.735167508357E-18,0.707106781187,-0.707106781187
    ));
#9315 = DIRECTION('',(-1.,-1.226948711654E-18,1.226948711654E-18));
#9316 = ADVANCED_FACE('',(#9317),#9342,.F.);
#9317 = FACE_BOUND('',#9318,.T.);
#9318 = EDGE_LOOP('',(#9319,#9327,#9328,#9336));
#9319 = ORIENTED_EDGE('',*,*,#9320,.F.);
#9320 = EDGE_CURVE('',#8754,#9321,#9323,.T.);
#9321 = VERTEX_POINT('',#9322);
#9322 = CARTESIAN_POINT('',(-0.16,-2.7,8.54));
#9323 = LINE('',#9324,#9325);
#9324 = CARTESIAN_POINT('',(-0.266666666667,-2.806666666667,
    8.433333333333));
#9325 = VECTOR('',#9326,1.);
#9326 = DIRECTION('',(0.57735026919,0.57735026919,0.57735026919));
#9327 = ORIENTED_EDGE('',*,*,#8761,.T.);
#9328 = ORIENTED_EDGE('',*,*,#9329,.T.);
#9329 = EDGE_CURVE('',#8745,#9330,#9332,.T.);
#9330 = VERTEX_POINT('',#9331);
#9331 = CARTESIAN_POINT('',(0.16,-2.7,8.54));
#9332 = LINE('',#9333,#9334);
#9333 = CARTESIAN_POINT('',(0.16,-2.7,8.54));
#9334 = VECTOR('',#9335,1.);
#9335 = DIRECTION('',(-0.57735026919,0.57735026919,0.57735026919));
#9336 = ORIENTED_EDGE('',*,*,#9337,.F.);
#9337 = EDGE_CURVE('',#9321,#9330,#9338,.T.);
#9338 = LINE('',#9339,#9340);
#9339 = CARTESIAN_POINT('',(-0.32,-2.7,8.54));
#9340 = VECTOR('',#9341,1.);
#9341 = DIRECTION('',(1.,0.,0.));
#9342 = PLANE('',#9343);
#9343 = AXIS2_PLACEMENT_3D('',#9344,#9345,#9346);
#9344 = CARTESIAN_POINT('',(-0.32,-2.78,8.46));
#9345 = DIRECTION('',(-1.735167508357E-18,0.707106781187,-0.707106781187
    ));
#9346 = DIRECTION('',(-1.,-1.226948711654E-18,1.226948711654E-18));
#9347 = ADVANCED_FACE('',(#9348),#9366,.T.);
#9348 = FACE_BOUND('',#9349,.T.);
#9349 = EDGE_LOOP('',(#9350,#9351,#9352,#9360));
#9350 = ORIENTED_EDGE('',*,*,#9329,.F.);
#9351 = ORIENTED_EDGE('',*,*,#8785,.T.);
#9352 = ORIENTED_EDGE('',*,*,#9353,.T.);
#9353 = EDGE_CURVE('',#8778,#9354,#9356,.T.);
#9354 = VERTEX_POINT('',#9355);
#9355 = CARTESIAN_POINT('',(0.16,-2.38,8.54));
#9356 = LINE('',#9357,#9358);
#9357 = CARTESIAN_POINT('',(5.333333333333E-02,-2.486666666667,
    8.646666666667));
#9358 = VECTOR('',#9359,1.);
#9359 = DIRECTION('',(-0.57735026919,-0.57735026919,0.57735026919));
#9360 = ORIENTED_EDGE('',*,*,#9361,.F.);
#9361 = EDGE_CURVE('',#9330,#9354,#9362,.T.);
#9362 = LINE('',#9363,#9364);
#9363 = CARTESIAN_POINT('',(0.16,-2.86,8.54));
#9364 = VECTOR('',#9365,1.);
#9365 = DIRECTION('',(0.,1.,0.));
#9366 = PLANE('',#9367);
#9367 = AXIS2_PLACEMENT_3D('',#9368,#9369,#9370);
#9368 = CARTESIAN_POINT('',(0.24,-2.86,8.46));
#9369 = DIRECTION('',(0.707106781187,-1.735167508357E-18,0.707106781187)
  );
#9370 = DIRECTION('',(1.226948711654E-18,1.,1.226948711654E-18));
#9371 = ADVANCED_FACE('',(#9372),#9390,.T.);
#9372 = FACE_BOUND('',#9373,.F.);
#9373 = EDGE_LOOP('',(#9374,#9382,#9383,#9384));
#9374 = ORIENTED_EDGE('',*,*,#9375,.F.);
#9375 = EDGE_CURVE('',#8802,#9376,#9378,.T.);
#9376 = VERTEX_POINT('',#9377);
#9377 = CARTESIAN_POINT('',(-0.16,-2.38,8.54));
#9378 = LINE('',#9379,#9380);
#9379 = CARTESIAN_POINT('',(-0.16,-2.38,8.54));
#9380 = VECTOR('',#9381,1.);
#9381 = DIRECTION('',(0.57735026919,-0.57735026919,0.57735026919));
#9382 = ORIENTED_EDGE('',*,*,#8809,.T.);
#9383 = ORIENTED_EDGE('',*,*,#9353,.T.);
#9384 = ORIENTED_EDGE('',*,*,#9385,.F.);
#9385 = EDGE_CURVE('',#9376,#9354,#9386,.T.);
#9386 = LINE('',#9387,#9388);
#9387 = CARTESIAN_POINT('',(-0.32,-2.38,8.54));
#9388 = VECTOR('',#9389,1.);
#9389 = DIRECTION('',(1.,0.,0.));
#9390 = PLANE('',#9391);
#9391 = AXIS2_PLACEMENT_3D('',#9392,#9393,#9394);
#9392 = CARTESIAN_POINT('',(-0.32,-2.3,8.46));
#9393 = DIRECTION('',(1.735167508357E-18,0.707106781187,0.707106781187)
  );
#9394 = DIRECTION('',(-1.,1.226948711654E-18,1.226948711654E-18));
#9395 = ADVANCED_FACE('',(#9396),#9407,.F.);
#9396 = FACE_BOUND('',#9397,.F.);
#9397 = EDGE_LOOP('',(#9398,#9399,#9400,#9401));
#9398 = ORIENTED_EDGE('',*,*,#9320,.F.);
#9399 = ORIENTED_EDGE('',*,*,#8826,.T.);
#9400 = ORIENTED_EDGE('',*,*,#9375,.T.);
#9401 = ORIENTED_EDGE('',*,*,#9402,.F.);
#9402 = EDGE_CURVE('',#9321,#9376,#9403,.T.);
#9403 = LINE('',#9404,#9405);
#9404 = CARTESIAN_POINT('',(-0.16,-2.86,8.54));
#9405 = VECTOR('',#9406,1.);
#9406 = DIRECTION('',(0.,1.,0.));
#9407 = PLANE('',#9408);
#9408 = AXIS2_PLACEMENT_3D('',#9409,#9410,#9411);
#9409 = CARTESIAN_POINT('',(-0.24,-2.86,8.46));
#9410 = DIRECTION('',(0.707106781187,1.735167508357E-18,-0.707106781187)
  );
#9411 = DIRECTION('',(-1.226948711654E-18,1.,1.226948711654E-18));
#9412 = ADVANCED_FACE('',(#9413),#9438,.T.);
#9413 = FACE_BOUND('',#9414,.F.);
#9414 = EDGE_LOOP('',(#9415,#9423,#9424,#9432));
#9415 = ORIENTED_EDGE('',*,*,#9416,.F.);
#9416 = EDGE_CURVE('',#8850,#9417,#9419,.T.);
#9417 = VERTEX_POINT('',#9418);
#9418 = CARTESIAN_POINT('',(-0.16,-4.92,8.54));
#9419 = LINE('',#9420,#9421);
#9420 = CARTESIAN_POINT('',(-0.16,-4.92,8.54));
#9421 = VECTOR('',#9422,1.);
#9422 = DIRECTION('',(0.57735026919,-0.57735026919,0.57735026919));
#9423 = ORIENTED_EDGE('',*,*,#8857,.T.);
#9424 = ORIENTED_EDGE('',*,*,#9425,.T.);
#9425 = EDGE_CURVE('',#8841,#9426,#9428,.T.);
#9426 = VERTEX_POINT('',#9427);
#9427 = CARTESIAN_POINT('',(0.16,-4.92,8.54));
#9428 = LINE('',#9429,#9430);
#9429 = CARTESIAN_POINT('',(5.333333333333E-02,-5.026666666667,
    8.646666666667));
#9430 = VECTOR('',#9431,1.);
#9431 = DIRECTION('',(-0.57735026919,-0.57735026919,0.57735026919));
#9432 = ORIENTED_EDGE('',*,*,#9433,.F.);
#9433 = EDGE_CURVE('',#9417,#9426,#9434,.T.);
#9434 = LINE('',#9435,#9436);
#9435 = CARTESIAN_POINT('',(-0.32,-4.92,8.54));
#9436 = VECTOR('',#9437,1.);
#9437 = DIRECTION('',(1.,0.,0.));
#9438 = PLANE('',#9439);
#9439 = AXIS2_PLACEMENT_3D('',#9440,#9441,#9442);
#9440 = CARTESIAN_POINT('',(-0.32,-4.84,8.46));
#9441 = DIRECTION('',(1.735167508357E-18,0.707106781187,0.707106781187)
  );
#9442 = DIRECTION('',(-1.,1.226948711654E-18,1.226948711654E-18));
#9443 = ADVANCED_FACE('',(#9444),#9462,.F.);
#9444 = FACE_BOUND('',#9445,.F.);
#9445 = EDGE_LOOP('',(#9446,#9454,#9455,#9456));
#9446 = ORIENTED_EDGE('',*,*,#9447,.F.);
#9447 = EDGE_CURVE('',#8872,#9448,#9450,.T.);
#9448 = VERTEX_POINT('',#9449);
#9449 = CARTESIAN_POINT('',(-0.16,-5.24,8.54));
#9450 = LINE('',#9451,#9452);
#9451 = CARTESIAN_POINT('',(-0.266666666667,-5.346666666667,
    8.433333333333));
#9452 = VECTOR('',#9453,1.);
#9453 = DIRECTION('',(0.57735026919,0.57735026919,0.57735026919));
#9454 = ORIENTED_EDGE('',*,*,#8881,.T.);
#9455 = ORIENTED_EDGE('',*,*,#9416,.T.);
#9456 = ORIENTED_EDGE('',*,*,#9457,.F.);
#9457 = EDGE_CURVE('',#9448,#9417,#9458,.T.);
#9458 = LINE('',#9459,#9460);
#9459 = CARTESIAN_POINT('',(-0.16,-5.4,8.54));
#9460 = VECTOR('',#9461,1.);
#9461 = DIRECTION('',(0.,1.,0.));
#9462 = PLANE('',#9463);
#9463 = AXIS2_PLACEMENT_3D('',#9464,#9465,#9466);
#9464 = CARTESIAN_POINT('',(-0.24,-5.4,8.46));
#9465 = DIRECTION('',(0.707106781187,1.735167508357E-18,-0.707106781187)
  );
#9466 = DIRECTION('',(-1.226948711654E-18,1.,1.226948711654E-18));
#9467 = ADVANCED_FACE('',(#9468),#9486,.F.);
#9468 = FACE_BOUND('',#9469,.T.);
#9469 = EDGE_LOOP('',(#9470,#9471,#9472,#9480));
#9470 = ORIENTED_EDGE('',*,*,#9447,.F.);
#9471 = ORIENTED_EDGE('',*,*,#8905,.T.);
#9472 = ORIENTED_EDGE('',*,*,#9473,.T.);
#9473 = EDGE_CURVE('',#8896,#9474,#9476,.T.);
#9474 = VERTEX_POINT('',#9475);
#9475 = CARTESIAN_POINT('',(0.16,-5.24,8.54));
#9476 = LINE('',#9477,#9478);
#9477 = CARTESIAN_POINT('',(0.16,-5.24,8.54));
#9478 = VECTOR('',#9479,1.);
#9479 = DIRECTION('',(-0.57735026919,0.57735026919,0.57735026919));
#9480 = ORIENTED_EDGE('',*,*,#9481,.F.);
#9481 = EDGE_CURVE('',#9448,#9474,#9482,.T.);
#9482 = LINE('',#9483,#9484);
#9483 = CARTESIAN_POINT('',(-0.32,-5.24,8.54));
#9484 = VECTOR('',#9485,1.);
#9485 = DIRECTION('',(1.,0.,0.));
#9486 = PLANE('',#9487);
#9487 = AXIS2_PLACEMENT_3D('',#9488,#9489,#9490);
#9488 = CARTESIAN_POINT('',(-0.32,-5.32,8.46));
#9489 = DIRECTION('',(-1.735167508357E-18,0.707106781187,-0.707106781187
    ));
#9490 = DIRECTION('',(-1.,-1.226948711654E-18,1.226948711654E-18));
#9491 = ADVANCED_FACE('',(#9492),#9503,.T.);
#9492 = FACE_BOUND('',#9493,.T.);
#9493 = EDGE_LOOP('',(#9494,#9495,#9496,#9497));
#9494 = ORIENTED_EDGE('',*,*,#9473,.F.);
#9495 = ORIENTED_EDGE('',*,*,#8922,.T.);
#9496 = ORIENTED_EDGE('',*,*,#9425,.T.);
#9497 = ORIENTED_EDGE('',*,*,#9498,.F.);
#9498 = EDGE_CURVE('',#9474,#9426,#9499,.T.);
#9499 = LINE('',#9500,#9501);
#9500 = CARTESIAN_POINT('',(0.16,-5.4,8.54));
#9501 = VECTOR('',#9502,1.);
#9502 = DIRECTION('',(0.,1.,0.));
#9503 = PLANE('',#9504);
#9504 = AXIS2_PLACEMENT_3D('',#9505,#9506,#9507);
#9505 = CARTESIAN_POINT('',(0.24,-5.4,8.46));
#9506 = DIRECTION('',(0.707106781187,-1.735167508357E-18,0.707106781187)
  );
#9507 = DIRECTION('',(1.226948711654E-18,1.,1.226948711654E-18));
#9508 = ADVANCED_FACE('',(#9509),#9515,.F.);
#9509 = FACE_BOUND('',#9510,.F.);
#9510 = EDGE_LOOP('',(#9511,#9512,#9513,#9514));
#9511 = ORIENTED_EDGE('',*,*,#8977,.F.);
#9512 = ORIENTED_EDGE('',*,*,#9001,.F.);
#9513 = ORIENTED_EDGE('',*,*,#9018,.T.);
#9514 = ORIENTED_EDGE('',*,*,#8953,.T.);
#9515 = PLANE('',#9516);
#9516 = AXIS2_PLACEMENT_3D('',#9517,#9518,#9519);
#9517 = CARTESIAN_POINT('',(-0.32,-0.32,-3.));
#9518 = DIRECTION('',(0.,0.,1.));
#9519 = DIRECTION('',(1.,0.,-0.));
#9520 = ADVANCED_FACE('',(#9521),#9527,.F.);
#9521 = FACE_BOUND('',#9522,.F.);
#9522 = EDGE_LOOP('',(#9523,#9524,#9525,#9526));
#9523 = ORIENTED_EDGE('',*,*,#9097,.F.);
#9524 = ORIENTED_EDGE('',*,*,#9114,.F.);
#9525 = ORIENTED_EDGE('',*,*,#9049,.T.);
#9526 = ORIENTED_EDGE('',*,*,#9073,.T.);
#9527 = PLANE('',#9528);
#9528 = AXIS2_PLACEMENT_3D('',#9529,#9530,#9531);
#9529 = CARTESIAN_POINT('',(-0.32,-2.86,-3.));
#9530 = DIRECTION('',(0.,0.,1.));
#9531 = DIRECTION('',(1.,0.,-0.));
#9532 = ADVANCED_FACE('',(#9533),#9539,.F.);
#9533 = FACE_BOUND('',#9534,.F.);
#9534 = EDGE_LOOP('',(#9535,#9536,#9537,#9538));
#9535 = ORIENTED_EDGE('',*,*,#9145,.F.);
#9536 = ORIENTED_EDGE('',*,*,#9169,.F.);
#9537 = ORIENTED_EDGE('',*,*,#9193,.T.);
#9538 = ORIENTED_EDGE('',*,*,#9210,.T.);
#9539 = PLANE('',#9540);
#9540 = AXIS2_PLACEMENT_3D('',#9541,#9542,#9543);
#9541 = CARTESIAN_POINT('',(-0.32,-5.4,-3.));
#9542 = DIRECTION('',(0.,0.,1.));
#9543 = DIRECTION('',(1.,0.,-0.));
#9544 = ADVANCED_FACE('',(#9545),#9551,.T.);
#9545 = FACE_BOUND('',#9546,.T.);
#9546 = EDGE_LOOP('',(#9547,#9548,#9549,#9550));
#9547 = ORIENTED_EDGE('',*,*,#9306,.T.);
#9548 = ORIENTED_EDGE('',*,*,#9241,.T.);
#9549 = ORIENTED_EDGE('',*,*,#9265,.F.);
#9550 = ORIENTED_EDGE('',*,*,#9289,.F.);
#9551 = PLANE('',#9552);
#9552 = AXIS2_PLACEMENT_3D('',#9553,#9554,#9555);
#9553 = CARTESIAN_POINT('',(-0.32,-0.32,8.54));
#9554 = DIRECTION('',(0.,0.,1.));
#9555 = DIRECTION('',(1.,0.,-0.));
#9556 = ADVANCED_FACE('',(#9557),#9563,.T.);
#9557 = FACE_BOUND('',#9558,.T.);
#9558 = EDGE_LOOP('',(#9559,#9560,#9561,#9562));
#9559 = ORIENTED_EDGE('',*,*,#9337,.T.);
#9560 = ORIENTED_EDGE('',*,*,#9361,.T.);
#9561 = ORIENTED_EDGE('',*,*,#9385,.F.);
#9562 = ORIENTED_EDGE('',*,*,#9402,.F.);
#9563 = PLANE('',#9564);
#9564 = AXIS2_PLACEMENT_3D('',#9565,#9566,#9567);
#9565 = CARTESIAN_POINT('',(-0.32,-2.86,8.54));
#9566 = DIRECTION('',(0.,0.,1.));
#9567 = DIRECTION('',(1.,0.,-0.));
#9568 = ADVANCED_FACE('',(#9569),#9575,.T.);
#9569 = FACE_BOUND('',#9570,.T.);
#9570 = EDGE_LOOP('',(#9571,#9572,#9573,#9574));
#9571 = ORIENTED_EDGE('',*,*,#9481,.T.);
#9572 = ORIENTED_EDGE('',*,*,#9498,.T.);
#9573 = ORIENTED_EDGE('',*,*,#9433,.F.);
#9574 = ORIENTED_EDGE('',*,*,#9457,.F.);
#9575 = PLANE('',#9576);
#9576 = AXIS2_PLACEMENT_3D('',#9577,#9578,#9579);
#9577 = CARTESIAN_POINT('',(-0.32,-5.4,8.54));
#9578 = DIRECTION('',(0.,0.,1.));
#9579 = DIRECTION('',(1.,0.,-0.));
#9580 = ( GEOMETRIC_REPRESENTATION_CONTEXT(3) 
GLOBAL_UNCERTAINTY_ASSIGNED_CONTEXT((#9584)) 
GLOBAL_UNIT_ASSIGNED_CONTEXT((#9581,#9582,#9583)) REPRESENTATION_CONTEXT
('Context #1','3D Context with UNIT and UNCERTAINTY') );
#9581 = ( LENGTH_UNIT() NAMED_UNIT(*) SI_UNIT(.MILLI.,.METRE.) );
#9582 = ( NAMED_UNIT(*) PLANE_ANGLE_UNIT() SI_UNIT($,.RADIAN.) );
#9583 = ( NAMED_UNIT(*) SI_UNIT($,.STERADIAN.) SOLID_ANGLE_UNIT() );
#9584 = UNCERTAINTY_MEASURE_WITH_UNIT(LENGTH_MEASURE(1.E-07),#9581,
  'distance_accuracy_value','confusion accuracy');
#9585 = CONTEXT_DEPENDENT_SHAPE_REPRESENTATION(#9586,#9588);
#9586 = ( REPRESENTATION_RELATIONSHIP('','',#7473,#10) 
REPRESENTATION_RELATIONSHIP_WITH_TRANSFORMATION(#9587) 
SHAPE_REPRESENTATION_RELATIONSHIP() );
#9587 = ITEM_DEFINED_TRANSFORMATION('','',#11,#31);
#9588 = PRODUCT_DEFINITION_SHAPE('Placement','Placement of an item',
  #9589);
#9589 = NEXT_ASSEMBLY_USAGE_OCCURRENCE('5','U3','',#5,#7468,$);
#9590 = PRODUCT_RELATED_PRODUCT_CATEGORY('part',$,(#7470));
#9591 = SHAPE_DEFINITION_REPRESENTATION(#9592,#9598);
#9592 = PRODUCT_DEFINITION_SHAPE('','',#9593);
#9593 = PRODUCT_DEFINITION('design','',#9594,#9597);
#9594 = PRODUCT_DEFINITION_FORMATION('','',#9595);
#9595 = PRODUCT('PinSocket_1x04_P2.54mm_Vertical',
  'PinSocket_1x04_P2.54mm_Vertical','',(#9596));
#9596 = PRODUCT_CONTEXT('',#2,'mechanical');
#9597 = PRODUCT_DEFINITION_CONTEXT('part definition',#2,'design');
#9598 = ADVANCED_BREP_SHAPE_REPRESENTATION('',(#11,#9599),#12985);
#9599 = MANIFOLD_SOLID_BREP('',#9600);
#9600 = CLOSED_SHELL('',(#9601,#9641,#9704,#9767,#9784,#9937,#9959,#9976
    ,#10257,#10269,#10281,#10312,#10336,#10360,#10377,#10408,#10432,
    #10456,#10473,#10504,#10528,#10552,#10569,#10600,#10624,#10648,
    #10665,#10682,#10729,#10746,#10793,#10810,#10857,#10874,#10921,
    #10938,#10985,#11002,#11049,#11066,#11113,#11130,#11177,#11208,
    #11264,#11288,#11337,#11368,#11424,#11448,#11497,#11528,#11584,
    #11608,#11657,#11688,#11744,#11768,#11817,#11834,#11851,#11868,
    #11885,#11897,#11914,#11931,#11948,#11965,#11977,#11994,#12011,
    #12028,#12045,#12057,#12074,#12091,#12108,#12125,#12137,#12154,
    #12171,#12220,#12244,#12286,#12303,#12320,#12337,#12386,#12410,
    #12452,#12469,#12486,#12503,#12552,#12576,#12618,#12635,#12652,
    #12669,#12718,#12742,#12784,#12801,#12818,#12835,#12847,#12864,
    #12881,#12893,#12910,#12927,#12939,#12956,#12973));
#9601 = ADVANCED_FACE('',(#9602),#9636,.F.);
#9602 = FACE_BOUND('',#9603,.F.);
#9603 = EDGE_LOOP('',(#9604,#9614,#9622,#9630));
#9604 = ORIENTED_EDGE('',*,*,#9605,.T.);
#9605 = EDGE_CURVE('',#9606,#9608,#9610,.T.);
#9606 = VERTEX_POINT('',#9607);
#9607 = CARTESIAN_POINT('',(1.27,-8.89,0.));
#9608 = VERTEX_POINT('',#9609);
#9609 = CARTESIAN_POINT('',(1.27,-8.89,8.5));
#9610 = LINE('',#9611,#9612);
#9611 = CARTESIAN_POINT('',(1.27,-8.89,0.));
#9612 = VECTOR('',#9613,1.);
#9613 = DIRECTION('',(0.,0.,1.));
#9614 = ORIENTED_EDGE('',*,*,#9615,.T.);
#9615 = EDGE_CURVE('',#9608,#9616,#9618,.T.);
#9616 = VERTEX_POINT('',#9617);
#9617 = CARTESIAN_POINT('',(1.27,1.27,8.5));
#9618 = LINE('',#9619,#9620);
#9619 = CARTESIAN_POINT('',(1.27,-8.89,8.5));
#9620 = VECTOR('',#9621,1.);
#9621 = DIRECTION('',(1.110223024625E-16,1.,0.));
#9622 = ORIENTED_EDGE('',*,*,#9623,.F.);
#9623 = EDGE_CURVE('',#9624,#9616,#9626,.T.);
#9624 = VERTEX_POINT('',#9625);
#9625 = CARTESIAN_POINT('',(1.27,1.27,0.));
#9626 = LINE('',#9627,#9628);
#9627 = CARTESIAN_POINT('',(1.27,1.27,0.));
#9628 = VECTOR('',#9629,1.);
#9629 = DIRECTION('',(0.,0.,1.));
#9630 = ORIENTED_EDGE('',*,*,#9631,.F.);
#9631 = EDGE_CURVE('',#9606,#9624,#9632,.T.);
#9632 = LINE('',#9633,#9634);
#9633 = CARTESIAN_POINT('',(1.27,-8.89,0.));
#9634 = VECTOR('',#9635,1.);
#9635 = DIRECTION('',(1.110223024625E-16,1.,0.));
#9636 = PLANE('',#9637);
#9637 = AXIS2_PLACEMENT_3D('',#9638,#9639,#9640);
#9638 = CARTESIAN_POINT('',(1.27,-8.89,0.));
#9639 = DIRECTION('',(-1.,1.110223024625E-16,0.));
#9640 = DIRECTION('',(1.110223024625E-16,1.,0.));
#9641 = ADVANCED_FACE('',(#9642),#9699,.F.);
#9642 = FACE_BOUND('',#9643,.F.);
#9643 = EDGE_LOOP('',(#9644,#9654,#9662,#9668,#9669,#9677,#9685,#9693));
#9644 = ORIENTED_EDGE('',*,*,#9645,.F.);
#9645 = EDGE_CURVE('',#9646,#9648,#9650,.T.);
#9646 = VERTEX_POINT('',#9647);
#9647 = CARTESIAN_POINT('',(-1.27,-8.89,0.));
#9648 = VERTEX_POINT('',#9649);
#9649 = CARTESIAN_POINT('',(-0.846666666667,-8.89,0.));
#9650 = LINE('',#9651,#9652);
#9651 = CARTESIAN_POINT('',(-1.27,-8.89,0.));
#9652 = VECTOR('',#9653,1.);
#9653 = DIRECTION('',(1.,-1.110223024625E-16,0.));
#9654 = ORIENTED_EDGE('',*,*,#9655,.T.);
#9655 = EDGE_CURVE('',#9646,#9656,#9658,.T.);
#9656 = VERTEX_POINT('',#9657);
#9657 = CARTESIAN_POINT('',(-1.27,-8.89,8.5));
#9658 = LINE('',#9659,#9660);
#9659 = CARTESIAN_POINT('',(-1.27,-8.89,0.));
#9660 = VECTOR('',#9661,1.);
#9661 = DIRECTION('',(0.,0.,1.));
#9662 = ORIENTED_EDGE('',*,*,#9663,.T.);
#9663 = EDGE_CURVE('',#9656,#9608,#9664,.T.);
#9664 = LINE('',#9665,#9666);
#9665 = CARTESIAN_POINT('',(-1.27,-8.89,8.5));
#9666 = VECTOR('',#9667,1.);
#9667 = DIRECTION('',(1.,-1.110223024625E-16,0.));
#9668 = ORIENTED_EDGE('',*,*,#9605,.F.);
#9669 = ORIENTED_EDGE('',*,*,#9670,.F.);
#9670 = EDGE_CURVE('',#9671,#9606,#9673,.T.);
#9671 = VERTEX_POINT('',#9672);
#9672 = CARTESIAN_POINT('',(0.846666666667,-8.89,0.));
#9673 = LINE('',#9674,#9675);
#9674 = CARTESIAN_POINT('',(-1.27,-8.89,0.));
#9675 = VECTOR('',#9676,1.);
#9676 = DIRECTION('',(1.,-1.110223024625E-16,0.));
#9677 = ORIENTED_EDGE('',*,*,#9678,.T.);
#9678 = EDGE_CURVE('',#9671,#9679,#9681,.T.);
#9679 = VERTEX_POINT('',#9680);
#9680 = CARTESIAN_POINT('',(0.846666666667,-8.89,0.2));
#9681 = LINE('',#9682,#9683);
#9682 = CARTESIAN_POINT('',(0.846666666667,-8.89,0.));
#9683 = VECTOR('',#9684,1.);
#9684 = DIRECTION('',(0.,0.,1.));
#9685 = ORIENTED_EDGE('',*,*,#9686,.F.);
#9686 = EDGE_CURVE('',#9687,#9679,#9689,.T.);
#9687 = VERTEX_POINT('',#9688);
#9688 = CARTESIAN_POINT('',(-0.846666666667,-8.89,0.2));
#9689 = LINE('',#9690,#9691);
#9690 = CARTESIAN_POINT('',(-0.846666666667,-8.89,0.2));
#9691 = VECTOR('',#9692,1.);
#9692 = DIRECTION('',(1.,-1.110223024625E-16,0.));
#9693 = ORIENTED_EDGE('',*,*,#9694,.F.);
#9694 = EDGE_CURVE('',#9648,#9687,#9695,.T.);
#9695 = LINE('',#9696,#9697);
#9696 = CARTESIAN_POINT('',(-0.846666666667,-8.89,0.));
#9697 = VECTOR('',#9698,1.);
#9698 = DIRECTION('',(0.,0.,1.));
#9699 = PLANE('',#9700);
#9700 = AXIS2_PLACEMENT_3D('',#9701,#9702,#9703);
#9701 = CARTESIAN_POINT('',(-1.27,-8.89,0.));
#9702 = DIRECTION('',(1.110223024625E-16,1.,0.));
#9703 = DIRECTION('',(1.,-1.110223024625E-16,0.));
#9704 = ADVANCED_FACE('',(#9705),#9762,.F.);
#9705 = FACE_BOUND('',#9706,.F.);
#9706 = EDGE_LOOP('',(#9707,#9715,#9716,#9724,#9732,#9740,#9748,#9756));
#9707 = ORIENTED_EDGE('',*,*,#9708,.F.);
#9708 = EDGE_CURVE('',#9624,#9709,#9711,.T.);
#9709 = VERTEX_POINT('',#9710);
#9710 = CARTESIAN_POINT('',(0.846666666667,1.27,0.));
#9711 = LINE('',#9712,#9713);
#9712 = CARTESIAN_POINT('',(1.27,1.27,0.));
#9713 = VECTOR('',#9714,1.);
#9714 = DIRECTION('',(-1.,1.110223024625E-16,0.));
#9715 = ORIENTED_EDGE('',*,*,#9623,.T.);
#9716 = ORIENTED_EDGE('',*,*,#9717,.T.);
#9717 = EDGE_CURVE('',#9616,#9718,#9720,.T.);
#9718 = VERTEX_POINT('',#9719);
#9719 = CARTESIAN_POINT('',(-1.27,1.27,8.5));
#9720 = LINE('',#9721,#9722);
#9721 = CARTESIAN_POINT('',(1.27,1.27,8.5));
#9722 = VECTOR('',#9723,1.);
#9723 = DIRECTION('',(-1.,1.110223024625E-16,0.));
#9724 = ORIENTED_EDGE('',*,*,#9725,.F.);
#9725 = EDGE_CURVE('',#9726,#9718,#9728,.T.);
#9726 = VERTEX_POINT('',#9727);
#9727 = CARTESIAN_POINT('',(-1.27,1.27,0.));
#9728 = LINE('',#9729,#9730);
#9729 = CARTESIAN_POINT('',(-1.27,1.27,0.));
#9730 = VECTOR('',#9731,1.);
#9731 = DIRECTION('',(0.,0.,1.));
#9732 = ORIENTED_EDGE('',*,*,#9733,.F.);
#9733 = EDGE_CURVE('',#9734,#9726,#9736,.T.);
#9734 = VERTEX_POINT('',#9735);
#9735 = CARTESIAN_POINT('',(-0.846666666667,1.27,0.));
#9736 = LINE('',#9737,#9738);
#9737 = CARTESIAN_POINT('',(1.27,1.27,0.));
#9738 = VECTOR('',#9739,1.);
#9739 = DIRECTION('',(-1.,1.110223024625E-16,0.));
#9740 = ORIENTED_EDGE('',*,*,#9741,.T.);
#9741 = EDGE_CURVE('',#9734,#9742,#9744,.T.);
#9742 = VERTEX_POINT('',#9743);
#9743 = CARTESIAN_POINT('',(-0.846666666667,1.27,0.2));
#9744 = LINE('',#9745,#9746);
#9745 = CARTESIAN_POINT('',(-0.846666666667,1.27,0.));
#9746 = VECTOR('',#9747,1.);
#9747 = DIRECTION('',(0.,0.,1.));
#9748 = ORIENTED_EDGE('',*,*,#9749,.F.);
#9749 = EDGE_CURVE('',#9750,#9742,#9752,.T.);
#9750 = VERTEX_POINT('',#9751);
#9751 = CARTESIAN_POINT('',(0.846666666667,1.27,0.2));
#9752 = LINE('',#9753,#9754);
#9753 = CARTESIAN_POINT('',(0.846666666667,1.27,0.2));
#9754 = VECTOR('',#9755,1.);
#9755 = DIRECTION('',(-1.,1.110223024625E-16,0.));
#9756 = ORIENTED_EDGE('',*,*,#9757,.F.);
#9757 = EDGE_CURVE('',#9709,#9750,#9758,.T.);
#9758 = LINE('',#9759,#9760);
#9759 = CARTESIAN_POINT('',(0.846666666667,1.27,0.));
#9760 = VECTOR('',#9761,1.);
#9761 = DIRECTION('',(0.,0.,1.));
#9762 = PLANE('',#9763);
#9763 = AXIS2_PLACEMENT_3D('',#9764,#9765,#9766);
#9764 = CARTESIAN_POINT('',(1.27,1.27,0.));
#9765 = DIRECTION('',(-1.110223024625E-16,-1.,0.));
#9766 = DIRECTION('',(-1.,1.110223024625E-16,0.));
#9767 = ADVANCED_FACE('',(#9768),#9779,.F.);
#9768 = FACE_BOUND('',#9769,.F.);
#9769 = EDGE_LOOP('',(#9770,#9771,#9772,#9773));
#9770 = ORIENTED_EDGE('',*,*,#9670,.T.);
#9771 = ORIENTED_EDGE('',*,*,#9631,.T.);
#9772 = ORIENTED_EDGE('',*,*,#9708,.T.);
#9773 = ORIENTED_EDGE('',*,*,#9774,.F.);
#9774 = EDGE_CURVE('',#9671,#9709,#9775,.T.);
#9775 = LINE('',#9776,#9777);
#9776 = CARTESIAN_POINT('',(0.846666666667,-8.89,0.));
#9777 = VECTOR('',#9778,1.);
#9778 = DIRECTION('',(1.110223024625E-16,1.,0.));
#9779 = PLANE('',#9780);
#9780 = AXIS2_PLACEMENT_3D('',#9781,#9782,#9783);
#9781 = CARTESIAN_POINT('',(-3.952393967666E-16,-3.81,0.));
#9782 = DIRECTION('',(0.,0.,1.));
#9783 = DIRECTION('',(1.110223024625E-16,1.,-0.));
#9784 = ADVANCED_FACE('',(#9785,#9796,#9830,#9864,#9898),#9932,.T.);
#9785 = FACE_BOUND('',#9786,.T.);
#9786 = EDGE_LOOP('',(#9787,#9788,#9789,#9795));
#9787 = ORIENTED_EDGE('',*,*,#9615,.T.);
#9788 = ORIENTED_EDGE('',*,*,#9717,.T.);
#9789 = ORIENTED_EDGE('',*,*,#9790,.T.);
#9790 = EDGE_CURVE('',#9718,#9656,#9791,.T.);
#9791 = LINE('',#9792,#9793);
#9792 = CARTESIAN_POINT('',(-1.27,1.27,8.5));
#9793 = VECTOR('',#9794,1.);
#9794 = DIRECTION('',(-1.110223024625E-16,-1.,0.));
#9795 = ORIENTED_EDGE('',*,*,#9663,.T.);
#9796 = FACE_BOUND('',#9797,.T.);
#9797 = EDGE_LOOP('',(#9798,#9808,#9816,#9824));
#9798 = ORIENTED_EDGE('',*,*,#9799,.F.);
#9799 = EDGE_CURVE('',#9800,#9802,#9804,.T.);
#9800 = VERTEX_POINT('',#9801);
#9801 = CARTESIAN_POINT('',(0.6,-8.22,8.5));
#9802 = VERTEX_POINT('',#9803);
#9803 = CARTESIAN_POINT('',(0.6,-7.02,8.5));
#9804 = LINE('',#9805,#9806);
#9805 = CARTESIAN_POINT('',(0.6,-8.22,8.5));
#9806 = VECTOR('',#9807,1.);
#9807 = DIRECTION('',(1.110223024625E-16,1.,0.));
#9808 = ORIENTED_EDGE('',*,*,#9809,.F.);
#9809 = EDGE_CURVE('',#9810,#9800,#9812,.T.);
#9810 = VERTEX_POINT('',#9811);
#9811 = CARTESIAN_POINT('',(-0.6,-8.22,8.5));
#9812 = LINE('',#9813,#9814);
#9813 = CARTESIAN_POINT('',(-0.6,-8.22,8.5));
#9814 = VECTOR('',#9815,1.);
#9815 = DIRECTION('',(1.,-1.110223024625E-16,0.));
#9816 = ORIENTED_EDGE('',*,*,#9817,.F.);
#9817 = EDGE_CURVE('',#9818,#9810,#9820,.T.);
#9818 = VERTEX_POINT('',#9819);
#9819 = CARTESIAN_POINT('',(-0.6,-7.02,8.5));
#9820 = LINE('',#9821,#9822);
#9821 = CARTESIAN_POINT('',(-0.6,-7.02,8.5));
#9822 = VECTOR('',#9823,1.);
#9823 = DIRECTION('',(-1.110223024625E-16,-1.,0.));
#9824 = ORIENTED_EDGE('',*,*,#9825,.F.);
#9825 = EDGE_CURVE('',#9802,#9818,#9826,.T.);
#9826 = LINE('',#9827,#9828);
#9827 = CARTESIAN_POINT('',(0.6,-7.02,8.5));
#9828 = VECTOR('',#9829,1.);
#9829 = DIRECTION('',(-1.,1.110223024625E-16,0.));
#9830 = FACE_BOUND('',#9831,.T.);
#9831 = EDGE_LOOP('',(#9832,#9842,#9850,#9858));
#9832 = ORIENTED_EDGE('',*,*,#9833,.F.);
#9833 = EDGE_CURVE('',#9834,#9836,#9838,.T.);
#9834 = VERTEX_POINT('',#9835);
#9835 = CARTESIAN_POINT('',(0.6,-5.68,8.5));
#9836 = VERTEX_POINT('',#9837);
#9837 = CARTESIAN_POINT('',(0.6,-4.48,8.5));
#9838 = LINE('',#9839,#9840);
#9839 = CARTESIAN_POINT('',(0.6,-5.68,8.5));
#9840 = VECTOR('',#9841,1.);
#9841 = DIRECTION('',(1.110223024625E-16,1.,0.));
#9842 = ORIENTED_EDGE('',*,*,#9843,.F.);
#9843 = EDGE_CURVE('',#9844,#9834,#9846,.T.);
#9844 = VERTEX_POINT('',#9845);
#9845 = CARTESIAN_POINT('',(-0.6,-5.68,8.5));
#9846 = LINE('',#9847,#9848);
#9847 = CARTESIAN_POINT('',(-0.6,-5.68,8.5));
#9848 = VECTOR('',#9849,1.);
#9849 = DIRECTION('',(1.,-1.110223024625E-16,0.));
#9850 = ORIENTED_EDGE('',*,*,#9851,.F.);
#9851 = EDGE_CURVE('',#9852,#9844,#9854,.T.);
#9852 = VERTEX_POINT('',#9853);
#9853 = CARTESIAN_POINT('',(-0.6,-4.48,8.5));
#9854 = LINE('',#9855,#9856);
#9855 = CARTESIAN_POINT('',(-0.6,-4.48,8.5));
#9856 = VECTOR('',#9857,1.);
#9857 = DIRECTION('',(-1.110223024625E-16,-1.,0.));
#9858 = ORIENTED_EDGE('',*,*,#9859,.F.);
#9859 = EDGE_CURVE('',#9836,#9852,#9860,.T.);
#9860 = LINE('',#9861,#9862);
#9861 = CARTESIAN_POINT('',(0.6,-4.48,8.5));
#9862 = VECTOR('',#9863,1.);
#9863 = DIRECTION('',(-1.,1.110223024625E-16,0.));
#9864 = FACE_BOUND('',#9865,.T.);
#9865 = EDGE_LOOP('',(#9866,#9876,#9884,#9892));
#9866 = ORIENTED_EDGE('',*,*,#9867,.F.);
#9867 = EDGE_CURVE('',#9868,#9870,#9872,.T.);
#9868 = VERTEX_POINT('',#9869);
#9869 = CARTESIAN_POINT('',(0.6,-3.14,8.5));
#9870 = VERTEX_POINT('',#9871);
#9871 = CARTESIAN_POINT('',(0.6,-1.94,8.5));
#9872 = LINE('',#9873,#9874);
#9873 = CARTESIAN_POINT('',(0.6,-3.14,8.5));
#9874 = VECTOR('',#9875,1.);
#9875 = DIRECTION('',(1.110223024625E-16,1.,0.));
#9876 = ORIENTED_EDGE('',*,*,#9877,.F.);
#9877 = EDGE_CURVE('',#9878,#9868,#9880,.T.);
#9878 = VERTEX_POINT('',#9879);
#9879 = CARTESIAN_POINT('',(-0.6,-3.14,8.5));
#9880 = LINE('',#9881,#9882);
#9881 = CARTESIAN_POINT('',(-0.6,-3.14,8.5));
#9882 = VECTOR('',#9883,1.);
#9883 = DIRECTION('',(1.,-1.110223024625E-16,0.));
#9884 = ORIENTED_EDGE('',*,*,#9885,.F.);
#9885 = EDGE_CURVE('',#9886,#9878,#9888,.T.);
#9886 = VERTEX_POINT('',#9887);
#9887 = CARTESIAN_POINT('',(-0.6,-1.94,8.5));
#9888 = LINE('',#9889,#9890);
#9889 = CARTESIAN_POINT('',(-0.6,-1.94,8.5));
#9890 = VECTOR('',#9891,1.);
#9891 = DIRECTION('',(-1.110223024625E-16,-1.,0.));
#9892 = ORIENTED_EDGE('',*,*,#9893,.F.);
#9893 = EDGE_CURVE('',#9870,#9886,#9894,.T.);
#9894 = LINE('',#9895,#9896);
#9895 = CARTESIAN_POINT('',(0.6,-1.94,8.5));
#9896 = VECTOR('',#9897,1.);
#9897 = DIRECTION('',(-1.,1.110223024625E-16,0.));
#9898 = FACE_BOUND('',#9899,.T.);
#9899 = EDGE_LOOP('',(#9900,#9910,#9918,#9926));
#9900 = ORIENTED_EDGE('',*,*,#9901,.F.);
#9901 = EDGE_CURVE('',#9902,#9904,#9906,.T.);
#9902 = VERTEX_POINT('',#9903);
#9903 = CARTESIAN_POINT('',(0.6,-0.6,8.5));
#9904 = VERTEX_POINT('',#9905);
#9905 = CARTESIAN_POINT('',(0.6,0.6,8.5));
#9906 = LINE('',#9907,#9908);
#9907 = CARTESIAN_POINT('',(0.6,-0.6,8.5));
#9908 = VECTOR('',#9909,1.);
#9909 = DIRECTION('',(1.110223024625E-16,1.,0.));
#9910 = ORIENTED_EDGE('',*,*,#9911,.F.);
#9911 = EDGE_CURVE('',#9912,#9902,#9914,.T.);
#9912 = VERTEX_POINT('',#9913);
#9913 = CARTESIAN_POINT('',(-0.6,-0.6,8.5));
#9914 = LINE('',#9915,#9916);
#9915 = CARTESIAN_POINT('',(-0.6,-0.6,8.5));
#9916 = VECTOR('',#9917,1.);
#9917 = DIRECTION('',(1.,-1.110223024625E-16,0.));
#9918 = ORIENTED_EDGE('',*,*,#9919,.F.);
#9919 = EDGE_CURVE('',#9920,#9912,#9922,.T.);
#9920 = VERTEX_POINT('',#9921);
#9921 = CARTESIAN_POINT('',(-0.6,0.6,8.5));
#9922 = LINE('',#9923,#9924);
#9923 = CARTESIAN_POINT('',(-0.6,0.6,8.5));
#9924 = VECTOR('',#9925,1.);
#9925 = DIRECTION('',(-1.110223024625E-16,-1.,0.));
#9926 = ORIENTED_EDGE('',*,*,#9927,.F.);
#9927 = EDGE_CURVE('',#9904,#9920,#9928,.T.);
#9928 = LINE('',#9929,#9930);
#9929 = CARTESIAN_POINT('',(0.6,0.6,8.5));
#9930 = VECTOR('',#9931,1.);
#9931 = DIRECTION('',(-1.,1.110223024625E-16,0.));
#9932 = PLANE('',#9933);
#9933 = AXIS2_PLACEMENT_3D('',#9934,#9935,#9936);
#9934 = CARTESIAN_POINT('',(-3.952393967666E-16,-3.81,8.5));
#9935 = DIRECTION('',(0.,0.,1.));
#9936 = DIRECTION('',(1.110223024625E-16,1.,-0.));
#9937 = ADVANCED_FACE('',(#9938),#9954,.F.);
#9938 = FACE_BOUND('',#9939,.F.);
#9939 = EDGE_LOOP('',(#9940,#9941,#9947,#9948));
#9940 = ORIENTED_EDGE('',*,*,#9645,.T.);
#9941 = ORIENTED_EDGE('',*,*,#9942,.F.);
#9942 = EDGE_CURVE('',#9734,#9648,#9943,.T.);
#9943 = LINE('',#9944,#9945);
#9944 = CARTESIAN_POINT('',(-0.846666666667,1.27,0.));
#9945 = VECTOR('',#9946,1.);
#9946 = DIRECTION('',(-1.110223024625E-16,-1.,0.));
#9947 = ORIENTED_EDGE('',*,*,#9733,.T.);
#9948 = ORIENTED_EDGE('',*,*,#9949,.T.);
#9949 = EDGE_CURVE('',#9726,#9646,#9950,.T.);
#9950 = LINE('',#9951,#9952);
#9951 = CARTESIAN_POINT('',(-1.27,1.27,0.));
#9952 = VECTOR('',#9953,1.);
#9953 = DIRECTION('',(-1.110223024625E-16,-1.,0.));
#9954 = PLANE('',#9955);
#9955 = AXIS2_PLACEMENT_3D('',#9956,#9957,#9958);
#9956 = CARTESIAN_POINT('',(-3.952393967666E-16,-3.81,0.));
#9957 = DIRECTION('',(0.,0.,1.));
#9958 = DIRECTION('',(1.110223024625E-16,1.,-0.));
#9959 = ADVANCED_FACE('',(#9960),#9971,.T.);
#9960 = FACE_BOUND('',#9961,.T.);
#9961 = EDGE_LOOP('',(#9962,#9963,#9969,#9970));
#9962 = ORIENTED_EDGE('',*,*,#9741,.T.);
#9963 = ORIENTED_EDGE('',*,*,#9964,.T.);
#9964 = EDGE_CURVE('',#9742,#9687,#9965,.T.);
#9965 = LINE('',#9966,#9967);
#9966 = CARTESIAN_POINT('',(-0.846666666667,1.27,0.2));
#9967 = VECTOR('',#9968,1.);
#9968 = DIRECTION('',(-1.110223024625E-16,-1.,0.));
#9969 = ORIENTED_EDGE('',*,*,#9694,.F.);
#9970 = ORIENTED_EDGE('',*,*,#9942,.F.);
#9971 = PLANE('',#9972);
#9972 = AXIS2_PLACEMENT_3D('',#9973,#9974,#9975);
#9973 = CARTESIAN_POINT('',(-0.846666666667,1.27,0.));
#9974 = DIRECTION('',(1.,-1.110223024625E-16,0.));
#9975 = DIRECTION('',(-1.110223024625E-16,-1.,0.));
#9976 = ADVANCED_FACE('',(#9977,#9988,#10054,#10120,#10186),#10252,.F.);
#9977 = FACE_BOUND('',#9978,.F.);
#9978 = EDGE_LOOP('',(#9979,#9985,#9986,#9987));
#9979 = ORIENTED_EDGE('',*,*,#9980,.T.);
#9980 = EDGE_CURVE('',#9679,#9750,#9981,.T.);
#9981 = LINE('',#9982,#9983);
#9982 = CARTESIAN_POINT('',(0.846666666667,-8.89,0.2));
#9983 = VECTOR('',#9984,1.);
#9984 = DIRECTION('',(1.110223024625E-16,1.,0.));
#9985 = ORIENTED_EDGE('',*,*,#9749,.T.);
#9986 = ORIENTED_EDGE('',*,*,#9964,.T.);
#9987 = ORIENTED_EDGE('',*,*,#9686,.T.);
#9988 = FACE_BOUND('',#9989,.F.);
#9989 = EDGE_LOOP('',(#9990,#10000,#10008,#10016,#10024,#10032,#10040,
    #10048));
#9990 = ORIENTED_EDGE('',*,*,#9991,.F.);
#9991 = EDGE_CURVE('',#9992,#9994,#9996,.T.);
#9992 = VERTEX_POINT('',#9993);
#9993 = CARTESIAN_POINT('',(-0.1,-8.07,0.2));
#9994 = VERTEX_POINT('',#9995);
#9995 = CARTESIAN_POINT('',(0.1,-8.07,0.2));
#9996 = LINE('',#9997,#9998);
#9997 = CARTESIAN_POINT('',(-0.1,-8.07,0.2));
#9998 = VECTOR('',#9999,1.);
#9999 = DIRECTION('',(1.,-1.110223024625E-16,0.));
#10000 = ORIENTED_EDGE('',*,*,#10001,.T.);
#10001 = EDGE_CURVE('',#9992,#10002,#10004,.T.);
#10002 = VERTEX_POINT('',#10003);
#10003 = CARTESIAN_POINT('',(-0.1,-7.92,0.2));
#10004 = LINE('',#10005,#10006);
#10005 = CARTESIAN_POINT('',(-0.1,-8.07,0.2));
#10006 = VECTOR('',#10007,1.);
#10007 = DIRECTION('',(1.110223024625E-16,1.,0.));
#10008 = ORIENTED_EDGE('',*,*,#10009,.F.);
#10009 = EDGE_CURVE('',#10010,#10002,#10012,.T.);
#10010 = VERTEX_POINT('',#10011);
#10011 = CARTESIAN_POINT('',(-0.1,-7.32,0.2));
#10012 = LINE('',#10013,#10014);
#10013 = CARTESIAN_POINT('',(-0.1,-5.715,0.2));
#10014 = VECTOR('',#10015,1.);
#10015 = DIRECTION('',(-1.110223024625E-16,-1.,0.));
#10016 = ORIENTED_EDGE('',*,*,#10017,.T.);
#10017 = EDGE_CURVE('',#10010,#10018,#10020,.T.);
#10018 = VERTEX_POINT('',#10019);
#10019 = CARTESIAN_POINT('',(-0.1,-7.17,0.2));
#10020 = LINE('',#10021,#10022);
#10021 = CARTESIAN_POINT('',(-0.1,-8.07,0.2));
#10022 = VECTOR('',#10023,1.);
#10023 = DIRECTION('',(1.110223024625E-16,1.,0.));
#10024 = ORIENTED_EDGE('',*,*,#10025,.T.);
#10025 = EDGE_CURVE('',#10018,#10026,#10028,.T.);
#10026 = VERTEX_POINT('',#10027);
#10027 = CARTESIAN_POINT('',(0.1,-7.17,0.2));
#10028 = LINE('',#10029,#10030);
#10029 = CARTESIAN_POINT('',(-0.1,-7.17,0.2));
#10030 = VECTOR('',#10031,1.);
#10031 = DIRECTION('',(1.,-1.110223024625E-16,0.));
#10032 = ORIENTED_EDGE('',*,*,#10033,.T.);
#10033 = EDGE_CURVE('',#10026,#10034,#10036,.T.);
#10034 = VERTEX_POINT('',#10035);
#10035 = CARTESIAN_POINT('',(0.1,-7.32,0.2));
#10036 = LINE('',#10037,#10038);
#10037 = CARTESIAN_POINT('',(0.1,-7.17,0.2));
#10038 = VECTOR('',#10039,1.);
#10039 = DIRECTION('',(-1.110223024625E-16,-1.,0.));
#10040 = ORIENTED_EDGE('',*,*,#10041,.T.);
#10041 = EDGE_CURVE('',#10034,#10042,#10044,.T.);
#10042 = VERTEX_POINT('',#10043);
#10043 = CARTESIAN_POINT('',(0.1,-7.92,0.2));
#10044 = LINE('',#10045,#10046);
#10045 = CARTESIAN_POINT('',(0.1,-5.715,0.2));
#10046 = VECTOR('',#10047,1.);
#10047 = DIRECTION('',(-1.110223024625E-16,-1.,0.));
#10048 = ORIENTED_EDGE('',*,*,#10049,.T.);
#10049 = EDGE_CURVE('',#10042,#9994,#10050,.T.);
#10050 = LINE('',#10051,#10052);
#10051 = CARTESIAN_POINT('',(0.1,-7.17,0.2));
#10052 = VECTOR('',#10053,1.);
#10053 = DIRECTION('',(-1.110223024625E-16,-1.,0.));
#10054 = FACE_BOUND('',#10055,.F.);
#10055 = EDGE_LOOP('',(#10056,#10066,#10074,#10082,#10090,#10098,#10106,
    #10114));
#10056 = ORIENTED_EDGE('',*,*,#10057,.F.);
#10057 = EDGE_CURVE('',#10058,#10060,#10062,.T.);
#10058 = VERTEX_POINT('',#10059);
#10059 = CARTESIAN_POINT('',(-0.1,-5.53,0.2));
#10060 = VERTEX_POINT('',#10061);
#10061 = CARTESIAN_POINT('',(0.1,-5.53,0.2));
#10062 = LINE('',#10063,#10064);
#10063 = CARTESIAN_POINT('',(-0.1,-5.53,0.2));
#10064 = VECTOR('',#10065,1.);
#10065 = DIRECTION('',(1.,-1.110223024625E-16,0.));
#10066 = ORIENTED_EDGE('',*,*,#10067,.T.);
#10067 = EDGE_CURVE('',#10058,#10068,#10070,.T.);
#10068 = VERTEX_POINT('',#10069);
#10069 = CARTESIAN_POINT('',(-0.1,-5.38,0.2));
#10070 = LINE('',#10071,#10072);
#10071 = CARTESIAN_POINT('',(-0.1,-5.53,0.2));
#10072 = VECTOR('',#10073,1.);
#10073 = DIRECTION('',(1.110223024625E-16,1.,0.));
#10074 = ORIENTED_EDGE('',*,*,#10075,.F.);
#10075 = EDGE_CURVE('',#10076,#10068,#10078,.T.);
#10076 = VERTEX_POINT('',#10077);
#10077 = CARTESIAN_POINT('',(-0.1,-4.78,0.2));
#10078 = LINE('',#10079,#10080);
#10079 = CARTESIAN_POINT('',(-0.1,-4.445,0.2));
#10080 = VECTOR('',#10081,1.);
#10081 = DIRECTION('',(-1.110223024625E-16,-1.,0.));
#10082 = ORIENTED_EDGE('',*,*,#10083,.T.);
#10083 = EDGE_CURVE('',#10076,#10084,#10086,.T.);
#10084 = VERTEX_POINT('',#10085);
#10085 = CARTESIAN_POINT('',(-0.1,-4.63,0.2));
#10086 = LINE('',#10087,#10088);
#10087 = CARTESIAN_POINT('',(-0.1,-5.53,0.2));
#10088 = VECTOR('',#10089,1.);
#10089 = DIRECTION('',(1.110223024625E-16,1.,0.));
#10090 = ORIENTED_EDGE('',*,*,#10091,.T.);
#10091 = EDGE_CURVE('',#10084,#10092,#10094,.T.);
#10092 = VERTEX_POINT('',#10093);
#10093 = CARTESIAN_POINT('',(0.1,-4.63,0.2));
#10094 = LINE('',#10095,#10096);
#10095 = CARTESIAN_POINT('',(-0.1,-4.63,0.2));
#10096 = VECTOR('',#10097,1.);
#10097 = DIRECTION('',(1.,-1.110223024625E-16,0.));
#10098 = ORIENTED_EDGE('',*,*,#10099,.T.);
#10099 = EDGE_CURVE('',#10092,#10100,#10102,.T.);
#10100 = VERTEX_POINT('',#10101);
#10101 = CARTESIAN_POINT('',(0.1,-4.78,0.2));
#10102 = LINE('',#10103,#10104);
#10103 = CARTESIAN_POINT('',(0.1,-4.63,0.2));
#10104 = VECTOR('',#10105,1.);
#10105 = DIRECTION('',(-1.110223024625E-16,-1.,0.));
#10106 = ORIENTED_EDGE('',*,*,#10107,.T.);
#10107 = EDGE_CURVE('',#10100,#10108,#10110,.T.);
#10108 = VERTEX_POINT('',#10109);
#10109 = CARTESIAN_POINT('',(0.1,-5.38,0.2));
#10110 = LINE('',#10111,#10112);
#10111 = CARTESIAN_POINT('',(0.1,-4.445,0.2));
#10112 = VECTOR('',#10113,1.);
#10113 = DIRECTION('',(-1.110223024625E-16,-1.,0.));
#10114 = ORIENTED_EDGE('',*,*,#10115,.T.);
#10115 = EDGE_CURVE('',#10108,#10060,#10116,.T.);
#10116 = LINE('',#10117,#10118);
#10117 = CARTESIAN_POINT('',(0.1,-4.63,0.2));
#10118 = VECTOR('',#10119,1.);
#10119 = DIRECTION('',(-1.110223024625E-16,-1.,0.));
#10120 = FACE_BOUND('',#10121,.F.);
#10121 = EDGE_LOOP('',(#10122,#10132,#10140,#10148,#10156,#10164,#10172,
    #10180));
#10122 = ORIENTED_EDGE('',*,*,#10123,.F.);
#10123 = EDGE_CURVE('',#10124,#10126,#10128,.T.);
#10124 = VERTEX_POINT('',#10125);
#10125 = CARTESIAN_POINT('',(-0.1,-2.99,0.2));
#10126 = VERTEX_POINT('',#10127);
#10127 = CARTESIAN_POINT('',(0.1,-2.99,0.2));
#10128 = LINE('',#10129,#10130);
#10129 = CARTESIAN_POINT('',(-0.1,-2.99,0.2));
#10130 = VECTOR('',#10131,1.);
#10131 = DIRECTION('',(1.,-1.110223024625E-16,0.));
#10132 = ORIENTED_EDGE('',*,*,#10133,.T.);
#10133 = EDGE_CURVE('',#10124,#10134,#10136,.T.);
#10134 = VERTEX_POINT('',#10135);
#10135 = CARTESIAN_POINT('',(-0.1,-2.84,0.2));
#10136 = LINE('',#10137,#10138);
#10137 = CARTESIAN_POINT('',(-0.1,-2.99,0.2));
#10138 = VECTOR('',#10139,1.);
#10139 = DIRECTION('',(1.110223024625E-16,1.,0.));
#10140 = ORIENTED_EDGE('',*,*,#10141,.F.);
#10141 = EDGE_CURVE('',#10142,#10134,#10144,.T.);
#10142 = VERTEX_POINT('',#10143);
#10143 = CARTESIAN_POINT('',(-0.1,-2.24,0.2));
#10144 = LINE('',#10145,#10146);
#10145 = CARTESIAN_POINT('',(-0.1,-3.175,0.2));
#10146 = VECTOR('',#10147,1.);
#10147 = DIRECTION('',(-1.110223024625E-16,-1.,0.));
#10148 = ORIENTED_EDGE('',*,*,#10149,.T.);
#10149 = EDGE_CURVE('',#10142,#10150,#10152,.T.);
#10150 = VERTEX_POINT('',#10151);
#10151 = CARTESIAN_POINT('',(-0.1,-2.09,0.2));
#10152 = LINE('',#10153,#10154);
#10153 = CARTESIAN_POINT('',(-0.1,-2.99,0.2));
#10154 = VECTOR('',#10155,1.);
#10155 = DIRECTION('',(1.110223024625E-16,1.,0.));
#10156 = ORIENTED_EDGE('',*,*,#10157,.T.);
#10157 = EDGE_CURVE('',#10150,#10158,#10160,.T.);
#10158 = VERTEX_POINT('',#10159);
#10159 = CARTESIAN_POINT('',(0.1,-2.09,0.2));
#10160 = LINE('',#10161,#10162);
#10161 = CARTESIAN_POINT('',(-0.1,-2.09,0.2));
#10162 = VECTOR('',#10163,1.);
#10163 = DIRECTION('',(1.,-1.110223024625E-16,0.));
#10164 = ORIENTED_EDGE('',*,*,#10165,.T.);
#10165 = EDGE_CURVE('',#10158,#10166,#10168,.T.);
#10166 = VERTEX_POINT('',#10167);
#10167 = CARTESIAN_POINT('',(0.1,-2.24,0.2));
#10168 = LINE('',#10169,#10170);
#10169 = CARTESIAN_POINT('',(0.1,-2.09,0.2));
#10170 = VECTOR('',#10171,1.);
#10171 = DIRECTION('',(-1.110223024625E-16,-1.,0.));
#10172 = ORIENTED_EDGE('',*,*,#10173,.T.);
#10173 = EDGE_CURVE('',#10166,#10174,#10176,.T.);
#10174 = VERTEX_POINT('',#10175);
#10175 = CARTESIAN_POINT('',(0.1,-2.84,0.2));
#10176 = LINE('',#10177,#10178);
#10177 = CARTESIAN_POINT('',(0.1,-3.175,0.2));
#10178 = VECTOR('',#10179,1.);
#10179 = DIRECTION('',(-1.110223024625E-16,-1.,0.));
#10180 = ORIENTED_EDGE('',*,*,#10181,.T.);
#10181 = EDGE_CURVE('',#10174,#10126,#10182,.T.);
#10182 = LINE('',#10183,#10184);
#10183 = CARTESIAN_POINT('',(0.1,-2.09,0.2));
#10184 = VECTOR('',#10185,1.);
#10185 = DIRECTION('',(-1.110223024625E-16,-1.,0.));
#10186 = FACE_BOUND('',#10187,.F.);
#10187 = EDGE_LOOP('',(#10188,#10198,#10206,#10214,#10222,#10230,#10238,
    #10246));
#10188 = ORIENTED_EDGE('',*,*,#10189,.F.);
#10189 = EDGE_CURVE('',#10190,#10192,#10194,.T.);
#10190 = VERTEX_POINT('',#10191);
#10191 = CARTESIAN_POINT('',(-0.1,-0.45,0.2));
#10192 = VERTEX_POINT('',#10193);
#10193 = CARTESIAN_POINT('',(0.1,-0.45,0.2));
#10194 = LINE('',#10195,#10196);
#10195 = CARTESIAN_POINT('',(-0.1,-0.45,0.2));
#10196 = VECTOR('',#10197,1.);
#10197 = DIRECTION('',(1.,-1.110223024625E-16,0.));
#10198 = ORIENTED_EDGE('',*,*,#10199,.T.);
#10199 = EDGE_CURVE('',#10190,#10200,#10202,.T.);
#10200 = VERTEX_POINT('',#10201);
#10201 = CARTESIAN_POINT('',(-0.1,-0.3,0.2));
#10202 = LINE('',#10203,#10204);
#10203 = CARTESIAN_POINT('',(-0.1,-0.45,0.2));
#10204 = VECTOR('',#10205,1.);
#10205 = DIRECTION('',(1.110223024625E-16,1.,0.));
#10206 = ORIENTED_EDGE('',*,*,#10207,.F.);
#10207 = EDGE_CURVE('',#10208,#10200,#10210,.T.);
#10208 = VERTEX_POINT('',#10209);
#10209 = CARTESIAN_POINT('',(-0.1,0.3,0.2));
#10210 = LINE('',#10211,#10212);
#10211 = CARTESIAN_POINT('',(-0.1,-1.905,0.2));
#10212 = VECTOR('',#10213,1.);
#10213 = DIRECTION('',(-1.110223024625E-16,-1.,0.));
#10214 = ORIENTED_EDGE('',*,*,#10215,.T.);
#10215 = EDGE_CURVE('',#10208,#10216,#10218,.T.);
#10216 = VERTEX_POINT('',#10217);
#10217 = CARTESIAN_POINT('',(-0.1,0.45,0.2));
#10218 = LINE('',#10219,#10220);
#10219 = CARTESIAN_POINT('',(-0.1,-0.45,0.2));
#10220 = VECTOR('',#10221,1.);
#10221 = DIRECTION('',(1.110223024625E-16,1.,0.));
#10222 = ORIENTED_EDGE('',*,*,#10223,.T.);
#10223 = EDGE_CURVE('',#10216,#10224,#10226,.T.);
#10224 = VERTEX_POINT('',#10225);
#10225 = CARTESIAN_POINT('',(0.1,0.45,0.2));
#10226 = LINE('',#10227,#10228);
#10227 = CARTESIAN_POINT('',(-0.1,0.45,0.2));
#10228 = VECTOR('',#10229,1.);
#10229 = DIRECTION('',(1.,-1.110223024625E-16,0.));
#10230 = ORIENTED_EDGE('',*,*,#10231,.T.);
#10231 = EDGE_CURVE('',#10224,#10232,#10234,.T.);
#10232 = VERTEX_POINT('',#10233);
#10233 = CARTESIAN_POINT('',(0.1,0.3,0.2));
#10234 = LINE('',#10235,#10236);
#10235 = CARTESIAN_POINT('',(0.1,0.45,0.2));
#10236 = VECTOR('',#10237,1.);
#10237 = DIRECTION('',(-1.110223024625E-16,-1.,0.));
#10238 = ORIENTED_EDGE('',*,*,#10239,.T.);
#10239 = EDGE_CURVE('',#10232,#10240,#10242,.T.);
#10240 = VERTEX_POINT('',#10241);
#10241 = CARTESIAN_POINT('',(0.1,-0.3,0.2));
#10242 = LINE('',#10243,#10244);
#10243 = CARTESIAN_POINT('',(0.1,-1.905,0.2));
#10244 = VECTOR('',#10245,1.);
#10245 = DIRECTION('',(-1.110223024625E-16,-1.,0.));
#10246 = ORIENTED_EDGE('',*,*,#10247,.T.);
#10247 = EDGE_CURVE('',#10240,#10192,#10248,.T.);
#10248 = LINE('',#10249,#10250);
#10249 = CARTESIAN_POINT('',(0.1,0.45,0.2));
#10250 = VECTOR('',#10251,1.);
#10251 = DIRECTION('',(-1.110223024625E-16,-1.,0.));
#10252 = PLANE('',#10253);
#10253 = AXIS2_PLACEMENT_3D('',#10254,#10255,#10256);
#10254 = CARTESIAN_POINT('',(-3.952393967666E-16,-3.81,0.2));
#10255 = DIRECTION('',(0.,0.,1.));
#10256 = DIRECTION('',(1.110223024625E-16,1.,-0.));
#10257 = ADVANCED_FACE('',(#10258),#10264,.T.);
#10258 = FACE_BOUND('',#10259,.T.);
#10259 = EDGE_LOOP('',(#10260,#10261,#10262,#10263));
#10260 = ORIENTED_EDGE('',*,*,#9678,.T.);
#10261 = ORIENTED_EDGE('',*,*,#9980,.T.);
#10262 = ORIENTED_EDGE('',*,*,#9757,.F.);
#10263 = ORIENTED_EDGE('',*,*,#9774,.F.);
#10264 = PLANE('',#10265);
#10265 = AXIS2_PLACEMENT_3D('',#10266,#10267,#10268);
#10266 = CARTESIAN_POINT('',(0.846666666667,-8.89,0.));
#10267 = DIRECTION('',(-1.,1.110223024625E-16,0.));
#10268 = DIRECTION('',(1.110223024625E-16,1.,0.));
#10269 = ADVANCED_FACE('',(#10270),#10276,.F.);
#10270 = FACE_BOUND('',#10271,.F.);
#10271 = EDGE_LOOP('',(#10272,#10273,#10274,#10275));
#10272 = ORIENTED_EDGE('',*,*,#9725,.T.);
#10273 = ORIENTED_EDGE('',*,*,#9790,.T.);
#10274 = ORIENTED_EDGE('',*,*,#9655,.F.);
#10275 = ORIENTED_EDGE('',*,*,#9949,.F.);
#10276 = PLANE('',#10277);
#10277 = AXIS2_PLACEMENT_3D('',#10278,#10279,#10280);
#10278 = CARTESIAN_POINT('',(-1.27,1.27,0.));
#10279 = DIRECTION('',(1.,-1.110223024625E-16,0.));
#10280 = DIRECTION('',(-1.110223024625E-16,-1.,0.));
#10281 = ADVANCED_FACE('',(#10282),#10307,.T.);
#10282 = FACE_BOUND('',#10283,.T.);
#10283 = EDGE_LOOP('',(#10284,#10292,#10293,#10301));
#10284 = ORIENTED_EDGE('',*,*,#10285,.F.);
#10285 = EDGE_CURVE('',#9800,#10286,#10288,.T.);
#10286 = VERTEX_POINT('',#10287);
#10287 = CARTESIAN_POINT('',(0.3,-7.92,8.2));
#10288 = LINE('',#10289,#10290);
#10289 = CARTESIAN_POINT('',(0.3,-7.92,8.2));
#10290 = VECTOR('',#10291,1.);
#10291 = DIRECTION('',(-0.57735026919,0.57735026919,-0.57735026919));
#10292 = ORIENTED_EDGE('',*,*,#9799,.T.);
#10293 = ORIENTED_EDGE('',*,*,#10294,.T.);
#10294 = EDGE_CURVE('',#9802,#10295,#10297,.T.);
#10295 = VERTEX_POINT('',#10296);
#10296 = CARTESIAN_POINT('',(0.3,-7.32,8.2));
#10297 = LINE('',#10298,#10299);
#10298 = CARTESIAN_POINT('',(0.3,-7.32,8.2));
#10299 = VECTOR('',#10300,1.);
#10300 = DIRECTION('',(-0.57735026919,-0.57735026919,-0.57735026919));
#10301 = ORIENTED_EDGE('',*,*,#10302,.F.);
#10302 = EDGE_CURVE('',#10286,#10295,#10303,.T.);
#10303 = LINE('',#10304,#10305);
#10304 = CARTESIAN_POINT('',(0.3,-8.22,8.2));
#10305 = VECTOR('',#10306,1.);
#10306 = DIRECTION('',(1.110223024625E-16,1.,0.));
#10307 = PLANE('',#10308);
#10308 = AXIS2_PLACEMENT_3D('',#10309,#10310,#10311);
#10309 = CARTESIAN_POINT('',(0.45,-8.22,8.35));
#10310 = DIRECTION('',(-0.707106781187,7.850462293414E-17,0.707106781187
    ));
#10311 = DIRECTION('',(1.110223024625E-16,1.,2.680278185005E-29));
#10312 = ADVANCED_FACE('',(#10313),#10331,.T.);
#10313 = FACE_BOUND('',#10314,.T.);
#10314 = EDGE_LOOP('',(#10315,#10316,#10317,#10325));
#10315 = ORIENTED_EDGE('',*,*,#10294,.F.);
#10316 = ORIENTED_EDGE('',*,*,#9825,.T.);
#10317 = ORIENTED_EDGE('',*,*,#10318,.T.);
#10318 = EDGE_CURVE('',#9818,#10319,#10321,.T.);
#10319 = VERTEX_POINT('',#10320);
#10320 = CARTESIAN_POINT('',(-0.3,-7.32,8.2));
#10321 = LINE('',#10322,#10323);
#10322 = CARTESIAN_POINT('',(-0.3,-7.32,8.2));
#10323 = VECTOR('',#10324,1.);
#10324 = DIRECTION('',(0.57735026919,-0.57735026919,-0.57735026919));
#10325 = ORIENTED_EDGE('',*,*,#10326,.F.);
#10326 = EDGE_CURVE('',#10295,#10319,#10327,.T.);
#10327 = LINE('',#10328,#10329);
#10328 = CARTESIAN_POINT('',(0.6,-7.32,8.2));
#10329 = VECTOR('',#10330,1.);
#10330 = DIRECTION('',(-1.,1.110223024625E-16,0.));
#10331 = PLANE('',#10332);
#10332 = AXIS2_PLACEMENT_3D('',#10333,#10334,#10335);
#10333 = CARTESIAN_POINT('',(0.6,-7.17,8.35));
#10334 = DIRECTION('',(-8.197719098449E-17,-0.707106781187,
    0.707106781187));
#10335 = DIRECTION('',(-1.,1.13477778879E-16,-2.455476416522E-18));
#10336 = ADVANCED_FACE('',(#10337),#10355,.T.);
#10337 = FACE_BOUND('',#10338,.T.);
#10338 = EDGE_LOOP('',(#10339,#10340,#10341,#10349));
#10339 = ORIENTED_EDGE('',*,*,#10318,.F.);
#10340 = ORIENTED_EDGE('',*,*,#9817,.T.);
#10341 = ORIENTED_EDGE('',*,*,#10342,.T.);
#10342 = EDGE_CURVE('',#9810,#10343,#10345,.T.);
#10343 = VERTEX_POINT('',#10344);
#10344 = CARTESIAN_POINT('',(-0.3,-7.92,8.2));
#10345 = LINE('',#10346,#10347);
#10346 = CARTESIAN_POINT('',(-0.3,-7.92,8.2));
#10347 = VECTOR('',#10348,1.);
#10348 = DIRECTION('',(0.57735026919,0.57735026919,-0.57735026919));
#10349 = ORIENTED_EDGE('',*,*,#10350,.F.);
#10350 = EDGE_CURVE('',#10319,#10343,#10351,.T.);
#10351 = LINE('',#10352,#10353);
#10352 = CARTESIAN_POINT('',(-0.3,-7.02,8.2));
#10353 = VECTOR('',#10354,1.);
#10354 = DIRECTION('',(-1.110223024625E-16,-1.,0.));
#10355 = PLANE('',#10356);
#10356 = AXIS2_PLACEMENT_3D('',#10357,#10358,#10359);
#10357 = CARTESIAN_POINT('',(-0.45,-7.02,8.35));
#10358 = DIRECTION('',(0.707106781187,-7.850462293414E-17,0.707106781187
    ));
#10359 = DIRECTION('',(-1.110223024625E-16,-1.,2.680278185005E-29));
#10360 = ADVANCED_FACE('',(#10361),#10372,.T.);
#10361 = FACE_BOUND('',#10362,.T.);
#10362 = EDGE_LOOP('',(#10363,#10364,#10365,#10366));
#10363 = ORIENTED_EDGE('',*,*,#10342,.F.);
#10364 = ORIENTED_EDGE('',*,*,#9809,.T.);
#10365 = ORIENTED_EDGE('',*,*,#10285,.T.);
#10366 = ORIENTED_EDGE('',*,*,#10367,.F.);
#10367 = EDGE_CURVE('',#10343,#10286,#10368,.T.);
#10368 = LINE('',#10369,#10370);
#10369 = CARTESIAN_POINT('',(-0.6,-7.92,8.2));
#10370 = VECTOR('',#10371,1.);
#10371 = DIRECTION('',(1.,-1.110223024625E-16,0.));
#10372 = PLANE('',#10373);
#10373 = AXIS2_PLACEMENT_3D('',#10374,#10375,#10376);
#10374 = CARTESIAN_POINT('',(-0.6,-8.07,8.35));
#10375 = DIRECTION('',(8.197719098449E-17,0.707106781187,0.707106781187)
  );
#10376 = DIRECTION('',(1.,-1.13477778879E-16,-2.455476416522E-18));
#10377 = ADVANCED_FACE('',(#10378),#10403,.T.);
#10378 = FACE_BOUND('',#10379,.T.);
#10379 = EDGE_LOOP('',(#10380,#10388,#10389,#10397));
#10380 = ORIENTED_EDGE('',*,*,#10381,.F.);
#10381 = EDGE_CURVE('',#9834,#10382,#10384,.T.);
#10382 = VERTEX_POINT('',#10383);
#10383 = CARTESIAN_POINT('',(0.3,-5.38,8.2));
#10384 = LINE('',#10385,#10386);
#10385 = CARTESIAN_POINT('',(0.3,-5.38,8.2));
#10386 = VECTOR('',#10387,1.);
#10387 = DIRECTION('',(-0.57735026919,0.57735026919,-0.57735026919));
#10388 = ORIENTED_EDGE('',*,*,#9833,.T.);
#10389 = ORIENTED_EDGE('',*,*,#10390,.T.);
#10390 = EDGE_CURVE('',#9836,#10391,#10393,.T.);
#10391 = VERTEX_POINT('',#10392);
#10392 = CARTESIAN_POINT('',(0.3,-4.78,8.2));
#10393 = LINE('',#10394,#10395);
#10394 = CARTESIAN_POINT('',(0.3,-4.78,8.2));
#10395 = VECTOR('',#10396,1.);
#10396 = DIRECTION('',(-0.57735026919,-0.57735026919,-0.57735026919));
#10397 = ORIENTED_EDGE('',*,*,#10398,.F.);
#10398 = EDGE_CURVE('',#10382,#10391,#10399,.T.);
#10399 = LINE('',#10400,#10401);
#10400 = CARTESIAN_POINT('',(0.3,-5.68,8.2));
#10401 = VECTOR('',#10402,1.);
#10402 = DIRECTION('',(1.110223024625E-16,1.,0.));
#10403 = PLANE('',#10404);
#10404 = AXIS2_PLACEMENT_3D('',#10405,#10406,#10407);
#10405 = CARTESIAN_POINT('',(0.45,-5.68,8.35));
#10406 = DIRECTION('',(-0.707106781187,7.850462293414E-17,0.707106781187
    ));
#10407 = DIRECTION('',(1.110223024625E-16,1.,2.680278185005E-29));
#10408 = ADVANCED_FACE('',(#10409),#10427,.T.);
#10409 = FACE_BOUND('',#10410,.T.);
#10410 = EDGE_LOOP('',(#10411,#10412,#10413,#10421));
#10411 = ORIENTED_EDGE('',*,*,#10390,.F.);
#10412 = ORIENTED_EDGE('',*,*,#9859,.T.);
#10413 = ORIENTED_EDGE('',*,*,#10414,.T.);
#10414 = EDGE_CURVE('',#9852,#10415,#10417,.T.);
#10415 = VERTEX_POINT('',#10416);
#10416 = CARTESIAN_POINT('',(-0.3,-4.78,8.2));
#10417 = LINE('',#10418,#10419);
#10418 = CARTESIAN_POINT('',(-0.3,-4.78,8.2));
#10419 = VECTOR('',#10420,1.);
#10420 = DIRECTION('',(0.57735026919,-0.57735026919,-0.57735026919));
#10421 = ORIENTED_EDGE('',*,*,#10422,.F.);
#10422 = EDGE_CURVE('',#10391,#10415,#10423,.T.);
#10423 = LINE('',#10424,#10425);
#10424 = CARTESIAN_POINT('',(0.6,-4.78,8.2));
#10425 = VECTOR('',#10426,1.);
#10426 = DIRECTION('',(-1.,1.110223024625E-16,0.));
#10427 = PLANE('',#10428);
#10428 = AXIS2_PLACEMENT_3D('',#10429,#10430,#10431);
#10429 = CARTESIAN_POINT('',(0.6,-4.63,8.35));
#10430 = DIRECTION('',(-8.197719098449E-17,-0.707106781187,
    0.707106781187));
#10431 = DIRECTION('',(-1.,1.13477778879E-16,-2.455476416522E-18));
#10432 = ADVANCED_FACE('',(#10433),#10451,.T.);
#10433 = FACE_BOUND('',#10434,.T.);
#10434 = EDGE_LOOP('',(#10435,#10436,#10437,#10445));
#10435 = ORIENTED_EDGE('',*,*,#10414,.F.);
#10436 = ORIENTED_EDGE('',*,*,#9851,.T.);
#10437 = ORIENTED_EDGE('',*,*,#10438,.T.);
#10438 = EDGE_CURVE('',#9844,#10439,#10441,.T.);
#10439 = VERTEX_POINT('',#10440);
#10440 = CARTESIAN_POINT('',(-0.3,-5.38,8.2));
#10441 = LINE('',#10442,#10443);
#10442 = CARTESIAN_POINT('',(-0.3,-5.38,8.2));
#10443 = VECTOR('',#10444,1.);
#10444 = DIRECTION('',(0.57735026919,0.57735026919,-0.57735026919));
#10445 = ORIENTED_EDGE('',*,*,#10446,.F.);
#10446 = EDGE_CURVE('',#10415,#10439,#10447,.T.);
#10447 = LINE('',#10448,#10449);
#10448 = CARTESIAN_POINT('',(-0.3,-4.48,8.2));
#10449 = VECTOR('',#10450,1.);
#10450 = DIRECTION('',(-1.110223024625E-16,-1.,0.));
#10451 = PLANE('',#10452);
#10452 = AXIS2_PLACEMENT_3D('',#10453,#10454,#10455);
#10453 = CARTESIAN_POINT('',(-0.45,-4.48,8.35));
#10454 = DIRECTION('',(0.707106781187,-7.850462293414E-17,0.707106781187
    ));
#10455 = DIRECTION('',(-1.110223024625E-16,-1.,2.680278185005E-29));
#10456 = ADVANCED_FACE('',(#10457),#10468,.T.);
#10457 = FACE_BOUND('',#10458,.T.);
#10458 = EDGE_LOOP('',(#10459,#10460,#10461,#10462));
#10459 = ORIENTED_EDGE('',*,*,#10438,.F.);
#10460 = ORIENTED_EDGE('',*,*,#9843,.T.);
#10461 = ORIENTED_EDGE('',*,*,#10381,.T.);
#10462 = ORIENTED_EDGE('',*,*,#10463,.F.);
#10463 = EDGE_CURVE('',#10439,#10382,#10464,.T.);
#10464 = LINE('',#10465,#10466);
#10465 = CARTESIAN_POINT('',(-0.6,-5.38,8.2));
#10466 = VECTOR('',#10467,1.);
#10467 = DIRECTION('',(1.,-1.110223024625E-16,0.));
#10468 = PLANE('',#10469);
#10469 = AXIS2_PLACEMENT_3D('',#10470,#10471,#10472);
#10470 = CARTESIAN_POINT('',(-0.6,-5.53,8.35));
#10471 = DIRECTION('',(8.197719098449E-17,0.707106781187,0.707106781187)
  );
#10472 = DIRECTION('',(1.,-1.13477778879E-16,-2.455476416522E-18));
#10473 = ADVANCED_FACE('',(#10474),#10499,.T.);
#10474 = FACE_BOUND('',#10475,.T.);
#10475 = EDGE_LOOP('',(#10476,#10484,#10485,#10493));
#10476 = ORIENTED_EDGE('',*,*,#10477,.F.);
#10477 = EDGE_CURVE('',#9868,#10478,#10480,.T.);
#10478 = VERTEX_POINT('',#10479);
#10479 = CARTESIAN_POINT('',(0.3,-2.84,8.2));
#10480 = LINE('',#10481,#10482);
#10481 = CARTESIAN_POINT('',(0.3,-2.84,8.2));
#10482 = VECTOR('',#10483,1.);
#10483 = DIRECTION('',(-0.57735026919,0.57735026919,-0.57735026919));
#10484 = ORIENTED_EDGE('',*,*,#9867,.T.);
#10485 = ORIENTED_EDGE('',*,*,#10486,.T.);
#10486 = EDGE_CURVE('',#9870,#10487,#10489,.T.);
#10487 = VERTEX_POINT('',#10488);
#10488 = CARTESIAN_POINT('',(0.3,-2.24,8.2));
#10489 = LINE('',#10490,#10491);
#10490 = CARTESIAN_POINT('',(0.3,-2.24,8.2));
#10491 = VECTOR('',#10492,1.);
#10492 = DIRECTION('',(-0.57735026919,-0.57735026919,-0.57735026919));
#10493 = ORIENTED_EDGE('',*,*,#10494,.F.);
#10494 = EDGE_CURVE('',#10478,#10487,#10495,.T.);
#10495 = LINE('',#10496,#10497);
#10496 = CARTESIAN_POINT('',(0.3,-3.14,8.2));
#10497 = VECTOR('',#10498,1.);
#10498 = DIRECTION('',(1.110223024625E-16,1.,0.));
#10499 = PLANE('',#10500);
#10500 = AXIS2_PLACEMENT_3D('',#10501,#10502,#10503);
#10501 = CARTESIAN_POINT('',(0.45,-3.14,8.35));
#10502 = DIRECTION('',(-0.707106781187,7.850462293414E-17,0.707106781187
    ));
#10503 = DIRECTION('',(1.110223024625E-16,1.,2.680278185005E-29));
#10504 = ADVANCED_FACE('',(#10505),#10523,.T.);
#10505 = FACE_BOUND('',#10506,.T.);
#10506 = EDGE_LOOP('',(#10507,#10508,#10509,#10517));
#10507 = ORIENTED_EDGE('',*,*,#10486,.F.);
#10508 = ORIENTED_EDGE('',*,*,#9893,.T.);
#10509 = ORIENTED_EDGE('',*,*,#10510,.T.);
#10510 = EDGE_CURVE('',#9886,#10511,#10513,.T.);
#10511 = VERTEX_POINT('',#10512);
#10512 = CARTESIAN_POINT('',(-0.3,-2.24,8.2));
#10513 = LINE('',#10514,#10515);
#10514 = CARTESIAN_POINT('',(-0.3,-2.24,8.2));
#10515 = VECTOR('',#10516,1.);
#10516 = DIRECTION('',(0.57735026919,-0.57735026919,-0.57735026919));
#10517 = ORIENTED_EDGE('',*,*,#10518,.F.);
#10518 = EDGE_CURVE('',#10487,#10511,#10519,.T.);
#10519 = LINE('',#10520,#10521);
#10520 = CARTESIAN_POINT('',(0.6,-2.24,8.2));
#10521 = VECTOR('',#10522,1.);
#10522 = DIRECTION('',(-1.,1.110223024625E-16,0.));
#10523 = PLANE('',#10524);
#10524 = AXIS2_PLACEMENT_3D('',#10525,#10526,#10527);
#10525 = CARTESIAN_POINT('',(0.6,-2.09,8.35));
#10526 = DIRECTION('',(-8.197719098449E-17,-0.707106781187,
    0.707106781187));
#10527 = DIRECTION('',(-1.,1.13477778879E-16,-2.455476416522E-18));
#10528 = ADVANCED_FACE('',(#10529),#10547,.T.);
#10529 = FACE_BOUND('',#10530,.T.);
#10530 = EDGE_LOOP('',(#10531,#10532,#10533,#10541));
#10531 = ORIENTED_EDGE('',*,*,#10510,.F.);
#10532 = ORIENTED_EDGE('',*,*,#9885,.T.);
#10533 = ORIENTED_EDGE('',*,*,#10534,.T.);
#10534 = EDGE_CURVE('',#9878,#10535,#10537,.T.);
#10535 = VERTEX_POINT('',#10536);
#10536 = CARTESIAN_POINT('',(-0.3,-2.84,8.2));
#10537 = LINE('',#10538,#10539);
#10538 = CARTESIAN_POINT('',(-0.3,-2.84,8.2));
#10539 = VECTOR('',#10540,1.);
#10540 = DIRECTION('',(0.57735026919,0.57735026919,-0.57735026919));
#10541 = ORIENTED_EDGE('',*,*,#10542,.F.);
#10542 = EDGE_CURVE('',#10511,#10535,#10543,.T.);
#10543 = LINE('',#10544,#10545);
#10544 = CARTESIAN_POINT('',(-0.3,-1.94,8.2));
#10545 = VECTOR('',#10546,1.);
#10546 = DIRECTION('',(-1.110223024625E-16,-1.,0.));
#10547 = PLANE('',#10548);
#10548 = AXIS2_PLACEMENT_3D('',#10549,#10550,#10551);
#10549 = CARTESIAN_POINT('',(-0.45,-1.94,8.35));
#10550 = DIRECTION('',(0.707106781187,-7.850462293414E-17,0.707106781187
    ));
#10551 = DIRECTION('',(-1.110223024625E-16,-1.,2.680278185005E-29));
#10552 = ADVANCED_FACE('',(#10553),#10564,.T.);
#10553 = FACE_BOUND('',#10554,.T.);
#10554 = EDGE_LOOP('',(#10555,#10556,#10557,#10558));
#10555 = ORIENTED_EDGE('',*,*,#10534,.F.);
#10556 = ORIENTED_EDGE('',*,*,#9877,.T.);
#10557 = ORIENTED_EDGE('',*,*,#10477,.T.);
#10558 = ORIENTED_EDGE('',*,*,#10559,.F.);
#10559 = EDGE_CURVE('',#10535,#10478,#10560,.T.);
#10560 = LINE('',#10561,#10562);
#10561 = CARTESIAN_POINT('',(-0.6,-2.84,8.2));
#10562 = VECTOR('',#10563,1.);
#10563 = DIRECTION('',(1.,-1.110223024625E-16,0.));
#10564 = PLANE('',#10565);
#10565 = AXIS2_PLACEMENT_3D('',#10566,#10567,#10568);
#10566 = CARTESIAN_POINT('',(-0.6,-2.99,8.35));
#10567 = DIRECTION('',(8.197719098449E-17,0.707106781187,0.707106781187)
  );
#10568 = DIRECTION('',(1.,-1.13477778879E-16,-2.455476416522E-18));
#10569 = ADVANCED_FACE('',(#10570),#10595,.T.);
#10570 = FACE_BOUND('',#10571,.T.);
#10571 = EDGE_LOOP('',(#10572,#10580,#10581,#10589));
#10572 = ORIENTED_EDGE('',*,*,#10573,.F.);
#10573 = EDGE_CURVE('',#9902,#10574,#10576,.T.);
#10574 = VERTEX_POINT('',#10575);
#10575 = CARTESIAN_POINT('',(0.3,-0.3,8.2));
#10576 = LINE('',#10577,#10578);
#10577 = CARTESIAN_POINT('',(0.3,-0.3,8.2));
#10578 = VECTOR('',#10579,1.);
#10579 = DIRECTION('',(-0.57735026919,0.57735026919,-0.57735026919));
#10580 = ORIENTED_EDGE('',*,*,#9901,.T.);
#10581 = ORIENTED_EDGE('',*,*,#10582,.T.);
#10582 = EDGE_CURVE('',#9904,#10583,#10585,.T.);
#10583 = VERTEX_POINT('',#10584);
#10584 = CARTESIAN_POINT('',(0.3,0.3,8.2));
#10585 = LINE('',#10586,#10587);
#10586 = CARTESIAN_POINT('',(0.3,0.3,8.2));
#10587 = VECTOR('',#10588,1.);
#10588 = DIRECTION('',(-0.57735026919,-0.57735026919,-0.57735026919));
#10589 = ORIENTED_EDGE('',*,*,#10590,.F.);
#10590 = EDGE_CURVE('',#10574,#10583,#10591,.T.);
#10591 = LINE('',#10592,#10593);
#10592 = CARTESIAN_POINT('',(0.3,-0.6,8.2));
#10593 = VECTOR('',#10594,1.);
#10594 = DIRECTION('',(1.110223024625E-16,1.,0.));
#10595 = PLANE('',#10596);
#10596 = AXIS2_PLACEMENT_3D('',#10597,#10598,#10599);
#10597 = CARTESIAN_POINT('',(0.45,-0.6,8.35));
#10598 = DIRECTION('',(-0.707106781187,7.850462293414E-17,0.707106781187
    ));
#10599 = DIRECTION('',(1.110223024625E-16,1.,2.680278185005E-29));
#10600 = ADVANCED_FACE('',(#10601),#10619,.T.);
#10601 = FACE_BOUND('',#10602,.T.);
#10602 = EDGE_LOOP('',(#10603,#10604,#10605,#10613));
#10603 = ORIENTED_EDGE('',*,*,#10582,.F.);
#10604 = ORIENTED_EDGE('',*,*,#9927,.T.);
#10605 = ORIENTED_EDGE('',*,*,#10606,.T.);
#10606 = EDGE_CURVE('',#9920,#10607,#10609,.T.);
#10607 = VERTEX_POINT('',#10608);
#10608 = CARTESIAN_POINT('',(-0.3,0.3,8.2));
#10609 = LINE('',#10610,#10611);
#10610 = CARTESIAN_POINT('',(-0.3,0.3,8.2));
#10611 = VECTOR('',#10612,1.);
#10612 = DIRECTION('',(0.57735026919,-0.57735026919,-0.57735026919));
#10613 = ORIENTED_EDGE('',*,*,#10614,.F.);
#10614 = EDGE_CURVE('',#10583,#10607,#10615,.T.);
#10615 = LINE('',#10616,#10617);
#10616 = CARTESIAN_POINT('',(0.6,0.3,8.2));
#10617 = VECTOR('',#10618,1.);
#10618 = DIRECTION('',(-1.,1.110223024625E-16,0.));
#10619 = PLANE('',#10620);
#10620 = AXIS2_PLACEMENT_3D('',#10621,#10622,#10623);
#10621 = CARTESIAN_POINT('',(0.6,0.45,8.35));
#10622 = DIRECTION('',(-8.197719098449E-17,-0.707106781187,
    0.707106781187));
#10623 = DIRECTION('',(-1.,1.13477778879E-16,-2.455476416522E-18));
#10624 = ADVANCED_FACE('',(#10625),#10643,.T.);
#10625 = FACE_BOUND('',#10626,.T.);
#10626 = EDGE_LOOP('',(#10627,#10628,#10629,#10637));
#10627 = ORIENTED_EDGE('',*,*,#10606,.F.);
#10628 = ORIENTED_EDGE('',*,*,#9919,.T.);
#10629 = ORIENTED_EDGE('',*,*,#10630,.T.);
#10630 = EDGE_CURVE('',#9912,#10631,#10633,.T.);
#10631 = VERTEX_POINT('',#10632);
#10632 = CARTESIAN_POINT('',(-0.3,-0.3,8.2));
#10633 = LINE('',#10634,#10635);
#10634 = CARTESIAN_POINT('',(-0.3,-0.3,8.2));
#10635 = VECTOR('',#10636,1.);
#10636 = DIRECTION('',(0.57735026919,0.57735026919,-0.57735026919));
#10637 = ORIENTED_EDGE('',*,*,#10638,.F.);
#10638 = EDGE_CURVE('',#10607,#10631,#10639,.T.);
#10639 = LINE('',#10640,#10641);
#10640 = CARTESIAN_POINT('',(-0.3,0.6,8.2));
#10641 = VECTOR('',#10642,1.);
#10642 = DIRECTION('',(-1.110223024625E-16,-1.,0.));
#10643 = PLANE('',#10644);
#10644 = AXIS2_PLACEMENT_3D('',#10645,#10646,#10647);
#10645 = CARTESIAN_POINT('',(-0.45,0.6,8.35));
#10646 = DIRECTION('',(0.707106781187,-7.850462293414E-17,0.707106781187
    ));
#10647 = DIRECTION('',(-1.110223024625E-16,-1.,2.680278185005E-29));
#10648 = ADVANCED_FACE('',(#10649),#10660,.T.);
#10649 = FACE_BOUND('',#10650,.T.);
#10650 = EDGE_LOOP('',(#10651,#10652,#10653,#10654));
#10651 = ORIENTED_EDGE('',*,*,#10630,.F.);
#10652 = ORIENTED_EDGE('',*,*,#9911,.T.);
#10653 = ORIENTED_EDGE('',*,*,#10573,.T.);
#10654 = ORIENTED_EDGE('',*,*,#10655,.F.);
#10655 = EDGE_CURVE('',#10631,#10574,#10656,.T.);
#10656 = LINE('',#10657,#10658);
#10657 = CARTESIAN_POINT('',(-0.6,-0.3,8.2));
#10658 = VECTOR('',#10659,1.);
#10659 = DIRECTION('',(1.,-1.110223024625E-16,0.));
#10660 = PLANE('',#10661);
#10661 = AXIS2_PLACEMENT_3D('',#10662,#10663,#10664);
#10662 = CARTESIAN_POINT('',(-0.6,-0.45,8.35));
#10663 = DIRECTION('',(8.197719098449E-17,0.707106781187,0.707106781187)
  );
#10664 = DIRECTION('',(1.,-1.13477778879E-16,-2.455476416522E-18));
#10665 = ADVANCED_FACE('',(#10666),#10677,.T.);
#10666 = FACE_BOUND('',#10667,.T.);
#10667 = EDGE_LOOP('',(#10668,#10669,#10670,#10676));
#10668 = ORIENTED_EDGE('',*,*,#9991,.F.);
#10669 = ORIENTED_EDGE('',*,*,#10001,.T.);
#10670 = ORIENTED_EDGE('',*,*,#10671,.T.);
#10671 = EDGE_CURVE('',#10002,#10042,#10672,.T.);
#10672 = LINE('',#10673,#10674);
#10673 = CARTESIAN_POINT('',(-0.1,-7.92,0.2));
#10674 = VECTOR('',#10675,1.);
#10675 = DIRECTION('',(1.,-1.110223024625E-16,0.));
#10676 = ORIENTED_EDGE('',*,*,#10049,.T.);
#10677 = PLANE('',#10678);
#10678 = AXIS2_PLACEMENT_3D('',#10679,#10680,#10681);
#10679 = CARTESIAN_POINT('',(-0.1,-7.92,0.2));
#10680 = DIRECTION('',(0.,-0.,-1.));
#10681 = DIRECTION('',(-1.110223024625E-16,-1.,0.));
#10682 = ADVANCED_FACE('',(#10683),#10724,.F.);
#10683 = FACE_BOUND('',#10684,.F.);
#10684 = EDGE_LOOP('',(#10685,#10693,#10694,#10702,#10710,#10718));
#10685 = ORIENTED_EDGE('',*,*,#10686,.T.);
#10686 = EDGE_CURVE('',#10687,#10042,#10689,.T.);
#10687 = VERTEX_POINT('',#10688);
#10688 = CARTESIAN_POINT('',(0.1,-7.92,-2.5));
#10689 = LINE('',#10690,#10691);
#10690 = CARTESIAN_POINT('',(0.1,-7.92,-2.5));
#10691 = VECTOR('',#10692,1.);
#10692 = DIRECTION('',(0.,0.,1.));
#10693 = ORIENTED_EDGE('',*,*,#10041,.F.);
#10694 = ORIENTED_EDGE('',*,*,#10695,.T.);
#10695 = EDGE_CURVE('',#10034,#10696,#10698,.T.);
#10696 = VERTEX_POINT('',#10697);
#10697 = CARTESIAN_POINT('',(0.1,-7.32,-2.5));
#10698 = LINE('',#10699,#10700);
#10699 = CARTESIAN_POINT('',(0.1,-7.32,0.2));
#10700 = VECTOR('',#10701,1.);
#10701 = DIRECTION('',(0.,0.,-1.));
#10702 = ORIENTED_EDGE('',*,*,#10703,.T.);
#10703 = EDGE_CURVE('',#10696,#10704,#10706,.T.);
#10704 = VERTEX_POINT('',#10705);
#10705 = CARTESIAN_POINT('',(0.1,-7.47,-3.1));
#10706 = LINE('',#10707,#10708);
#10707 = CARTESIAN_POINT('',(0.1,-7.32,-2.5));
#10708 = VECTOR('',#10709,1.);
#10709 = DIRECTION('',(-2.692686352073E-17,-0.242535625036,
    -0.970142500145));
#10710 = ORIENTED_EDGE('',*,*,#10711,.T.);
#10711 = EDGE_CURVE('',#10704,#10712,#10714,.T.);
#10712 = VERTEX_POINT('',#10713);
#10713 = CARTESIAN_POINT('',(0.1,-7.77,-3.1));
#10714 = LINE('',#10715,#10716);
#10715 = CARTESIAN_POINT('',(0.1,-7.47,-3.1));
#10716 = VECTOR('',#10717,1.);
#10717 = DIRECTION('',(-1.110223024625E-16,-1.,0.));
#10718 = ORIENTED_EDGE('',*,*,#10719,.T.);
#10719 = EDGE_CURVE('',#10712,#10687,#10720,.T.);
#10720 = LINE('',#10721,#10722);
#10721 = CARTESIAN_POINT('',(0.1,-7.77,-3.1));
#10722 = VECTOR('',#10723,1.);
#10723 = DIRECTION('',(-2.692686352073E-17,-0.242535625036,
    0.970142500145));
#10724 = PLANE('',#10725);
#10725 = AXIS2_PLACEMENT_3D('',#10726,#10727,#10728);
#10726 = CARTESIAN_POINT('',(0.1,-7.62,3.911477598424));
#10727 = DIRECTION('',(-1.,1.110223024625E-16,0.));
#10728 = DIRECTION('',(0.,0.,1.));
#10729 = ADVANCED_FACE('',(#10730),#10741,.T.);
#10730 = FACE_BOUND('',#10731,.T.);
#10731 = EDGE_LOOP('',(#10732,#10738,#10739,#10740));
#10732 = ORIENTED_EDGE('',*,*,#10733,.F.);
#10733 = EDGE_CURVE('',#10010,#10034,#10734,.T.);
#10734 = LINE('',#10735,#10736);
#10735 = CARTESIAN_POINT('',(-0.1,-7.32,0.2));
#10736 = VECTOR('',#10737,1.);
#10737 = DIRECTION('',(1.,-1.110223024625E-16,0.));
#10738 = ORIENTED_EDGE('',*,*,#10017,.T.);
#10739 = ORIENTED_EDGE('',*,*,#10025,.T.);
#10740 = ORIENTED_EDGE('',*,*,#10033,.T.);
#10741 = PLANE('',#10742);
#10742 = AXIS2_PLACEMENT_3D('',#10743,#10744,#10745);
#10743 = CARTESIAN_POINT('',(-0.1,-7.92,0.2));
#10744 = DIRECTION('',(0.,-0.,-1.));
#10745 = DIRECTION('',(-1.110223024625E-16,-1.,0.));
#10746 = ADVANCED_FACE('',(#10747),#10788,.T.);
#10747 = FACE_BOUND('',#10748,.T.);
#10748 = EDGE_LOOP('',(#10749,#10757,#10758,#10766,#10774,#10782));
#10749 = ORIENTED_EDGE('',*,*,#10750,.T.);
#10750 = EDGE_CURVE('',#10751,#10002,#10753,.T.);
#10751 = VERTEX_POINT('',#10752);
#10752 = CARTESIAN_POINT('',(-0.1,-7.92,-2.5));
#10753 = LINE('',#10754,#10755);
#10754 = CARTESIAN_POINT('',(-0.1,-7.92,-2.5));
#10755 = VECTOR('',#10756,1.);
#10756 = DIRECTION('',(0.,0.,1.));
#10757 = ORIENTED_EDGE('',*,*,#10009,.F.);
#10758 = ORIENTED_EDGE('',*,*,#10759,.T.);
#10759 = EDGE_CURVE('',#10010,#10760,#10762,.T.);
#10760 = VERTEX_POINT('',#10761);
#10761 = CARTESIAN_POINT('',(-0.1,-7.32,-2.5));
#10762 = LINE('',#10763,#10764);
#10763 = CARTESIAN_POINT('',(-0.1,-7.32,0.2));
#10764 = VECTOR('',#10765,1.);
#10765 = DIRECTION('',(0.,0.,-1.));
#10766 = ORIENTED_EDGE('',*,*,#10767,.T.);
#10767 = EDGE_CURVE('',#10760,#10768,#10770,.T.);
#10768 = VERTEX_POINT('',#10769);
#10769 = CARTESIAN_POINT('',(-0.1,-7.47,-3.1));
#10770 = LINE('',#10771,#10772);
#10771 = CARTESIAN_POINT('',(-0.1,-7.32,-2.5));
#10772 = VECTOR('',#10773,1.);
#10773 = DIRECTION('',(-2.692686352073E-17,-0.242535625036,
    -0.970142500145));
#10774 = ORIENTED_EDGE('',*,*,#10775,.F.);
#10775 = EDGE_CURVE('',#10776,#10768,#10778,.T.);
#10776 = VERTEX_POINT('',#10777);
#10777 = CARTESIAN_POINT('',(-0.1,-7.77,-3.1));
#10778 = LINE('',#10779,#10780);
#10779 = CARTESIAN_POINT('',(-0.1,-7.77,-3.1));
#10780 = VECTOR('',#10781,1.);
#10781 = DIRECTION('',(1.110223024625E-16,1.,0.));
#10782 = ORIENTED_EDGE('',*,*,#10783,.T.);
#10783 = EDGE_CURVE('',#10776,#10751,#10784,.T.);
#10784 = LINE('',#10785,#10786);
#10785 = CARTESIAN_POINT('',(-0.1,-7.77,-3.1));
#10786 = VECTOR('',#10787,1.);
#10787 = DIRECTION('',(-2.692686352073E-17,-0.242535625036,
    0.970142500145));
#10788 = PLANE('',#10789);
#10789 = AXIS2_PLACEMENT_3D('',#10790,#10791,#10792);
#10790 = CARTESIAN_POINT('',(-0.1,-7.62,3.911477598424));
#10791 = DIRECTION('',(-1.,1.110223024625E-16,0.));
#10792 = DIRECTION('',(0.,0.,1.));
#10793 = ADVANCED_FACE('',(#10794),#10805,.T.);
#10794 = FACE_BOUND('',#10795,.T.);
#10795 = EDGE_LOOP('',(#10796,#10797,#10798,#10804));
#10796 = ORIENTED_EDGE('',*,*,#10057,.F.);
#10797 = ORIENTED_EDGE('',*,*,#10067,.T.);
#10798 = ORIENTED_EDGE('',*,*,#10799,.T.);
#10799 = EDGE_CURVE('',#10068,#10108,#10800,.T.);
#10800 = LINE('',#10801,#10802);
#10801 = CARTESIAN_POINT('',(-0.1,-5.38,0.2));
#10802 = VECTOR('',#10803,1.);
#10803 = DIRECTION('',(1.,-1.110223024625E-16,0.));
#10804 = ORIENTED_EDGE('',*,*,#10115,.T.);
#10805 = PLANE('',#10806);
#10806 = AXIS2_PLACEMENT_3D('',#10807,#10808,#10809);
#10807 = CARTESIAN_POINT('',(-0.1,-5.38,0.2));
#10808 = DIRECTION('',(0.,-0.,-1.));
#10809 = DIRECTION('',(-1.110223024625E-16,-1.,0.));
#10810 = ADVANCED_FACE('',(#10811),#10852,.F.);
#10811 = FACE_BOUND('',#10812,.F.);
#10812 = EDGE_LOOP('',(#10813,#10821,#10822,#10830,#10838,#10846));
#10813 = ORIENTED_EDGE('',*,*,#10814,.T.);
#10814 = EDGE_CURVE('',#10815,#10108,#10817,.T.);
#10815 = VERTEX_POINT('',#10816);
#10816 = CARTESIAN_POINT('',(0.1,-5.38,-2.5));
#10817 = LINE('',#10818,#10819);
#10818 = CARTESIAN_POINT('',(0.1,-5.38,-2.5));
#10819 = VECTOR('',#10820,1.);
#10820 = DIRECTION('',(0.,0.,1.));
#10821 = ORIENTED_EDGE('',*,*,#10107,.F.);
#10822 = ORIENTED_EDGE('',*,*,#10823,.T.);
#10823 = EDGE_CURVE('',#10100,#10824,#10826,.T.);
#10824 = VERTEX_POINT('',#10825);
#10825 = CARTESIAN_POINT('',(0.1,-4.78,-2.5));
#10826 = LINE('',#10827,#10828);
#10827 = CARTESIAN_POINT('',(0.1,-4.78,0.2));
#10828 = VECTOR('',#10829,1.);
#10829 = DIRECTION('',(0.,0.,-1.));
#10830 = ORIENTED_EDGE('',*,*,#10831,.T.);
#10831 = EDGE_CURVE('',#10824,#10832,#10834,.T.);
#10832 = VERTEX_POINT('',#10833);
#10833 = CARTESIAN_POINT('',(0.1,-4.93,-3.1));
#10834 = LINE('',#10835,#10836);
#10835 = CARTESIAN_POINT('',(0.1,-4.78,-2.5));
#10836 = VECTOR('',#10837,1.);
#10837 = DIRECTION('',(-2.692686352073E-17,-0.242535625036,
    -0.970142500145));
#10838 = ORIENTED_EDGE('',*,*,#10839,.T.);
#10839 = EDGE_CURVE('',#10832,#10840,#10842,.T.);
#10840 = VERTEX_POINT('',#10841);
#10841 = CARTESIAN_POINT('',(0.1,-5.23,-3.1));
#10842 = LINE('',#10843,#10844);
#10843 = CARTESIAN_POINT('',(0.1,-4.93,-3.1));
#10844 = VECTOR('',#10845,1.);
#10845 = DIRECTION('',(-1.110223024625E-16,-1.,0.));
#10846 = ORIENTED_EDGE('',*,*,#10847,.T.);
#10847 = EDGE_CURVE('',#10840,#10815,#10848,.T.);
#10848 = LINE('',#10849,#10850);
#10849 = CARTESIAN_POINT('',(0.1,-5.23,-3.1));
#10850 = VECTOR('',#10851,1.);
#10851 = DIRECTION('',(-2.692686352073E-17,-0.242535625036,
    0.970142500145));
#10852 = PLANE('',#10853);
#10853 = AXIS2_PLACEMENT_3D('',#10854,#10855,#10856);
#10854 = CARTESIAN_POINT('',(0.1,-5.08,3.911477598424));
#10855 = DIRECTION('',(-1.,1.110223024625E-16,0.));
#10856 = DIRECTION('',(0.,0.,1.));
#10857 = ADVANCED_FACE('',(#10858),#10869,.T.);
#10858 = FACE_BOUND('',#10859,.T.);
#10859 = EDGE_LOOP('',(#10860,#10866,#10867,#10868));
#10860 = ORIENTED_EDGE('',*,*,#10861,.F.);
#10861 = EDGE_CURVE('',#10076,#10100,#10862,.T.);
#10862 = LINE('',#10863,#10864);
#10863 = CARTESIAN_POINT('',(-0.1,-4.78,0.2));
#10864 = VECTOR('',#10865,1.);
#10865 = DIRECTION('',(1.,-1.110223024625E-16,0.));
#10866 = ORIENTED_EDGE('',*,*,#10083,.T.);
#10867 = ORIENTED_EDGE('',*,*,#10091,.T.);
#10868 = ORIENTED_EDGE('',*,*,#10099,.T.);
#10869 = PLANE('',#10870);
#10870 = AXIS2_PLACEMENT_3D('',#10871,#10872,#10873);
#10871 = CARTESIAN_POINT('',(-0.1,-5.38,0.2));
#10872 = DIRECTION('',(0.,-0.,-1.));
#10873 = DIRECTION('',(-1.110223024625E-16,-1.,0.));
#10874 = ADVANCED_FACE('',(#10875),#10916,.T.);
#10875 = FACE_BOUND('',#10876,.T.);
#10876 = EDGE_LOOP('',(#10877,#10885,#10886,#10894,#10902,#10910));
#10877 = ORIENTED_EDGE('',*,*,#10878,.T.);
#10878 = EDGE_CURVE('',#10879,#10068,#10881,.T.);
#10879 = VERTEX_POINT('',#10880);
#10880 = CARTESIAN_POINT('',(-0.1,-5.38,-2.5));
#10881 = LINE('',#10882,#10883);
#10882 = CARTESIAN_POINT('',(-0.1,-5.38,-2.5));
#10883 = VECTOR('',#10884,1.);
#10884 = DIRECTION('',(0.,0.,1.));
#10885 = ORIENTED_EDGE('',*,*,#10075,.F.);
#10886 = ORIENTED_EDGE('',*,*,#10887,.T.);
#10887 = EDGE_CURVE('',#10076,#10888,#10890,.T.);
#10888 = VERTEX_POINT('',#10889);
#10889 = CARTESIAN_POINT('',(-0.1,-4.78,-2.5));
#10890 = LINE('',#10891,#10892);
#10891 = CARTESIAN_POINT('',(-0.1,-4.78,0.2));
#10892 = VECTOR('',#10893,1.);
#10893 = DIRECTION('',(0.,0.,-1.));
#10894 = ORIENTED_EDGE('',*,*,#10895,.T.);
#10895 = EDGE_CURVE('',#10888,#10896,#10898,.T.);
#10896 = VERTEX_POINT('',#10897);
#10897 = CARTESIAN_POINT('',(-0.1,-4.93,-3.1));
#10898 = LINE('',#10899,#10900);
#10899 = CARTESIAN_POINT('',(-0.1,-4.78,-2.5));
#10900 = VECTOR('',#10901,1.);
#10901 = DIRECTION('',(-2.692686352073E-17,-0.242535625036,
    -0.970142500145));
#10902 = ORIENTED_EDGE('',*,*,#10903,.F.);
#10903 = EDGE_CURVE('',#10904,#10896,#10906,.T.);
#10904 = VERTEX_POINT('',#10905);
#10905 = CARTESIAN_POINT('',(-0.1,-5.23,-3.1));
#10906 = LINE('',#10907,#10908);
#10907 = CARTESIAN_POINT('',(-0.1,-5.23,-3.1));
#10908 = VECTOR('',#10909,1.);
#10909 = DIRECTION('',(1.110223024625E-16,1.,0.));
#10910 = ORIENTED_EDGE('',*,*,#10911,.T.);
#10911 = EDGE_CURVE('',#10904,#10879,#10912,.T.);
#10912 = LINE('',#10913,#10914);
#10913 = CARTESIAN_POINT('',(-0.1,-5.23,-3.1));
#10914 = VECTOR('',#10915,1.);
#10915 = DIRECTION('',(-2.692686352073E-17,-0.242535625036,
    0.970142500145));
#10916 = PLANE('',#10917);
#10917 = AXIS2_PLACEMENT_3D('',#10918,#10919,#10920);
#10918 = CARTESIAN_POINT('',(-0.1,-5.08,3.911477598424));
#10919 = DIRECTION('',(-1.,1.110223024625E-16,0.));
#10920 = DIRECTION('',(0.,0.,1.));
#10921 = ADVANCED_FACE('',(#10922),#10933,.T.);
#10922 = FACE_BOUND('',#10923,.T.);
#10923 = EDGE_LOOP('',(#10924,#10925,#10926,#10932));
#10924 = ORIENTED_EDGE('',*,*,#10123,.F.);
#10925 = ORIENTED_EDGE('',*,*,#10133,.T.);
#10926 = ORIENTED_EDGE('',*,*,#10927,.T.);
#10927 = EDGE_CURVE('',#10134,#10174,#10928,.T.);
#10928 = LINE('',#10929,#10930);
#10929 = CARTESIAN_POINT('',(-0.1,-2.84,0.2));
#10930 = VECTOR('',#10931,1.);
#10931 = DIRECTION('',(1.,-1.110223024625E-16,0.));
#10932 = ORIENTED_EDGE('',*,*,#10181,.T.);
#10933 = PLANE('',#10934);
#10934 = AXIS2_PLACEMENT_3D('',#10935,#10936,#10937);
#10935 = CARTESIAN_POINT('',(-0.1,-2.84,0.2));
#10936 = DIRECTION('',(0.,-0.,-1.));
#10937 = DIRECTION('',(-1.110223024625E-16,-1.,0.));
#10938 = ADVANCED_FACE('',(#10939),#10980,.F.);
#10939 = FACE_BOUND('',#10940,.F.);
#10940 = EDGE_LOOP('',(#10941,#10949,#10950,#10958,#10966,#10974));
#10941 = ORIENTED_EDGE('',*,*,#10942,.T.);
#10942 = EDGE_CURVE('',#10943,#10174,#10945,.T.);
#10943 = VERTEX_POINT('',#10944);
#10944 = CARTESIAN_POINT('',(0.1,-2.84,-2.5));
#10945 = LINE('',#10946,#10947);
#10946 = CARTESIAN_POINT('',(0.1,-2.84,-2.5));
#10947 = VECTOR('',#10948,1.);
#10948 = DIRECTION('',(0.,0.,1.));
#10949 = ORIENTED_EDGE('',*,*,#10173,.F.);
#10950 = ORIENTED_EDGE('',*,*,#10951,.T.);
#10951 = EDGE_CURVE('',#10166,#10952,#10954,.T.);
#10952 = VERTEX_POINT('',#10953);
#10953 = CARTESIAN_POINT('',(0.1,-2.24,-2.5));
#10954 = LINE('',#10955,#10956);
#10955 = CARTESIAN_POINT('',(0.1,-2.24,0.2));
#10956 = VECTOR('',#10957,1.);
#10957 = DIRECTION('',(0.,0.,-1.));
#10958 = ORIENTED_EDGE('',*,*,#10959,.T.);
#10959 = EDGE_CURVE('',#10952,#10960,#10962,.T.);
#10960 = VERTEX_POINT('',#10961);
#10961 = CARTESIAN_POINT('',(0.1,-2.39,-3.1));
#10962 = LINE('',#10963,#10964);
#10963 = CARTESIAN_POINT('',(0.1,-2.24,-2.5));
#10964 = VECTOR('',#10965,1.);
#10965 = DIRECTION('',(-2.692686352073E-17,-0.242535625036,
    -0.970142500145));
#10966 = ORIENTED_EDGE('',*,*,#10967,.T.);
#10967 = EDGE_CURVE('',#10960,#10968,#10970,.T.);
#10968 = VERTEX_POINT('',#10969);
#10969 = CARTESIAN_POINT('',(0.1,-2.69,-3.1));
#10970 = LINE('',#10971,#10972);
#10971 = CARTESIAN_POINT('',(0.1,-2.39,-3.1));
#10972 = VECTOR('',#10973,1.);
#10973 = DIRECTION('',(-1.110223024625E-16,-1.,0.));
#10974 = ORIENTED_EDGE('',*,*,#10975,.T.);
#10975 = EDGE_CURVE('',#10968,#10943,#10976,.T.);
#10976 = LINE('',#10977,#10978);
#10977 = CARTESIAN_POINT('',(0.1,-2.69,-3.1));
#10978 = VECTOR('',#10979,1.);
#10979 = DIRECTION('',(-2.692686352073E-17,-0.242535625036,
    0.970142500145));
#10980 = PLANE('',#10981);
#10981 = AXIS2_PLACEMENT_3D('',#10982,#10983,#10984);
#10982 = CARTESIAN_POINT('',(0.1,-2.54,3.911477598424));
#10983 = DIRECTION('',(-1.,1.110223024625E-16,0.));
#10984 = DIRECTION('',(0.,0.,1.));
#10985 = ADVANCED_FACE('',(#10986),#10997,.T.);
#10986 = FACE_BOUND('',#10987,.T.);
#10987 = EDGE_LOOP('',(#10988,#10994,#10995,#10996));
#10988 = ORIENTED_EDGE('',*,*,#10989,.F.);
#10989 = EDGE_CURVE('',#10142,#10166,#10990,.T.);
#10990 = LINE('',#10991,#10992);
#10991 = CARTESIAN_POINT('',(-0.1,-2.24,0.2));
#10992 = VECTOR('',#10993,1.);
#10993 = DIRECTION('',(1.,-1.110223024625E-16,0.));
#10994 = ORIENTED_EDGE('',*,*,#10149,.T.);
#10995 = ORIENTED_EDGE('',*,*,#10157,.T.);
#10996 = ORIENTED_EDGE('',*,*,#10165,.T.);
#10997 = PLANE('',#10998);
#10998 = AXIS2_PLACEMENT_3D('',#10999,#11000,#11001);
#10999 = CARTESIAN_POINT('',(-0.1,-2.84,0.2));
#11000 = DIRECTION('',(0.,-0.,-1.));
#11001 = DIRECTION('',(-1.110223024625E-16,-1.,0.));
#11002 = ADVANCED_FACE('',(#11003),#11044,.T.);
#11003 = FACE_BOUND('',#11004,.T.);
#11004 = EDGE_LOOP('',(#11005,#11013,#11014,#11022,#11030,#11038));
#11005 = ORIENTED_EDGE('',*,*,#11006,.T.);
#11006 = EDGE_CURVE('',#11007,#10134,#11009,.T.);
#11007 = VERTEX_POINT('',#11008);
#11008 = CARTESIAN_POINT('',(-0.1,-2.84,-2.5));
#11009 = LINE('',#11010,#11011);
#11010 = CARTESIAN_POINT('',(-0.1,-2.84,-2.5));
#11011 = VECTOR('',#11012,1.);
#11012 = DIRECTION('',(0.,0.,1.));
#11013 = ORIENTED_EDGE('',*,*,#10141,.F.);
#11014 = ORIENTED_EDGE('',*,*,#11015,.T.);
#11015 = EDGE_CURVE('',#10142,#11016,#11018,.T.);
#11016 = VERTEX_POINT('',#11017);
#11017 = CARTESIAN_POINT('',(-0.1,-2.24,-2.5));
#11018 = LINE('',#11019,#11020);
#11019 = CARTESIAN_POINT('',(-0.1,-2.24,0.2));
#11020 = VECTOR('',#11021,1.);
#11021 = DIRECTION('',(0.,0.,-1.));
#11022 = ORIENTED_EDGE('',*,*,#11023,.T.);
#11023 = EDGE_CURVE('',#11016,#11024,#11026,.T.);
#11024 = VERTEX_POINT('',#11025);
#11025 = CARTESIAN_POINT('',(-0.1,-2.39,-3.1));
#11026 = LINE('',#11027,#11028);
#11027 = CARTESIAN_POINT('',(-0.1,-2.24,-2.5));
#11028 = VECTOR('',#11029,1.);
#11029 = DIRECTION('',(-2.692686352073E-17,-0.242535625036,
    -0.970142500145));
#11030 = ORIENTED_EDGE('',*,*,#11031,.F.);
#11031 = EDGE_CURVE('',#11032,#11024,#11034,.T.);
#11032 = VERTEX_POINT('',#11033);
#11033 = CARTESIAN_POINT('',(-0.1,-2.69,-3.1));
#11034 = LINE('',#11035,#11036);
#11035 = CARTESIAN_POINT('',(-0.1,-2.69,-3.1));
#11036 = VECTOR('',#11037,1.);
#11037 = DIRECTION('',(1.110223024625E-16,1.,0.));
#11038 = ORIENTED_EDGE('',*,*,#11039,.T.);
#11039 = EDGE_CURVE('',#11032,#11007,#11040,.T.);
#11040 = LINE('',#11041,#11042);
#11041 = CARTESIAN_POINT('',(-0.1,-2.69,-3.1));
#11042 = VECTOR('',#11043,1.);
#11043 = DIRECTION('',(-2.692686352073E-17,-0.242535625036,
    0.970142500145));
#11044 = PLANE('',#11045);
#11045 = AXIS2_PLACEMENT_3D('',#11046,#11047,#11048);
#11046 = CARTESIAN_POINT('',(-0.1,-2.54,3.911477598424));
#11047 = DIRECTION('',(-1.,1.110223024625E-16,0.));
#11048 = DIRECTION('',(0.,0.,1.));
#11049 = ADVANCED_FACE('',(#11050),#11061,.T.);
#11050 = FACE_BOUND('',#11051,.T.);
#11051 = EDGE_LOOP('',(#11052,#11053,#11054,#11060));
#11052 = ORIENTED_EDGE('',*,*,#10189,.F.);
#11053 = ORIENTED_EDGE('',*,*,#10199,.T.);
#11054 = ORIENTED_EDGE('',*,*,#11055,.T.);
#11055 = EDGE_CURVE('',#10200,#10240,#11056,.T.);
#11056 = LINE('',#11057,#11058);
#11057 = CARTESIAN_POINT('',(-0.1,-0.3,0.2));
#11058 = VECTOR('',#11059,1.);
#11059 = DIRECTION('',(1.,-1.110223024625E-16,0.));
#11060 = ORIENTED_EDGE('',*,*,#10247,.T.);
#11061 = PLANE('',#11062);
#11062 = AXIS2_PLACEMENT_3D('',#11063,#11064,#11065);
#11063 = CARTESIAN_POINT('',(-0.1,-0.3,0.2));
#11064 = DIRECTION('',(0.,-0.,-1.));
#11065 = DIRECTION('',(-1.110223024625E-16,-1.,0.));
#11066 = ADVANCED_FACE('',(#11067),#11108,.F.);
#11067 = FACE_BOUND('',#11068,.F.);
#11068 = EDGE_LOOP('',(#11069,#11077,#11078,#11086,#11094,#11102));
#11069 = ORIENTED_EDGE('',*,*,#11070,.T.);
#11070 = EDGE_CURVE('',#11071,#10240,#11073,.T.);
#11071 = VERTEX_POINT('',#11072);
#11072 = CARTESIAN_POINT('',(0.1,-0.3,-2.5));
#11073 = LINE('',#11074,#11075);
#11074 = CARTESIAN_POINT('',(0.1,-0.3,-2.5));
#11075 = VECTOR('',#11076,1.);
#11076 = DIRECTION('',(0.,0.,1.));
#11077 = ORIENTED_EDGE('',*,*,#10239,.F.);
#11078 = ORIENTED_EDGE('',*,*,#11079,.T.);
#11079 = EDGE_CURVE('',#10232,#11080,#11082,.T.);
#11080 = VERTEX_POINT('',#11081);
#11081 = CARTESIAN_POINT('',(0.1,0.3,-2.5));
#11082 = LINE('',#11083,#11084);
#11083 = CARTESIAN_POINT('',(0.1,0.3,0.2));
#11084 = VECTOR('',#11085,1.);
#11085 = DIRECTION('',(0.,0.,-1.));
#11086 = ORIENTED_EDGE('',*,*,#11087,.T.);
#11087 = EDGE_CURVE('',#11080,#11088,#11090,.T.);
#11088 = VERTEX_POINT('',#11089);
#11089 = CARTESIAN_POINT('',(0.1,0.15,-3.1));
#11090 = LINE('',#11091,#11092);
#11091 = CARTESIAN_POINT('',(0.1,0.3,-2.5));
#11092 = VECTOR('',#11093,1.);
#11093 = DIRECTION('',(-2.692686352073E-17,-0.242535625036,
    -0.970142500145));
#11094 = ORIENTED_EDGE('',*,*,#11095,.T.);
#11095 = EDGE_CURVE('',#11088,#11096,#11098,.T.);
#11096 = VERTEX_POINT('',#11097);
#11097 = CARTESIAN_POINT('',(0.1,-0.15,-3.1));
#11098 = LINE('',#11099,#11100);
#11099 = CARTESIAN_POINT('',(0.1,0.15,-3.1));
#11100 = VECTOR('',#11101,1.);
#11101 = DIRECTION('',(-1.110223024625E-16,-1.,0.));
#11102 = ORIENTED_EDGE('',*,*,#11103,.T.);
#11103 = EDGE_CURVE('',#11096,#11071,#11104,.T.);
#11104 = LINE('',#11105,#11106);
#11105 = CARTESIAN_POINT('',(0.1,-0.15,-3.1));
#11106 = VECTOR('',#11107,1.);
#11107 = DIRECTION('',(-2.692686352073E-17,-0.242535625036,
    0.970142500145));
#11108 = PLANE('',#11109);
#11109 = AXIS2_PLACEMENT_3D('',#11110,#11111,#11112);
#11110 = CARTESIAN_POINT('',(0.1,-1.110223024625E-17,3.911477598424));
#11111 = DIRECTION('',(-1.,1.110223024625E-16,0.));
#11112 = DIRECTION('',(0.,0.,1.));
#11113 = ADVANCED_FACE('',(#11114),#11125,.T.);
#11114 = FACE_BOUND('',#11115,.T.);
#11115 = EDGE_LOOP('',(#11116,#11122,#11123,#11124));
#11116 = ORIENTED_EDGE('',*,*,#11117,.F.);
#11117 = EDGE_CURVE('',#10208,#10232,#11118,.T.);
#11118 = LINE('',#11119,#11120);
#11119 = CARTESIAN_POINT('',(-0.1,0.3,0.2));
#11120 = VECTOR('',#11121,1.);
#11121 = DIRECTION('',(1.,-1.110223024625E-16,0.));
#11122 = ORIENTED_EDGE('',*,*,#10215,.T.);
#11123 = ORIENTED_EDGE('',*,*,#10223,.T.);
#11124 = ORIENTED_EDGE('',*,*,#10231,.T.);
#11125 = PLANE('',#11126);
#11126 = AXIS2_PLACEMENT_3D('',#11127,#11128,#11129);
#11127 = CARTESIAN_POINT('',(-0.1,-0.3,0.2));
#11128 = DIRECTION('',(0.,-0.,-1.));
#11129 = DIRECTION('',(-1.110223024625E-16,-1.,0.));
#11130 = ADVANCED_FACE('',(#11131),#11172,.T.);
#11131 = FACE_BOUND('',#11132,.T.);
#11132 = EDGE_LOOP('',(#11133,#11141,#11142,#11150,#11158,#11166));
#11133 = ORIENTED_EDGE('',*,*,#11134,.T.);
#11134 = EDGE_CURVE('',#11135,#10200,#11137,.T.);
#11135 = VERTEX_POINT('',#11136);
#11136 = CARTESIAN_POINT('',(-0.1,-0.3,-2.5));
#11137 = LINE('',#11138,#11139);
#11138 = CARTESIAN_POINT('',(-0.1,-0.3,-2.5));
#11139 = VECTOR('',#11140,1.);
#11140 = DIRECTION('',(0.,0.,1.));
#11141 = ORIENTED_EDGE('',*,*,#10207,.F.);
#11142 = ORIENTED_EDGE('',*,*,#11143,.T.);
#11143 = EDGE_CURVE('',#10208,#11144,#11146,.T.);
#11144 = VERTEX_POINT('',#11145);
#11145 = CARTESIAN_POINT('',(-0.1,0.3,-2.5));
#11146 = LINE('',#11147,#11148);
#11147 = CARTESIAN_POINT('',(-0.1,0.3,0.2));
#11148 = VECTOR('',#11149,1.);
#11149 = DIRECTION('',(0.,0.,-1.));
#11150 = ORIENTED_EDGE('',*,*,#11151,.T.);
#11151 = EDGE_CURVE('',#11144,#11152,#11154,.T.);
#11152 = VERTEX_POINT('',#11153);
#11153 = CARTESIAN_POINT('',(-0.1,0.15,-3.1));
#11154 = LINE('',#11155,#11156);
#11155 = CARTESIAN_POINT('',(-0.1,0.3,-2.5));
#11156 = VECTOR('',#11157,1.);
#11157 = DIRECTION('',(-2.692686352073E-17,-0.242535625036,
    -0.970142500145));
#11158 = ORIENTED_EDGE('',*,*,#11159,.F.);
#11159 = EDGE_CURVE('',#11160,#11152,#11162,.T.);
#11160 = VERTEX_POINT('',#11161);
#11161 = CARTESIAN_POINT('',(-0.1,-0.15,-3.1));
#11162 = LINE('',#11163,#11164);
#11163 = CARTESIAN_POINT('',(-0.1,-0.15,-3.1));
#11164 = VECTOR('',#11165,1.);
#11165 = DIRECTION('',(1.110223024625E-16,1.,0.));
#11166 = ORIENTED_EDGE('',*,*,#11167,.T.);
#11167 = EDGE_CURVE('',#11160,#11135,#11168,.T.);
#11168 = LINE('',#11169,#11170);
#11169 = CARTESIAN_POINT('',(-0.1,-0.15,-3.1));
#11170 = VECTOR('',#11171,1.);
#11171 = DIRECTION('',(-2.692686352073E-17,-0.242535625036,
    0.970142500145));
#11172 = PLANE('',#11173);
#11173 = AXIS2_PLACEMENT_3D('',#11174,#11175,#11176);
#11174 = CARTESIAN_POINT('',(-0.1,1.110223024625E-17,3.911477598424));
#11175 = DIRECTION('',(-1.,1.110223024625E-16,0.));
#11176 = DIRECTION('',(0.,0.,1.));
#11177 = ADVANCED_FACE('',(#11178),#11203,.F.);
#11178 = FACE_BOUND('',#11179,.F.);
#11179 = EDGE_LOOP('',(#11180,#11188,#11196,#11202));
#11180 = ORIENTED_EDGE('',*,*,#11181,.T.);
#11181 = EDGE_CURVE('',#10286,#11182,#11184,.T.);
#11182 = VERTEX_POINT('',#11183);
#11183 = CARTESIAN_POINT('',(0.3,-7.92,0.9));
#11184 = LINE('',#11185,#11186);
#11185 = CARTESIAN_POINT('',(0.3,-7.92,8.2));
#11186 = VECTOR('',#11187,1.);
#11187 = DIRECTION('',(0.,-0.,-1.));
#11188 = ORIENTED_EDGE('',*,*,#11189,.T.);
#11189 = EDGE_CURVE('',#11182,#11190,#11192,.T.);
#11190 = VERTEX_POINT('',#11191);
#11191 = CARTESIAN_POINT('',(0.3,-7.32,0.9));
#11192 = LINE('',#11193,#11194);
#11193 = CARTESIAN_POINT('',(0.3,-7.92,0.9));
#11194 = VECTOR('',#11195,1.);
#11195 = DIRECTION('',(1.110223024625E-16,1.,0.));
#11196 = ORIENTED_EDGE('',*,*,#11197,.F.);
#11197 = EDGE_CURVE('',#10295,#11190,#11198,.T.);
#11198 = LINE('',#11199,#11200);
#11199 = CARTESIAN_POINT('',(0.3,-7.32,8.2));
#11200 = VECTOR('',#11201,1.);
#11201 = DIRECTION('',(0.,-0.,-1.));
#11202 = ORIENTED_EDGE('',*,*,#10302,.F.);
#11203 = PLANE('',#11204);
#11204 = AXIS2_PLACEMENT_3D('',#11205,#11206,#11207);
#11205 = CARTESIAN_POINT('',(0.3,-7.92,8.2));
#11206 = DIRECTION('',(1.,-1.110223024625E-16,0.));
#11207 = DIRECTION('',(1.110223024625E-16,1.,0.));
#11208 = ADVANCED_FACE('',(#11209),#11259,.F.);
#11209 = FACE_BOUND('',#11210,.F.);
#11210 = EDGE_LOOP('',(#11211,#11212,#11213,#11221,#11229,#11237,#11245,
    #11253));
#11211 = ORIENTED_EDGE('',*,*,#10326,.F.);
#11212 = ORIENTED_EDGE('',*,*,#11197,.T.);
#11213 = ORIENTED_EDGE('',*,*,#11214,.T.);
#11214 = EDGE_CURVE('',#11190,#11215,#11217,.T.);
#11215 = VERTEX_POINT('',#11216);
#11216 = CARTESIAN_POINT('',(0.1,-7.32,0.9));
#11217 = LINE('',#11218,#11219);
#11218 = CARTESIAN_POINT('',(0.3,-7.32,0.9));
#11219 = VECTOR('',#11220,1.);
#11220 = DIRECTION('',(-1.,1.110223024625E-16,0.));
#11221 = ORIENTED_EDGE('',*,*,#11222,.T.);
#11222 = EDGE_CURVE('',#11215,#11223,#11225,.T.);
#11223 = VERTEX_POINT('',#11224);
#11224 = CARTESIAN_POINT('',(0.1,-7.32,7.4));
#11225 = LINE('',#11226,#11227);
#11226 = CARTESIAN_POINT('',(0.1,-7.32,6.055738799212));
#11227 = VECTOR('',#11228,1.);
#11228 = DIRECTION('',(0.,-0.,1.));
#11229 = ORIENTED_EDGE('',*,*,#11230,.F.);
#11230 = EDGE_CURVE('',#11231,#11223,#11233,.T.);
#11231 = VERTEX_POINT('',#11232);
#11232 = CARTESIAN_POINT('',(-0.1,-7.32,7.4));
#11233 = LINE('',#11234,#11235);
#11234 = CARTESIAN_POINT('',(-0.1,-7.32,7.4));
#11235 = VECTOR('',#11236,1.);
#11236 = DIRECTION('',(1.,-1.110223024625E-16,0.));
#11237 = ORIENTED_EDGE('',*,*,#11238,.F.);
#11238 = EDGE_CURVE('',#11239,#11231,#11241,.T.);
#11239 = VERTEX_POINT('',#11240);
#11240 = CARTESIAN_POINT('',(-0.1,-7.32,0.9));
#11241 = LINE('',#11242,#11243);
#11242 = CARTESIAN_POINT('',(-0.1,-7.32,6.055738799212));
#11243 = VECTOR('',#11244,1.);
#11244 = DIRECTION('',(0.,-0.,1.));
#11245 = ORIENTED_EDGE('',*,*,#11246,.T.);
#11246 = EDGE_CURVE('',#11239,#11247,#11249,.T.);
#11247 = VERTEX_POINT('',#11248);
#11248 = CARTESIAN_POINT('',(-0.3,-7.32,0.9));
#11249 = LINE('',#11250,#11251);
#11250 = CARTESIAN_POINT('',(0.3,-7.32,0.9));
#11251 = VECTOR('',#11252,1.);
#11252 = DIRECTION('',(-1.,1.110223024625E-16,0.));
#11253 = ORIENTED_EDGE('',*,*,#11254,.F.);
#11254 = EDGE_CURVE('',#10319,#11247,#11255,.T.);
#11255 = LINE('',#11256,#11257);
#11256 = CARTESIAN_POINT('',(-0.3,-7.32,8.2));
#11257 = VECTOR('',#11258,1.);
#11258 = DIRECTION('',(0.,-0.,-1.));
#11259 = PLANE('',#11260);
#11260 = AXIS2_PLACEMENT_3D('',#11261,#11262,#11263);
#11261 = CARTESIAN_POINT('',(0.3,-7.32,8.2));
#11262 = DIRECTION('',(1.110223024625E-16,1.,0.));
#11263 = DIRECTION('',(-1.,1.110223024625E-16,0.));
#11264 = ADVANCED_FACE('',(#11265),#11283,.F.);
#11265 = FACE_BOUND('',#11266,.F.);
#11266 = EDGE_LOOP('',(#11267,#11268,#11276,#11282));
#11267 = ORIENTED_EDGE('',*,*,#11254,.T.);
#11268 = ORIENTED_EDGE('',*,*,#11269,.T.);
#11269 = EDGE_CURVE('',#11247,#11270,#11272,.T.);
#11270 = VERTEX_POINT('',#11271);
#11271 = CARTESIAN_POINT('',(-0.3,-7.92,0.9));
#11272 = LINE('',#11273,#11274);
#11273 = CARTESIAN_POINT('',(-0.3,-7.32,0.9));
#11274 = VECTOR('',#11275,1.);
#11275 = DIRECTION('',(-1.110223024625E-16,-1.,0.));
#11276 = ORIENTED_EDGE('',*,*,#11277,.F.);
#11277 = EDGE_CURVE('',#10343,#11270,#11278,.T.);
#11278 = LINE('',#11279,#11280);
#11279 = CARTESIAN_POINT('',(-0.3,-7.92,8.2));
#11280 = VECTOR('',#11281,1.);
#11281 = DIRECTION('',(0.,-0.,-1.));
#11282 = ORIENTED_EDGE('',*,*,#10350,.F.);
#11283 = PLANE('',#11284);
#11284 = AXIS2_PLACEMENT_3D('',#11285,#11286,#11287);
#11285 = CARTESIAN_POINT('',(-0.3,-7.32,8.2));
#11286 = DIRECTION('',(-1.,1.110223024625E-16,0.));
#11287 = DIRECTION('',(-1.110223024625E-16,-1.,0.));
#11288 = ADVANCED_FACE('',(#11289),#11332,.F.);
#11289 = FACE_BOUND('',#11290,.F.);
#11290 = EDGE_LOOP('',(#11291,#11292,#11293,#11301,#11309,#11317,#11325,
    #11331));
#11291 = ORIENTED_EDGE('',*,*,#10367,.F.);
#11292 = ORIENTED_EDGE('',*,*,#11277,.T.);
#11293 = ORIENTED_EDGE('',*,*,#11294,.T.);
#11294 = EDGE_CURVE('',#11270,#11295,#11297,.T.);
#11295 = VERTEX_POINT('',#11296);
#11296 = CARTESIAN_POINT('',(-0.1,-7.92,0.9));
#11297 = LINE('',#11298,#11299);
#11298 = CARTESIAN_POINT('',(-0.3,-7.92,0.9));
#11299 = VECTOR('',#11300,1.);
#11300 = DIRECTION('',(1.,-1.110223024625E-16,0.));
#11301 = ORIENTED_EDGE('',*,*,#11302,.F.);
#11302 = EDGE_CURVE('',#11303,#11295,#11305,.T.);
#11303 = VERTEX_POINT('',#11304);
#11304 = CARTESIAN_POINT('',(-0.1,-7.92,7.4));
#11305 = LINE('',#11306,#11307);
#11306 = CARTESIAN_POINT('',(-0.1,-7.92,6.055738799212));
#11307 = VECTOR('',#11308,1.);
#11308 = DIRECTION('',(-0.,0.,-1.));
#11309 = ORIENTED_EDGE('',*,*,#11310,.T.);
#11310 = EDGE_CURVE('',#11303,#11311,#11313,.T.);
#11311 = VERTEX_POINT('',#11312);
#11312 = CARTESIAN_POINT('',(0.1,-7.92,7.4));
#11313 = LINE('',#11314,#11315);
#11314 = CARTESIAN_POINT('',(-0.1,-7.92,7.4));
#11315 = VECTOR('',#11316,1.);
#11316 = DIRECTION('',(1.,-1.110223024625E-16,0.));
#11317 = ORIENTED_EDGE('',*,*,#11318,.T.);
#11318 = EDGE_CURVE('',#11311,#11319,#11321,.T.);
#11319 = VERTEX_POINT('',#11320);
#11320 = CARTESIAN_POINT('',(0.1,-7.92,0.9));
#11321 = LINE('',#11322,#11323);
#11322 = CARTESIAN_POINT('',(0.1,-7.92,6.055738799212));
#11323 = VECTOR('',#11324,1.);
#11324 = DIRECTION('',(-0.,0.,-1.));
#11325 = ORIENTED_EDGE('',*,*,#11326,.T.);
#11326 = EDGE_CURVE('',#11319,#11182,#11327,.T.);
#11327 = LINE('',#11328,#11329);
#11328 = CARTESIAN_POINT('',(-0.3,-7.92,0.9));
#11329 = VECTOR('',#11330,1.);
#11330 = DIRECTION('',(1.,-1.110223024625E-16,0.));
#11331 = ORIENTED_EDGE('',*,*,#11181,.F.);
#11332 = PLANE('',#11333);
#11333 = AXIS2_PLACEMENT_3D('',#11334,#11335,#11336);
#11334 = CARTESIAN_POINT('',(-0.3,-7.92,8.2));
#11335 = DIRECTION('',(-1.110223024625E-16,-1.,0.));
#11336 = DIRECTION('',(1.,-1.110223024625E-16,0.));
#11337 = ADVANCED_FACE('',(#11338),#11363,.F.);
#11338 = FACE_BOUND('',#11339,.F.);
#11339 = EDGE_LOOP('',(#11340,#11348,#11356,#11362));
#11340 = ORIENTED_EDGE('',*,*,#11341,.T.);
#11341 = EDGE_CURVE('',#10382,#11342,#11344,.T.);
#11342 = VERTEX_POINT('',#11343);
#11343 = CARTESIAN_POINT('',(0.3,-5.38,0.9));
#11344 = LINE('',#11345,#11346);
#11345 = CARTESIAN_POINT('',(0.3,-5.38,8.2));
#11346 = VECTOR('',#11347,1.);
#11347 = DIRECTION('',(0.,-0.,-1.));
#11348 = ORIENTED_EDGE('',*,*,#11349,.T.);
#11349 = EDGE_CURVE('',#11342,#11350,#11352,.T.);
#11350 = VERTEX_POINT('',#11351);
#11351 = CARTESIAN_POINT('',(0.3,-4.78,0.9));
#11352 = LINE('',#11353,#11354);
#11353 = CARTESIAN_POINT('',(0.3,-5.38,0.9));
#11354 = VECTOR('',#11355,1.);
#11355 = DIRECTION('',(1.110223024625E-16,1.,0.));
#11356 = ORIENTED_EDGE('',*,*,#11357,.F.);
#11357 = EDGE_CURVE('',#10391,#11350,#11358,.T.);
#11358 = LINE('',#11359,#11360);
#11359 = CARTESIAN_POINT('',(0.3,-4.78,8.2));
#11360 = VECTOR('',#11361,1.);
#11361 = DIRECTION('',(0.,-0.,-1.));
#11362 = ORIENTED_EDGE('',*,*,#10398,.F.);
#11363 = PLANE('',#11364);
#11364 = AXIS2_PLACEMENT_3D('',#11365,#11366,#11367);
#11365 = CARTESIAN_POINT('',(0.3,-5.38,8.2));
#11366 = DIRECTION('',(1.,-1.110223024625E-16,0.));
#11367 = DIRECTION('',(1.110223024625E-16,1.,0.));
#11368 = ADVANCED_FACE('',(#11369),#11419,.F.);
#11369 = FACE_BOUND('',#11370,.F.);
#11370 = EDGE_LOOP('',(#11371,#11372,#11373,#11381,#11389,#11397,#11405,
    #11413));
#11371 = ORIENTED_EDGE('',*,*,#10422,.F.);
#11372 = ORIENTED_EDGE('',*,*,#11357,.T.);
#11373 = ORIENTED_EDGE('',*,*,#11374,.T.);
#11374 = EDGE_CURVE('',#11350,#11375,#11377,.T.);
#11375 = VERTEX_POINT('',#11376);
#11376 = CARTESIAN_POINT('',(0.1,-4.78,0.9));
#11377 = LINE('',#11378,#11379);
#11378 = CARTESIAN_POINT('',(0.3,-4.78,0.9));
#11379 = VECTOR('',#11380,1.);
#11380 = DIRECTION('',(-1.,1.110223024625E-16,0.));
#11381 = ORIENTED_EDGE('',*,*,#11382,.T.);
#11382 = EDGE_CURVE('',#11375,#11383,#11385,.T.);
#11383 = VERTEX_POINT('',#11384);
#11384 = CARTESIAN_POINT('',(0.1,-4.78,7.4));
#11385 = LINE('',#11386,#11387);
#11386 = CARTESIAN_POINT('',(0.1,-4.78,6.055738799212));
#11387 = VECTOR('',#11388,1.);
#11388 = DIRECTION('',(0.,-0.,1.));
#11389 = ORIENTED_EDGE('',*,*,#11390,.F.);
#11390 = EDGE_CURVE('',#11391,#11383,#11393,.T.);
#11391 = VERTEX_POINT('',#11392);
#11392 = CARTESIAN_POINT('',(-0.1,-4.78,7.4));
#11393 = LINE('',#11394,#11395);
#11394 = CARTESIAN_POINT('',(-0.1,-4.78,7.4));
#11395 = VECTOR('',#11396,1.);
#11396 = DIRECTION('',(1.,-1.110223024625E-16,0.));
#11397 = ORIENTED_EDGE('',*,*,#11398,.F.);
#11398 = EDGE_CURVE('',#11399,#11391,#11401,.T.);
#11399 = VERTEX_POINT('',#11400);
#11400 = CARTESIAN_POINT('',(-0.1,-4.78,0.9));
#11401 = LINE('',#11402,#11403);
#11402 = CARTESIAN_POINT('',(-0.1,-4.78,6.055738799212));
#11403 = VECTOR('',#11404,1.);
#11404 = DIRECTION('',(0.,-0.,1.));
#11405 = ORIENTED_EDGE('',*,*,#11406,.T.);
#11406 = EDGE_CURVE('',#11399,#11407,#11409,.T.);
#11407 = VERTEX_POINT('',#11408);
#11408 = CARTESIAN_POINT('',(-0.3,-4.78,0.9));
#11409 = LINE('',#11410,#11411);
#11410 = CARTESIAN_POINT('',(0.3,-4.78,0.9));
#11411 = VECTOR('',#11412,1.);
#11412 = DIRECTION('',(-1.,1.110223024625E-16,0.));
#11413 = ORIENTED_EDGE('',*,*,#11414,.F.);
#11414 = EDGE_CURVE('',#10415,#11407,#11415,.T.);
#11415 = LINE('',#11416,#11417);
#11416 = CARTESIAN_POINT('',(-0.3,-4.78,8.2));
#11417 = VECTOR('',#11418,1.);
#11418 = DIRECTION('',(0.,-0.,-1.));
#11419 = PLANE('',#11420);
#11420 = AXIS2_PLACEMENT_3D('',#11421,#11422,#11423);
#11421 = CARTESIAN_POINT('',(0.3,-4.78,8.2));
#11422 = DIRECTION('',(1.110223024625E-16,1.,0.));
#11423 = DIRECTION('',(-1.,1.110223024625E-16,0.));
#11424 = ADVANCED_FACE('',(#11425),#11443,.F.);
#11425 = FACE_BOUND('',#11426,.F.);
#11426 = EDGE_LOOP('',(#11427,#11428,#11436,#11442));
#11427 = ORIENTED_EDGE('',*,*,#11414,.T.);
#11428 = ORIENTED_EDGE('',*,*,#11429,.T.);
#11429 = EDGE_CURVE('',#11407,#11430,#11432,.T.);
#11430 = VERTEX_POINT('',#11431);
#11431 = CARTESIAN_POINT('',(-0.3,-5.38,0.9));
#11432 = LINE('',#11433,#11434);
#11433 = CARTESIAN_POINT('',(-0.3,-4.78,0.9));
#11434 = VECTOR('',#11435,1.);
#11435 = DIRECTION('',(-1.110223024625E-16,-1.,0.));
#11436 = ORIENTED_EDGE('',*,*,#11437,.F.);
#11437 = EDGE_CURVE('',#10439,#11430,#11438,.T.);
#11438 = LINE('',#11439,#11440);
#11439 = CARTESIAN_POINT('',(-0.3,-5.38,8.2));
#11440 = VECTOR('',#11441,1.);
#11441 = DIRECTION('',(0.,-0.,-1.));
#11442 = ORIENTED_EDGE('',*,*,#10446,.F.);
#11443 = PLANE('',#11444);
#11444 = AXIS2_PLACEMENT_3D('',#11445,#11446,#11447);
#11445 = CARTESIAN_POINT('',(-0.3,-4.78,8.2));
#11446 = DIRECTION('',(-1.,1.110223024625E-16,0.));
#11447 = DIRECTION('',(-1.110223024625E-16,-1.,0.));
#11448 = ADVANCED_FACE('',(#11449),#11492,.F.);
#11449 = FACE_BOUND('',#11450,.F.);
#11450 = EDGE_LOOP('',(#11451,#11452,#11453,#11461,#11469,#11477,#11485,
    #11491));
#11451 = ORIENTED_EDGE('',*,*,#10463,.F.);
#11452 = ORIENTED_EDGE('',*,*,#11437,.T.);
#11453 = ORIENTED_EDGE('',*,*,#11454,.T.);
#11454 = EDGE_CURVE('',#11430,#11455,#11457,.T.);
#11455 = VERTEX_POINT('',#11456);
#11456 = CARTESIAN_POINT('',(-0.1,-5.38,0.9));
#11457 = LINE('',#11458,#11459);
#11458 = CARTESIAN_POINT('',(-0.3,-5.38,0.9));
#11459 = VECTOR('',#11460,1.);
#11460 = DIRECTION('',(1.,-1.110223024625E-16,0.));
#11461 = ORIENTED_EDGE('',*,*,#11462,.F.);
#11462 = EDGE_CURVE('',#11463,#11455,#11465,.T.);
#11463 = VERTEX_POINT('',#11464);
#11464 = CARTESIAN_POINT('',(-0.1,-5.38,7.4));
#11465 = LINE('',#11466,#11467);
#11466 = CARTESIAN_POINT('',(-0.1,-5.38,6.055738799212));
#11467 = VECTOR('',#11468,1.);
#11468 = DIRECTION('',(-0.,0.,-1.));
#11469 = ORIENTED_EDGE('',*,*,#11470,.T.);
#11470 = EDGE_CURVE('',#11463,#11471,#11473,.T.);
#11471 = VERTEX_POINT('',#11472);
#11472 = CARTESIAN_POINT('',(0.1,-5.38,7.4));
#11473 = LINE('',#11474,#11475);
#11474 = CARTESIAN_POINT('',(-0.1,-5.38,7.4));
#11475 = VECTOR('',#11476,1.);
#11476 = DIRECTION('',(1.,-1.110223024625E-16,0.));
#11477 = ORIENTED_EDGE('',*,*,#11478,.T.);
#11478 = EDGE_CURVE('',#11471,#11479,#11481,.T.);
#11479 = VERTEX_POINT('',#11480);
#11480 = CARTESIAN_POINT('',(0.1,-5.38,0.9));
#11481 = LINE('',#11482,#11483);
#11482 = CARTESIAN_POINT('',(0.1,-5.38,6.055738799212));
#11483 = VECTOR('',#11484,1.);
#11484 = DIRECTION('',(-0.,0.,-1.));
#11485 = ORIENTED_EDGE('',*,*,#11486,.T.);
#11486 = EDGE_CURVE('',#11479,#11342,#11487,.T.);
#11487 = LINE('',#11488,#11489);
#11488 = CARTESIAN_POINT('',(-0.3,-5.38,0.9));
#11489 = VECTOR('',#11490,1.);
#11490 = DIRECTION('',(1.,-1.110223024625E-16,0.));
#11491 = ORIENTED_EDGE('',*,*,#11341,.F.);
#11492 = PLANE('',#11493);
#11493 = AXIS2_PLACEMENT_3D('',#11494,#11495,#11496);
#11494 = CARTESIAN_POINT('',(-0.3,-5.38,8.2));
#11495 = DIRECTION('',(-1.110223024625E-16,-1.,0.));
#11496 = DIRECTION('',(1.,-1.110223024625E-16,0.));
#11497 = ADVANCED_FACE('',(#11498),#11523,.F.);
#11498 = FACE_BOUND('',#11499,.F.);
#11499 = EDGE_LOOP('',(#11500,#11508,#11516,#11522));
#11500 = ORIENTED_EDGE('',*,*,#11501,.T.);
#11501 = EDGE_CURVE('',#10478,#11502,#11504,.T.);
#11502 = VERTEX_POINT('',#11503);
#11503 = CARTESIAN_POINT('',(0.3,-2.84,0.9));
#11504 = LINE('',#11505,#11506);
#11505 = CARTESIAN_POINT('',(0.3,-2.84,8.2));
#11506 = VECTOR('',#11507,1.);
#11507 = DIRECTION('',(0.,-0.,-1.));
#11508 = ORIENTED_EDGE('',*,*,#11509,.T.);
#11509 = EDGE_CURVE('',#11502,#11510,#11512,.T.);
#11510 = VERTEX_POINT('',#11511);
#11511 = CARTESIAN_POINT('',(0.3,-2.24,0.9));
#11512 = LINE('',#11513,#11514);
#11513 = CARTESIAN_POINT('',(0.3,-2.84,0.9));
#11514 = VECTOR('',#11515,1.);
#11515 = DIRECTION('',(1.110223024625E-16,1.,0.));
#11516 = ORIENTED_EDGE('',*,*,#11517,.F.);
#11517 = EDGE_CURVE('',#10487,#11510,#11518,.T.);
#11518 = LINE('',#11519,#11520);
#11519 = CARTESIAN_POINT('',(0.3,-2.24,8.2));
#11520 = VECTOR('',#11521,1.);
#11521 = DIRECTION('',(0.,-0.,-1.));
#11522 = ORIENTED_EDGE('',*,*,#10494,.F.);
#11523 = PLANE('',#11524);
#11524 = AXIS2_PLACEMENT_3D('',#11525,#11526,#11527);
#11525 = CARTESIAN_POINT('',(0.3,-2.84,8.2));
#11526 = DIRECTION('',(1.,-1.110223024625E-16,0.));
#11527 = DIRECTION('',(1.110223024625E-16,1.,0.));
#11528 = ADVANCED_FACE('',(#11529),#11579,.F.);
#11529 = FACE_BOUND('',#11530,.F.);
#11530 = EDGE_LOOP('',(#11531,#11532,#11533,#11541,#11549,#11557,#11565,
    #11573));
#11531 = ORIENTED_EDGE('',*,*,#10518,.F.);
#11532 = ORIENTED_EDGE('',*,*,#11517,.T.);
#11533 = ORIENTED_EDGE('',*,*,#11534,.T.);
#11534 = EDGE_CURVE('',#11510,#11535,#11537,.T.);
#11535 = VERTEX_POINT('',#11536);
#11536 = CARTESIAN_POINT('',(0.1,-2.24,0.9));
#11537 = LINE('',#11538,#11539);
#11538 = CARTESIAN_POINT('',(0.3,-2.24,0.9));
#11539 = VECTOR('',#11540,1.);
#11540 = DIRECTION('',(-1.,1.110223024625E-16,0.));
#11541 = ORIENTED_EDGE('',*,*,#11542,.T.);
#11542 = EDGE_CURVE('',#11535,#11543,#11545,.T.);
#11543 = VERTEX_POINT('',#11544);
#11544 = CARTESIAN_POINT('',(0.1,-2.24,7.4));
#11545 = LINE('',#11546,#11547);
#11546 = CARTESIAN_POINT('',(0.1,-2.24,6.055738799212));
#11547 = VECTOR('',#11548,1.);
#11548 = DIRECTION('',(0.,-0.,1.));
#11549 = ORIENTED_EDGE('',*,*,#11550,.F.);
#11550 = EDGE_CURVE('',#11551,#11543,#11553,.T.);
#11551 = VERTEX_POINT('',#11552);
#11552 = CARTESIAN_POINT('',(-0.1,-2.24,7.4));
#11553 = LINE('',#11554,#11555);
#11554 = CARTESIAN_POINT('',(-0.1,-2.24,7.4));
#11555 = VECTOR('',#11556,1.);
#11556 = DIRECTION('',(1.,-1.110223024625E-16,0.));
#11557 = ORIENTED_EDGE('',*,*,#11558,.F.);
#11558 = EDGE_CURVE('',#11559,#11551,#11561,.T.);
#11559 = VERTEX_POINT('',#11560);
#11560 = CARTESIAN_POINT('',(-0.1,-2.24,0.9));
#11561 = LINE('',#11562,#11563);
#11562 = CARTESIAN_POINT('',(-0.1,-2.24,6.055738799212));
#11563 = VECTOR('',#11564,1.);
#11564 = DIRECTION('',(0.,-0.,1.));
#11565 = ORIENTED_EDGE('',*,*,#11566,.T.);
#11566 = EDGE_CURVE('',#11559,#11567,#11569,.T.);
#11567 = VERTEX_POINT('',#11568);
#11568 = CARTESIAN_POINT('',(-0.3,-2.24,0.9));
#11569 = LINE('',#11570,#11571);
#11570 = CARTESIAN_POINT('',(0.3,-2.24,0.9));
#11571 = VECTOR('',#11572,1.);
#11572 = DIRECTION('',(-1.,1.110223024625E-16,0.));
#11573 = ORIENTED_EDGE('',*,*,#11574,.F.);
#11574 = EDGE_CURVE('',#10511,#11567,#11575,.T.);
#11575 = LINE('',#11576,#11577);
#11576 = CARTESIAN_POINT('',(-0.3,-2.24,8.2));
#11577 = VECTOR('',#11578,1.);
#11578 = DIRECTION('',(0.,-0.,-1.));
#11579 = PLANE('',#11580);
#11580 = AXIS2_PLACEMENT_3D('',#11581,#11582,#11583);
#11581 = CARTESIAN_POINT('',(0.3,-2.24,8.2));
#11582 = DIRECTION('',(1.110223024625E-16,1.,0.));
#11583 = DIRECTION('',(-1.,1.110223024625E-16,0.));
#11584 = ADVANCED_FACE('',(#11585),#11603,.F.);
#11585 = FACE_BOUND('',#11586,.F.);
#11586 = EDGE_LOOP('',(#11587,#11588,#11596,#11602));
#11587 = ORIENTED_EDGE('',*,*,#11574,.T.);
#11588 = ORIENTED_EDGE('',*,*,#11589,.T.);
#11589 = EDGE_CURVE('',#11567,#11590,#11592,.T.);
#11590 = VERTEX_POINT('',#11591);
#11591 = CARTESIAN_POINT('',(-0.3,-2.84,0.9));
#11592 = LINE('',#11593,#11594);
#11593 = CARTESIAN_POINT('',(-0.3,-2.24,0.9));
#11594 = VECTOR('',#11595,1.);
#11595 = DIRECTION('',(-1.110223024625E-16,-1.,0.));
#11596 = ORIENTED_EDGE('',*,*,#11597,.F.);
#11597 = EDGE_CURVE('',#10535,#11590,#11598,.T.);
#11598 = LINE('',#11599,#11600);
#11599 = CARTESIAN_POINT('',(-0.3,-2.84,8.2));
#11600 = VECTOR('',#11601,1.);
#11601 = DIRECTION('',(0.,-0.,-1.));
#11602 = ORIENTED_EDGE('',*,*,#10542,.F.);
#11603 = PLANE('',#11604);
#11604 = AXIS2_PLACEMENT_3D('',#11605,#11606,#11607);
#11605 = CARTESIAN_POINT('',(-0.3,-2.24,8.2));
#11606 = DIRECTION('',(-1.,1.110223024625E-16,0.));
#11607 = DIRECTION('',(-1.110223024625E-16,-1.,0.));
#11608 = ADVANCED_FACE('',(#11609),#11652,.F.);
#11609 = FACE_BOUND('',#11610,.F.);
#11610 = EDGE_LOOP('',(#11611,#11612,#11613,#11621,#11629,#11637,#11645,
    #11651));
#11611 = ORIENTED_EDGE('',*,*,#10559,.F.);
#11612 = ORIENTED_EDGE('',*,*,#11597,.T.);
#11613 = ORIENTED_EDGE('',*,*,#11614,.T.);
#11614 = EDGE_CURVE('',#11590,#11615,#11617,.T.);
#11615 = VERTEX_POINT('',#11616);
#11616 = CARTESIAN_POINT('',(-0.1,-2.84,0.9));
#11617 = LINE('',#11618,#11619);
#11618 = CARTESIAN_POINT('',(-0.3,-2.84,0.9));
#11619 = VECTOR('',#11620,1.);
#11620 = DIRECTION('',(1.,-1.110223024625E-16,0.));
#11621 = ORIENTED_EDGE('',*,*,#11622,.F.);
#11622 = EDGE_CURVE('',#11623,#11615,#11625,.T.);
#11623 = VERTEX_POINT('',#11624);
#11624 = CARTESIAN_POINT('',(-0.1,-2.84,7.4));
#11625 = LINE('',#11626,#11627);
#11626 = CARTESIAN_POINT('',(-0.1,-2.84,6.055738799212));
#11627 = VECTOR('',#11628,1.);
#11628 = DIRECTION('',(-0.,0.,-1.));
#11629 = ORIENTED_EDGE('',*,*,#11630,.T.);
#11630 = EDGE_CURVE('',#11623,#11631,#11633,.T.);
#11631 = VERTEX_POINT('',#11632);
#11632 = CARTESIAN_POINT('',(0.1,-2.84,7.4));
#11633 = LINE('',#11634,#11635);
#11634 = CARTESIAN_POINT('',(-0.1,-2.84,7.4));
#11635 = VECTOR('',#11636,1.);
#11636 = DIRECTION('',(1.,-1.110223024625E-16,0.));
#11637 = ORIENTED_EDGE('',*,*,#11638,.T.);
#11638 = EDGE_CURVE('',#11631,#11639,#11641,.T.);
#11639 = VERTEX_POINT('',#11640);
#11640 = CARTESIAN_POINT('',(0.1,-2.84,0.9));
#11641 = LINE('',#11642,#11643);
#11642 = CARTESIAN_POINT('',(0.1,-2.84,6.055738799212));
#11643 = VECTOR('',#11644,1.);
#11644 = DIRECTION('',(-0.,0.,-1.));
#11645 = ORIENTED_EDGE('',*,*,#11646,.T.);
#11646 = EDGE_CURVE('',#11639,#11502,#11647,.T.);
#11647 = LINE('',#11648,#11649);
#11648 = CARTESIAN_POINT('',(-0.3,-2.84,0.9));
#11649 = VECTOR('',#11650,1.);
#11650 = DIRECTION('',(1.,-1.110223024625E-16,0.));
#11651 = ORIENTED_EDGE('',*,*,#11501,.F.);
#11652 = PLANE('',#11653);
#11653 = AXIS2_PLACEMENT_3D('',#11654,#11655,#11656);
#11654 = CARTESIAN_POINT('',(-0.3,-2.84,8.2));
#11655 = DIRECTION('',(-1.110223024625E-16,-1.,0.));
#11656 = DIRECTION('',(1.,-1.110223024625E-16,0.));
#11657 = ADVANCED_FACE('',(#11658),#11683,.F.);
#11658 = FACE_BOUND('',#11659,.F.);
#11659 = EDGE_LOOP('',(#11660,#11668,#11676,#11682));
#11660 = ORIENTED_EDGE('',*,*,#11661,.T.);
#11661 = EDGE_CURVE('',#10574,#11662,#11664,.T.);
#11662 = VERTEX_POINT('',#11663);
#11663 = CARTESIAN_POINT('',(0.3,-0.3,0.9));
#11664 = LINE('',#11665,#11666);
#11665 = CARTESIAN_POINT('',(0.3,-0.3,8.2));
#11666 = VECTOR('',#11667,1.);
#11667 = DIRECTION('',(0.,-0.,-1.));
#11668 = ORIENTED_EDGE('',*,*,#11669,.T.);
#11669 = EDGE_CURVE('',#11662,#11670,#11672,.T.);
#11670 = VERTEX_POINT('',#11671);
#11671 = CARTESIAN_POINT('',(0.3,0.3,0.9));
#11672 = LINE('',#11673,#11674);
#11673 = CARTESIAN_POINT('',(0.3,-0.3,0.9));
#11674 = VECTOR('',#11675,1.);
#11675 = DIRECTION('',(1.110223024625E-16,1.,0.));
#11676 = ORIENTED_EDGE('',*,*,#11677,.F.);
#11677 = EDGE_CURVE('',#10583,#11670,#11678,.T.);
#11678 = LINE('',#11679,#11680);
#11679 = CARTESIAN_POINT('',(0.3,0.3,8.2));
#11680 = VECTOR('',#11681,1.);
#11681 = DIRECTION('',(0.,-0.,-1.));
#11682 = ORIENTED_EDGE('',*,*,#10590,.F.);
#11683 = PLANE('',#11684);
#11684 = AXIS2_PLACEMENT_3D('',#11685,#11686,#11687);
#11685 = CARTESIAN_POINT('',(0.3,-0.3,8.2));
#11686 = DIRECTION('',(1.,-1.110223024625E-16,0.));
#11687 = DIRECTION('',(1.110223024625E-16,1.,0.));
#11688 = ADVANCED_FACE('',(#11689),#11739,.F.);
#11689 = FACE_BOUND('',#11690,.F.);
#11690 = EDGE_LOOP('',(#11691,#11692,#11693,#11701,#11709,#11717,#11725,
    #11733));
#11691 = ORIENTED_EDGE('',*,*,#10614,.F.);
#11692 = ORIENTED_EDGE('',*,*,#11677,.T.);
#11693 = ORIENTED_EDGE('',*,*,#11694,.T.);
#11694 = EDGE_CURVE('',#11670,#11695,#11697,.T.);
#11695 = VERTEX_POINT('',#11696);
#11696 = CARTESIAN_POINT('',(0.1,0.3,0.9));
#11697 = LINE('',#11698,#11699);
#11698 = CARTESIAN_POINT('',(0.3,0.3,0.9));
#11699 = VECTOR('',#11700,1.);
#11700 = DIRECTION('',(-1.,1.110223024625E-16,0.));
#11701 = ORIENTED_EDGE('',*,*,#11702,.T.);
#11702 = EDGE_CURVE('',#11695,#11703,#11705,.T.);
#11703 = VERTEX_POINT('',#11704);
#11704 = CARTESIAN_POINT('',(0.1,0.3,7.4));
#11705 = LINE('',#11706,#11707);
#11706 = CARTESIAN_POINT('',(0.1,0.3,6.055738799212));
#11707 = VECTOR('',#11708,1.);
#11708 = DIRECTION('',(0.,-0.,1.));
#11709 = ORIENTED_EDGE('',*,*,#11710,.F.);
#11710 = EDGE_CURVE('',#11711,#11703,#11713,.T.);
#11711 = VERTEX_POINT('',#11712);
#11712 = CARTESIAN_POINT('',(-0.1,0.3,7.4));
#11713 = LINE('',#11714,#11715);
#11714 = CARTESIAN_POINT('',(-0.1,0.3,7.4));
#11715 = VECTOR('',#11716,1.);
#11716 = DIRECTION('',(1.,-1.110223024625E-16,0.));
#11717 = ORIENTED_EDGE('',*,*,#11718,.F.);
#11718 = EDGE_CURVE('',#11719,#11711,#11721,.T.);
#11719 = VERTEX_POINT('',#11720);
#11720 = CARTESIAN_POINT('',(-0.1,0.3,0.9));
#11721 = LINE('',#11722,#11723);
#11722 = CARTESIAN_POINT('',(-0.1,0.3,6.055738799212));
#11723 = VECTOR('',#11724,1.);
#11724 = DIRECTION('',(0.,-0.,1.));
#11725 = ORIENTED_EDGE('',*,*,#11726,.T.);
#11726 = EDGE_CURVE('',#11719,#11727,#11729,.T.);
#11727 = VERTEX_POINT('',#11728);
#11728 = CARTESIAN_POINT('',(-0.3,0.3,0.9));
#11729 = LINE('',#11730,#11731);
#11730 = CARTESIAN_POINT('',(0.3,0.3,0.9));
#11731 = VECTOR('',#11732,1.);
#11732 = DIRECTION('',(-1.,1.110223024625E-16,0.));
#11733 = ORIENTED_EDGE('',*,*,#11734,.F.);
#11734 = EDGE_CURVE('',#10607,#11727,#11735,.T.);
#11735 = LINE('',#11736,#11737);
#11736 = CARTESIAN_POINT('',(-0.3,0.3,8.2));
#11737 = VECTOR('',#11738,1.);
#11738 = DIRECTION('',(0.,-0.,-1.));
#11739 = PLANE('',#11740);
#11740 = AXIS2_PLACEMENT_3D('',#11741,#11742,#11743);
#11741 = CARTESIAN_POINT('',(0.3,0.3,8.2));
#11742 = DIRECTION('',(1.110223024625E-16,1.,0.));
#11743 = DIRECTION('',(-1.,1.110223024625E-16,0.));
#11744 = ADVANCED_FACE('',(#11745),#11763,.F.);
#11745 = FACE_BOUND('',#11746,.F.);
#11746 = EDGE_LOOP('',(#11747,#11748,#11756,#11762));
#11747 = ORIENTED_EDGE('',*,*,#11734,.T.);
#11748 = ORIENTED_EDGE('',*,*,#11749,.T.);
#11749 = EDGE_CURVE('',#11727,#11750,#11752,.T.);
#11750 = VERTEX_POINT('',#11751);
#11751 = CARTESIAN_POINT('',(-0.3,-0.3,0.9));
#11752 = LINE('',#11753,#11754);
#11753 = CARTESIAN_POINT('',(-0.3,0.3,0.9));
#11754 = VECTOR('',#11755,1.);
#11755 = DIRECTION('',(-1.110223024625E-16,-1.,0.));
#11756 = ORIENTED_EDGE('',*,*,#11757,.F.);
#11757 = EDGE_CURVE('',#10631,#11750,#11758,.T.);
#11758 = LINE('',#11759,#11760);
#11759 = CARTESIAN_POINT('',(-0.3,-0.3,8.2));
#11760 = VECTOR('',#11761,1.);
#11761 = DIRECTION('',(0.,-0.,-1.));
#11762 = ORIENTED_EDGE('',*,*,#10638,.F.);
#11763 = PLANE('',#11764);
#11764 = AXIS2_PLACEMENT_3D('',#11765,#11766,#11767);
#11765 = CARTESIAN_POINT('',(-0.3,0.3,8.2));
#11766 = DIRECTION('',(-1.,1.110223024625E-16,0.));
#11767 = DIRECTION('',(-1.110223024625E-16,-1.,0.));
#11768 = ADVANCED_FACE('',(#11769),#11812,.F.);
#11769 = FACE_BOUND('',#11770,.F.);
#11770 = EDGE_LOOP('',(#11771,#11772,#11773,#11781,#11789,#11797,#11805,
    #11811));
#11771 = ORIENTED_EDGE('',*,*,#10655,.F.);
#11772 = ORIENTED_EDGE('',*,*,#11757,.T.);
#11773 = ORIENTED_EDGE('',*,*,#11774,.T.);
#11774 = EDGE_CURVE('',#11750,#11775,#11777,.T.);
#11775 = VERTEX_POINT('',#11776);
#11776 = CARTESIAN_POINT('',(-0.1,-0.3,0.9));
#11777 = LINE('',#11778,#11779);
#11778 = CARTESIAN_POINT('',(-0.3,-0.3,0.9));
#11779 = VECTOR('',#11780,1.);
#11780 = DIRECTION('',(1.,-1.110223024625E-16,0.));
#11781 = ORIENTED_EDGE('',*,*,#11782,.F.);
#11782 = EDGE_CURVE('',#11783,#11775,#11785,.T.);
#11783 = VERTEX_POINT('',#11784);
#11784 = CARTESIAN_POINT('',(-0.1,-0.3,7.4));
#11785 = LINE('',#11786,#11787);
#11786 = CARTESIAN_POINT('',(-0.1,-0.3,6.055738799212));
#11787 = VECTOR('',#11788,1.);
#11788 = DIRECTION('',(-0.,0.,-1.));
#11789 = ORIENTED_EDGE('',*,*,#11790,.T.);
#11790 = EDGE_CURVE('',#11783,#11791,#11793,.T.);
#11791 = VERTEX_POINT('',#11792);
#11792 = CARTESIAN_POINT('',(0.1,-0.3,7.4));
#11793 = LINE('',#11794,#11795);
#11794 = CARTESIAN_POINT('',(-0.1,-0.3,7.4));
#11795 = VECTOR('',#11796,1.);
#11796 = DIRECTION('',(1.,-1.110223024625E-16,0.));
#11797 = ORIENTED_EDGE('',*,*,#11798,.T.);
#11798 = EDGE_CURVE('',#11791,#11799,#11801,.T.);
#11799 = VERTEX_POINT('',#11800);
#11800 = CARTESIAN_POINT('',(0.1,-0.3,0.9));
#11801 = LINE('',#11802,#11803);
#11802 = CARTESIAN_POINT('',(0.1,-0.3,6.055738799212));
#11803 = VECTOR('',#11804,1.);
#11804 = DIRECTION('',(-0.,0.,-1.));
#11805 = ORIENTED_EDGE('',*,*,#11806,.T.);
#11806 = EDGE_CURVE('',#11799,#11662,#11807,.T.);
#11807 = LINE('',#11808,#11809);
#11808 = CARTESIAN_POINT('',(-0.3,-0.3,0.9));
#11809 = VECTOR('',#11810,1.);
#11810 = DIRECTION('',(1.,-1.110223024625E-16,0.));
#11811 = ORIENTED_EDGE('',*,*,#11661,.F.);
#11812 = PLANE('',#11813);
#11813 = AXIS2_PLACEMENT_3D('',#11814,#11815,#11816);
#11814 = CARTESIAN_POINT('',(-0.3,-0.3,8.2));
#11815 = DIRECTION('',(-1.110223024625E-16,-1.,0.));
#11816 = DIRECTION('',(1.,-1.110223024625E-16,0.));
#11817 = ADVANCED_FACE('',(#11818),#11829,.T.);
#11818 = FACE_BOUND('',#11819,.T.);
#11819 = EDGE_LOOP('',(#11820,#11826,#11827,#11828));
#11820 = ORIENTED_EDGE('',*,*,#11821,.T.);
#11821 = EDGE_CURVE('',#10751,#10687,#11822,.T.);
#11822 = LINE('',#11823,#11824);
#11823 = CARTESIAN_POINT('',(-0.1,-7.92,-2.5));
#11824 = VECTOR('',#11825,1.);
#11825 = DIRECTION('',(1.,-1.110223024625E-16,0.));
#11826 = ORIENTED_EDGE('',*,*,#10686,.T.);
#11827 = ORIENTED_EDGE('',*,*,#10671,.F.);
#11828 = ORIENTED_EDGE('',*,*,#10750,.F.);
#11829 = PLANE('',#11830);
#11830 = AXIS2_PLACEMENT_3D('',#11831,#11832,#11833);
#11831 = CARTESIAN_POINT('',(-0.1,-7.92,-2.5));
#11832 = DIRECTION('',(-1.110223024625E-16,-1.,0.));
#11833 = DIRECTION('',(0.,0.,1.));
#11834 = ADVANCED_FACE('',(#11835),#11846,.T.);
#11835 = FACE_BOUND('',#11836,.T.);
#11836 = EDGE_LOOP('',(#11837,#11843,#11844,#11845));
#11837 = ORIENTED_EDGE('',*,*,#11838,.T.);
#11838 = EDGE_CURVE('',#10776,#10712,#11839,.T.);
#11839 = LINE('',#11840,#11841);
#11840 = CARTESIAN_POINT('',(-0.1,-7.77,-3.1));
#11841 = VECTOR('',#11842,1.);
#11842 = DIRECTION('',(1.,-1.110223024625E-16,0.));
#11843 = ORIENTED_EDGE('',*,*,#10719,.T.);
#11844 = ORIENTED_EDGE('',*,*,#11821,.F.);
#11845 = ORIENTED_EDGE('',*,*,#10783,.F.);
#11846 = PLANE('',#11847);
#11847 = AXIS2_PLACEMENT_3D('',#11848,#11849,#11850);
#11848 = CARTESIAN_POINT('',(-0.1,-7.77,-3.1));
#11849 = DIRECTION('',(-1.077074540829E-16,-0.970142500145,
    -0.242535625036));
#11850 = DIRECTION('',(-2.692686352073E-17,-0.242535625036,
    0.970142500145));
#11851 = ADVANCED_FACE('',(#11852),#11863,.T.);
#11852 = FACE_BOUND('',#11853,.T.);
#11853 = EDGE_LOOP('',(#11854,#11860,#11861,#11862));
#11854 = ORIENTED_EDGE('',*,*,#11855,.T.);
#11855 = EDGE_CURVE('',#10768,#10704,#11856,.T.);
#11856 = LINE('',#11857,#11858);
#11857 = CARTESIAN_POINT('',(-0.1,-7.47,-3.1));
#11858 = VECTOR('',#11859,1.);
#11859 = DIRECTION('',(1.,-1.110223024625E-16,0.));
#11860 = ORIENTED_EDGE('',*,*,#10711,.T.);
#11861 = ORIENTED_EDGE('',*,*,#11838,.F.);
#11862 = ORIENTED_EDGE('',*,*,#10775,.T.);
#11863 = PLANE('',#11864);
#11864 = AXIS2_PLACEMENT_3D('',#11865,#11866,#11867);
#11865 = CARTESIAN_POINT('',(-0.1,-7.47,-3.1));
#11866 = DIRECTION('',(0.,-0.,-1.));
#11867 = DIRECTION('',(-1.110223024625E-16,-1.,0.));
#11868 = ADVANCED_FACE('',(#11869),#11880,.T.);
#11869 = FACE_BOUND('',#11870,.T.);
#11870 = EDGE_LOOP('',(#11871,#11877,#11878,#11879));
#11871 = ORIENTED_EDGE('',*,*,#11872,.T.);
#11872 = EDGE_CURVE('',#10760,#10696,#11873,.T.);
#11873 = LINE('',#11874,#11875);
#11874 = CARTESIAN_POINT('',(-0.1,-7.32,-2.5));
#11875 = VECTOR('',#11876,1.);
#11876 = DIRECTION('',(1.,-1.110223024625E-16,0.));
#11877 = ORIENTED_EDGE('',*,*,#10703,.T.);
#11878 = ORIENTED_EDGE('',*,*,#11855,.F.);
#11879 = ORIENTED_EDGE('',*,*,#10767,.F.);
#11880 = PLANE('',#11881);
#11881 = AXIS2_PLACEMENT_3D('',#11882,#11883,#11884);
#11882 = CARTESIAN_POINT('',(-0.1,-7.32,-2.5));
#11883 = DIRECTION('',(1.077074540829E-16,0.970142500145,-0.242535625036
    ));
#11884 = DIRECTION('',(-2.692686352073E-17,-0.242535625036,
    -0.970142500145));
#11885 = ADVANCED_FACE('',(#11886),#11892,.T.);
#11886 = FACE_BOUND('',#11887,.T.);
#11887 = EDGE_LOOP('',(#11888,#11889,#11890,#11891));
#11888 = ORIENTED_EDGE('',*,*,#10733,.T.);
#11889 = ORIENTED_EDGE('',*,*,#10695,.T.);
#11890 = ORIENTED_EDGE('',*,*,#11872,.F.);
#11891 = ORIENTED_EDGE('',*,*,#10759,.F.);
#11892 = PLANE('',#11893);
#11893 = AXIS2_PLACEMENT_3D('',#11894,#11895,#11896);
#11894 = CARTESIAN_POINT('',(-0.1,-7.32,0.2));
#11895 = DIRECTION('',(1.110223024625E-16,1.,0.));
#11896 = DIRECTION('',(0.,0.,-1.));
#11897 = ADVANCED_FACE('',(#11898),#11909,.T.);
#11898 = FACE_BOUND('',#11899,.T.);
#11899 = EDGE_LOOP('',(#11900,#11906,#11907,#11908));
#11900 = ORIENTED_EDGE('',*,*,#11901,.T.);
#11901 = EDGE_CURVE('',#10879,#10815,#11902,.T.);
#11902 = LINE('',#11903,#11904);
#11903 = CARTESIAN_POINT('',(-0.1,-5.38,-2.5));
#11904 = VECTOR('',#11905,1.);
#11905 = DIRECTION('',(1.,-1.110223024625E-16,0.));
#11906 = ORIENTED_EDGE('',*,*,#10814,.T.);
#11907 = ORIENTED_EDGE('',*,*,#10799,.F.);
#11908 = ORIENTED_EDGE('',*,*,#10878,.F.);
#11909 = PLANE('',#11910);
#11910 = AXIS2_PLACEMENT_3D('',#11911,#11912,#11913);
#11911 = CARTESIAN_POINT('',(-0.1,-5.38,-2.5));
#11912 = DIRECTION('',(-1.110223024625E-16,-1.,0.));
#11913 = DIRECTION('',(0.,0.,1.));
#11914 = ADVANCED_FACE('',(#11915),#11926,.T.);
#11915 = FACE_BOUND('',#11916,.T.);
#11916 = EDGE_LOOP('',(#11917,#11923,#11924,#11925));
#11917 = ORIENTED_EDGE('',*,*,#11918,.T.);
#11918 = EDGE_CURVE('',#10904,#10840,#11919,.T.);
#11919 = LINE('',#11920,#11921);
#11920 = CARTESIAN_POINT('',(-0.1,-5.23,-3.1));
#11921 = VECTOR('',#11922,1.);
#11922 = DIRECTION('',(1.,-1.110223024625E-16,0.));
#11923 = ORIENTED_EDGE('',*,*,#10847,.T.);
#11924 = ORIENTED_EDGE('',*,*,#11901,.F.);
#11925 = ORIENTED_EDGE('',*,*,#10911,.F.);
#11926 = PLANE('',#11927);
#11927 = AXIS2_PLACEMENT_3D('',#11928,#11929,#11930);
#11928 = CARTESIAN_POINT('',(-0.1,-5.23,-3.1));
#11929 = DIRECTION('',(-1.077074540829E-16,-0.970142500145,
    -0.242535625036));
#11930 = DIRECTION('',(-2.692686352073E-17,-0.242535625036,
    0.970142500145));
#11931 = ADVANCED_FACE('',(#11932),#11943,.T.);
#11932 = FACE_BOUND('',#11933,.T.);
#11933 = EDGE_LOOP('',(#11934,#11940,#11941,#11942));
#11934 = ORIENTED_EDGE('',*,*,#11935,.T.);
#11935 = EDGE_CURVE('',#10896,#10832,#11936,.T.);
#11936 = LINE('',#11937,#11938);
#11937 = CARTESIAN_POINT('',(-0.1,-4.93,-3.1));
#11938 = VECTOR('',#11939,1.);
#11939 = DIRECTION('',(1.,-1.110223024625E-16,0.));
#11940 = ORIENTED_EDGE('',*,*,#10839,.T.);
#11941 = ORIENTED_EDGE('',*,*,#11918,.F.);
#11942 = ORIENTED_EDGE('',*,*,#10903,.T.);
#11943 = PLANE('',#11944);
#11944 = AXIS2_PLACEMENT_3D('',#11945,#11946,#11947);
#11945 = CARTESIAN_POINT('',(-0.1,-4.93,-3.1));
#11946 = DIRECTION('',(0.,-0.,-1.));
#11947 = DIRECTION('',(-1.110223024625E-16,-1.,0.));
#11948 = ADVANCED_FACE('',(#11949),#11960,.T.);
#11949 = FACE_BOUND('',#11950,.T.);
#11950 = EDGE_LOOP('',(#11951,#11957,#11958,#11959));
#11951 = ORIENTED_EDGE('',*,*,#11952,.T.);
#11952 = EDGE_CURVE('',#10888,#10824,#11953,.T.);
#11953 = LINE('',#11954,#11955);
#11954 = CARTESIAN_POINT('',(-0.1,-4.78,-2.5));
#11955 = VECTOR('',#11956,1.);
#11956 = DIRECTION('',(1.,-1.110223024625E-16,0.));
#11957 = ORIENTED_EDGE('',*,*,#10831,.T.);
#11958 = ORIENTED_EDGE('',*,*,#11935,.F.);
#11959 = ORIENTED_EDGE('',*,*,#10895,.F.);
#11960 = PLANE('',#11961);
#11961 = AXIS2_PLACEMENT_3D('',#11962,#11963,#11964);
#11962 = CARTESIAN_POINT('',(-0.1,-4.78,-2.5));
#11963 = DIRECTION('',(1.077074540829E-16,0.970142500145,-0.242535625036
    ));
#11964 = DIRECTION('',(-2.692686352073E-17,-0.242535625036,
    -0.970142500145));
#11965 = ADVANCED_FACE('',(#11966),#11972,.T.);
#11966 = FACE_BOUND('',#11967,.T.);
#11967 = EDGE_LOOP('',(#11968,#11969,#11970,#11971));
#11968 = ORIENTED_EDGE('',*,*,#10861,.T.);
#11969 = ORIENTED_EDGE('',*,*,#10823,.T.);
#11970 = ORIENTED_EDGE('',*,*,#11952,.F.);
#11971 = ORIENTED_EDGE('',*,*,#10887,.F.);
#11972 = PLANE('',#11973);
#11973 = AXIS2_PLACEMENT_3D('',#11974,#11975,#11976);
#11974 = CARTESIAN_POINT('',(-0.1,-4.78,0.2));
#11975 = DIRECTION('',(1.110223024625E-16,1.,0.));
#11976 = DIRECTION('',(0.,0.,-1.));
#11977 = ADVANCED_FACE('',(#11978),#11989,.T.);
#11978 = FACE_BOUND('',#11979,.T.);
#11979 = EDGE_LOOP('',(#11980,#11986,#11987,#11988));
#11980 = ORIENTED_EDGE('',*,*,#11981,.T.);
#11981 = EDGE_CURVE('',#11007,#10943,#11982,.T.);
#11982 = LINE('',#11983,#11984);
#11983 = CARTESIAN_POINT('',(-0.1,-2.84,-2.5));
#11984 = VECTOR('',#11985,1.);
#11985 = DIRECTION('',(1.,-1.110223024625E-16,0.));
#11986 = ORIENTED_EDGE('',*,*,#10942,.T.);
#11987 = ORIENTED_EDGE('',*,*,#10927,.F.);
#11988 = ORIENTED_EDGE('',*,*,#11006,.F.);
#11989 = PLANE('',#11990);
#11990 = AXIS2_PLACEMENT_3D('',#11991,#11992,#11993);
#11991 = CARTESIAN_POINT('',(-0.1,-2.84,-2.5));
#11992 = DIRECTION('',(-1.110223024625E-16,-1.,0.));
#11993 = DIRECTION('',(0.,0.,1.));
#11994 = ADVANCED_FACE('',(#11995),#12006,.T.);
#11995 = FACE_BOUND('',#11996,.T.);
#11996 = EDGE_LOOP('',(#11997,#12003,#12004,#12005));
#11997 = ORIENTED_EDGE('',*,*,#11998,.T.);
#11998 = EDGE_CURVE('',#11032,#10968,#11999,.T.);
#11999 = LINE('',#12000,#12001);
#12000 = CARTESIAN_POINT('',(-0.1,-2.69,-3.1));
#12001 = VECTOR('',#12002,1.);
#12002 = DIRECTION('',(1.,-1.110223024625E-16,0.));
#12003 = ORIENTED_EDGE('',*,*,#10975,.T.);
#12004 = ORIENTED_EDGE('',*,*,#11981,.F.);
#12005 = ORIENTED_EDGE('',*,*,#11039,.F.);
#12006 = PLANE('',#12007);
#12007 = AXIS2_PLACEMENT_3D('',#12008,#12009,#12010);
#12008 = CARTESIAN_POINT('',(-0.1,-2.69,-3.1));
#12009 = DIRECTION('',(-1.077074540829E-16,-0.970142500145,
    -0.242535625036));
#12010 = DIRECTION('',(-2.692686352073E-17,-0.242535625036,
    0.970142500145));
#12011 = ADVANCED_FACE('',(#12012),#12023,.T.);
#12012 = FACE_BOUND('',#12013,.T.);
#12013 = EDGE_LOOP('',(#12014,#12020,#12021,#12022));
#12014 = ORIENTED_EDGE('',*,*,#12015,.T.);
#12015 = EDGE_CURVE('',#11024,#10960,#12016,.T.);
#12016 = LINE('',#12017,#12018);
#12017 = CARTESIAN_POINT('',(-0.1,-2.39,-3.1));
#12018 = VECTOR('',#12019,1.);
#12019 = DIRECTION('',(1.,-1.110223024625E-16,0.));
#12020 = ORIENTED_EDGE('',*,*,#10967,.T.);
#12021 = ORIENTED_EDGE('',*,*,#11998,.F.);
#12022 = ORIENTED_EDGE('',*,*,#11031,.T.);
#12023 = PLANE('',#12024);
#12024 = AXIS2_PLACEMENT_3D('',#12025,#12026,#12027);
#12025 = CARTESIAN_POINT('',(-0.1,-2.39,-3.1));
#12026 = DIRECTION('',(0.,-0.,-1.));
#12027 = DIRECTION('',(-1.110223024625E-16,-1.,0.));
#12028 = ADVANCED_FACE('',(#12029),#12040,.T.);
#12029 = FACE_BOUND('',#12030,.T.);
#12030 = EDGE_LOOP('',(#12031,#12037,#12038,#12039));
#12031 = ORIENTED_EDGE('',*,*,#12032,.T.);
#12032 = EDGE_CURVE('',#11016,#10952,#12033,.T.);
#12033 = LINE('',#12034,#12035);
#12034 = CARTESIAN_POINT('',(-0.1,-2.24,-2.5));
#12035 = VECTOR('',#12036,1.);
#12036 = DIRECTION('',(1.,-1.110223024625E-16,0.));
#12037 = ORIENTED_EDGE('',*,*,#10959,.T.);
#12038 = ORIENTED_EDGE('',*,*,#12015,.F.);
#12039 = ORIENTED_EDGE('',*,*,#11023,.F.);
#12040 = PLANE('',#12041);
#12041 = AXIS2_PLACEMENT_3D('',#12042,#12043,#12044);
#12042 = CARTESIAN_POINT('',(-0.1,-2.24,-2.5));
#12043 = DIRECTION('',(1.077074540829E-16,0.970142500145,-0.242535625036
    ));
#12044 = DIRECTION('',(-2.692686352073E-17,-0.242535625036,
    -0.970142500145));
#12045 = ADVANCED_FACE('',(#12046),#12052,.T.);
#12046 = FACE_BOUND('',#12047,.T.);
#12047 = EDGE_LOOP('',(#12048,#12049,#12050,#12051));
#12048 = ORIENTED_EDGE('',*,*,#10989,.T.);
#12049 = ORIENTED_EDGE('',*,*,#10951,.T.);
#12050 = ORIENTED_EDGE('',*,*,#12032,.F.);
#12051 = ORIENTED_EDGE('',*,*,#11015,.F.);
#12052 = PLANE('',#12053);
#12053 = AXIS2_PLACEMENT_3D('',#12054,#12055,#12056);
#12054 = CARTESIAN_POINT('',(-0.1,-2.24,0.2));
#12055 = DIRECTION('',(1.110223024625E-16,1.,0.));
#12056 = DIRECTION('',(0.,0.,-1.));
#12057 = ADVANCED_FACE('',(#12058),#12069,.T.);
#12058 = FACE_BOUND('',#12059,.T.);
#12059 = EDGE_LOOP('',(#12060,#12066,#12067,#12068));
#12060 = ORIENTED_EDGE('',*,*,#12061,.T.);
#12061 = EDGE_CURVE('',#11135,#11071,#12062,.T.);
#12062 = LINE('',#12063,#12064);
#12063 = CARTESIAN_POINT('',(-0.1,-0.3,-2.5));
#12064 = VECTOR('',#12065,1.);
#12065 = DIRECTION('',(1.,-1.110223024625E-16,0.));
#12066 = ORIENTED_EDGE('',*,*,#11070,.T.);
#12067 = ORIENTED_EDGE('',*,*,#11055,.F.);
#12068 = ORIENTED_EDGE('',*,*,#11134,.F.);
#12069 = PLANE('',#12070);
#12070 = AXIS2_PLACEMENT_3D('',#12071,#12072,#12073);
#12071 = CARTESIAN_POINT('',(-0.1,-0.3,-2.5));
#12072 = DIRECTION('',(-1.110223024625E-16,-1.,0.));
#12073 = DIRECTION('',(0.,0.,1.));
#12074 = ADVANCED_FACE('',(#12075),#12086,.T.);
#12075 = FACE_BOUND('',#12076,.T.);
#12076 = EDGE_LOOP('',(#12077,#12083,#12084,#12085));
#12077 = ORIENTED_EDGE('',*,*,#12078,.T.);
#12078 = EDGE_CURVE('',#11160,#11096,#12079,.T.);
#12079 = LINE('',#12080,#12081);
#12080 = CARTESIAN_POINT('',(-0.1,-0.15,-3.1));
#12081 = VECTOR('',#12082,1.);
#12082 = DIRECTION('',(1.,-1.110223024625E-16,0.));
#12083 = ORIENTED_EDGE('',*,*,#11103,.T.);
#12084 = ORIENTED_EDGE('',*,*,#12061,.F.);
#12085 = ORIENTED_EDGE('',*,*,#11167,.F.);
#12086 = PLANE('',#12087);
#12087 = AXIS2_PLACEMENT_3D('',#12088,#12089,#12090);
#12088 = CARTESIAN_POINT('',(-0.1,-0.15,-3.1));
#12089 = DIRECTION('',(-1.077074540829E-16,-0.970142500145,
    -0.242535625036));
#12090 = DIRECTION('',(-2.692686352073E-17,-0.242535625036,
    0.970142500145));
#12091 = ADVANCED_FACE('',(#12092),#12103,.T.);
#12092 = FACE_BOUND('',#12093,.T.);
#12093 = EDGE_LOOP('',(#12094,#12100,#12101,#12102));
#12094 = ORIENTED_EDGE('',*,*,#12095,.T.);
#12095 = EDGE_CURVE('',#11152,#11088,#12096,.T.);
#12096 = LINE('',#12097,#12098);
#12097 = CARTESIAN_POINT('',(-0.1,0.15,-3.1));
#12098 = VECTOR('',#12099,1.);
#12099 = DIRECTION('',(1.,-1.110223024625E-16,0.));
#12100 = ORIENTED_EDGE('',*,*,#11095,.T.);
#12101 = ORIENTED_EDGE('',*,*,#12078,.F.);
#12102 = ORIENTED_EDGE('',*,*,#11159,.T.);
#12103 = PLANE('',#12104);
#12104 = AXIS2_PLACEMENT_3D('',#12105,#12106,#12107);
#12105 = CARTESIAN_POINT('',(-0.1,0.15,-3.1));
#12106 = DIRECTION('',(0.,-0.,-1.));
#12107 = DIRECTION('',(-1.110223024625E-16,-1.,0.));
#12108 = ADVANCED_FACE('',(#12109),#12120,.T.);
#12109 = FACE_BOUND('',#12110,.T.);
#12110 = EDGE_LOOP('',(#12111,#12117,#12118,#12119));
#12111 = ORIENTED_EDGE('',*,*,#12112,.T.);
#12112 = EDGE_CURVE('',#11144,#11080,#12113,.T.);
#12113 = LINE('',#12114,#12115);
#12114 = CARTESIAN_POINT('',(-0.1,0.3,-2.5));
#12115 = VECTOR('',#12116,1.);
#12116 = DIRECTION('',(1.,-1.110223024625E-16,0.));
#12117 = ORIENTED_EDGE('',*,*,#11087,.T.);
#12118 = ORIENTED_EDGE('',*,*,#12095,.F.);
#12119 = ORIENTED_EDGE('',*,*,#11151,.F.);
#12120 = PLANE('',#12121);
#12121 = AXIS2_PLACEMENT_3D('',#12122,#12123,#12124);
#12122 = CARTESIAN_POINT('',(-0.1,0.3,-2.5));
#12123 = DIRECTION('',(1.077074540829E-16,0.970142500145,-0.242535625036
    ));
#12124 = DIRECTION('',(-2.692686352073E-17,-0.242535625036,
    -0.970142500145));
#12125 = ADVANCED_FACE('',(#12126),#12132,.T.);
#12126 = FACE_BOUND('',#12127,.T.);
#12127 = EDGE_LOOP('',(#12128,#12129,#12130,#12131));
#12128 = ORIENTED_EDGE('',*,*,#11117,.T.);
#12129 = ORIENTED_EDGE('',*,*,#11079,.T.);
#12130 = ORIENTED_EDGE('',*,*,#12112,.F.);
#12131 = ORIENTED_EDGE('',*,*,#11143,.F.);
#12132 = PLANE('',#12133);
#12133 = AXIS2_PLACEMENT_3D('',#12134,#12135,#12136);
#12134 = CARTESIAN_POINT('',(-0.1,0.3,0.2));
#12135 = DIRECTION('',(1.110223024625E-16,1.,0.));
#12136 = DIRECTION('',(0.,0.,-1.));
#12137 = ADVANCED_FACE('',(#12138),#12149,.T.);
#12138 = FACE_BOUND('',#12139,.T.);
#12139 = EDGE_LOOP('',(#12140,#12141,#12142,#12143));
#12140 = ORIENTED_EDGE('',*,*,#11326,.T.);
#12141 = ORIENTED_EDGE('',*,*,#11189,.T.);
#12142 = ORIENTED_EDGE('',*,*,#11214,.T.);
#12143 = ORIENTED_EDGE('',*,*,#12144,.T.);
#12144 = EDGE_CURVE('',#11215,#11319,#12145,.T.);
#12145 = LINE('',#12146,#12147);
#12146 = CARTESIAN_POINT('',(0.1,-7.62,0.9));
#12147 = VECTOR('',#12148,1.);
#12148 = DIRECTION('',(-1.110223024625E-16,-1.,0.));
#12149 = PLANE('',#12150);
#12150 = AXIS2_PLACEMENT_3D('',#12151,#12152,#12153);
#12151 = CARTESIAN_POINT('',(-9.281001892939E-16,-7.62,0.9));
#12152 = DIRECTION('',(0.,0.,1.));
#12153 = DIRECTION('',(1.110223024625E-16,1.,-0.));
#12154 = ADVANCED_FACE('',(#12155),#12166,.T.);
#12155 = FACE_BOUND('',#12156,.T.);
#12156 = EDGE_LOOP('',(#12157,#12158,#12164,#12165));
#12157 = ORIENTED_EDGE('',*,*,#11294,.T.);
#12158 = ORIENTED_EDGE('',*,*,#12159,.F.);
#12159 = EDGE_CURVE('',#11239,#11295,#12160,.T.);
#12160 = LINE('',#12161,#12162);
#12161 = CARTESIAN_POINT('',(-0.1,-7.62,0.9));
#12162 = VECTOR('',#12163,1.);
#12163 = DIRECTION('',(-1.110223024625E-16,-1.,0.));
#12164 = ORIENTED_EDGE('',*,*,#11246,.T.);
#12165 = ORIENTED_EDGE('',*,*,#11269,.T.);
#12166 = PLANE('',#12167);
#12167 = AXIS2_PLACEMENT_3D('',#12168,#12169,#12170);
#12168 = CARTESIAN_POINT('',(-9.281001892939E-16,-7.62,0.9));
#12169 = DIRECTION('',(0.,0.,1.));
#12170 = DIRECTION('',(1.110223024625E-16,1.,-0.));
#12171 = ADVANCED_FACE('',(#12172),#12215,.T.);
#12172 = FACE_BOUND('',#12173,.T.);
#12173 = EDGE_LOOP('',(#12174,#12175,#12183,#12191,#12199,#12207,#12213,
    #12214));
#12174 = ORIENTED_EDGE('',*,*,#11302,.F.);
#12175 = ORIENTED_EDGE('',*,*,#12176,.T.);
#12176 = EDGE_CURVE('',#11303,#12177,#12179,.T.);
#12177 = VERTEX_POINT('',#12178);
#12178 = CARTESIAN_POINT('',(-0.1,-7.87,7.35));
#12179 = LINE('',#12180,#12181);
#12180 = CARTESIAN_POINT('',(-0.1,-7.92,7.4));
#12181 = VECTOR('',#12182,1.);
#12182 = DIRECTION('',(7.850462293414E-17,0.707106781187,-0.707106781187
    ));
#12183 = ORIENTED_EDGE('',*,*,#12184,.T.);
#12184 = EDGE_CURVE('',#12177,#12185,#12187,.T.);
#12185 = VERTEX_POINT('',#12186);
#12186 = CARTESIAN_POINT('',(-0.1,-7.87,1.25));
#12187 = LINE('',#12188,#12189);
#12188 = CARTESIAN_POINT('',(-0.1,-7.87,7.35));
#12189 = VECTOR('',#12190,1.);
#12190 = DIRECTION('',(0.,0.,-1.));
#12191 = ORIENTED_EDGE('',*,*,#12192,.T.);
#12192 = EDGE_CURVE('',#12185,#12193,#12195,.T.);
#12193 = VERTEX_POINT('',#12194);
#12194 = CARTESIAN_POINT('',(-0.1,-7.37,1.25));
#12195 = LINE('',#12196,#12197);
#12196 = CARTESIAN_POINT('',(-0.1,-7.87,1.25));
#12197 = VECTOR('',#12198,1.);
#12198 = DIRECTION('',(1.110223024625E-16,1.,0.));
#12199 = ORIENTED_EDGE('',*,*,#12200,.T.);
#12200 = EDGE_CURVE('',#12193,#12201,#12203,.T.);
#12201 = VERTEX_POINT('',#12202);
#12202 = CARTESIAN_POINT('',(-0.1,-7.37,7.35));
#12203 = LINE('',#12204,#12205);
#12204 = CARTESIAN_POINT('',(-0.1,-7.37,1.25));
#12205 = VECTOR('',#12206,1.);
#12206 = DIRECTION('',(0.,0.,1.));
#12207 = ORIENTED_EDGE('',*,*,#12208,.T.);
#12208 = EDGE_CURVE('',#12201,#11231,#12209,.T.);
#12209 = LINE('',#12210,#12211);
#12210 = CARTESIAN_POINT('',(-0.1,-7.37,7.35));
#12211 = VECTOR('',#12212,1.);
#12212 = DIRECTION('',(7.850462293414E-17,0.707106781187,0.707106781187)
  );
#12213 = ORIENTED_EDGE('',*,*,#11238,.F.);
#12214 = ORIENTED_EDGE('',*,*,#12159,.T.);
#12215 = PLANE('',#12216);
#12216 = AXIS2_PLACEMENT_3D('',#12217,#12218,#12219);
#12217 = CARTESIAN_POINT('',(-0.1,-7.62,3.911477598424));
#12218 = DIRECTION('',(-1.,1.110223024625E-16,0.));
#12219 = DIRECTION('',(0.,0.,1.));
#12220 = ADVANCED_FACE('',(#12221),#12239,.T.);
#12221 = FACE_BOUND('',#12222,.T.);
#12222 = EDGE_LOOP('',(#12223,#12231,#12237,#12238));
#12223 = ORIENTED_EDGE('',*,*,#12224,.T.);
#12224 = EDGE_CURVE('',#12201,#12225,#12227,.T.);
#12225 = VERTEX_POINT('',#12226);
#12226 = CARTESIAN_POINT('',(0.1,-7.37,7.35));
#12227 = LINE('',#12228,#12229);
#12228 = CARTESIAN_POINT('',(-0.1,-7.37,7.35));
#12229 = VECTOR('',#12230,1.);
#12230 = DIRECTION('',(1.,-1.110223024625E-16,0.));
#12231 = ORIENTED_EDGE('',*,*,#12232,.T.);
#12232 = EDGE_CURVE('',#12225,#11223,#12233,.T.);
#12233 = LINE('',#12234,#12235);
#12234 = CARTESIAN_POINT('',(0.1,-7.37,7.35));
#12235 = VECTOR('',#12236,1.);
#12236 = DIRECTION('',(7.850462293414E-17,0.707106781187,0.707106781187)
  );
#12237 = ORIENTED_EDGE('',*,*,#11230,.F.);
#12238 = ORIENTED_EDGE('',*,*,#12208,.F.);
#12239 = PLANE('',#12240);
#12240 = AXIS2_PLACEMENT_3D('',#12241,#12242,#12243);
#12241 = CARTESIAN_POINT('',(-0.1,-7.37,7.35));
#12242 = DIRECTION('',(-7.850462293414E-17,-0.707106781187,
    0.707106781187));
#12243 = DIRECTION('',(7.850462293414E-17,0.707106781187,0.707106781187)
  );
#12244 = ADVANCED_FACE('',(#12245),#12281,.F.);
#12245 = FACE_BOUND('',#12246,.F.);
#12246 = EDGE_LOOP('',(#12247,#12248,#12256,#12264,#12272,#12278,#12279,
    #12280));
#12247 = ORIENTED_EDGE('',*,*,#11318,.F.);
#12248 = ORIENTED_EDGE('',*,*,#12249,.T.);
#12249 = EDGE_CURVE('',#11311,#12250,#12252,.T.);
#12250 = VERTEX_POINT('',#12251);
#12251 = CARTESIAN_POINT('',(0.1,-7.87,7.35));
#12252 = LINE('',#12253,#12254);
#12253 = CARTESIAN_POINT('',(0.1,-7.92,7.4));
#12254 = VECTOR('',#12255,1.);
#12255 = DIRECTION('',(7.850462293414E-17,0.707106781187,-0.707106781187
    ));
#12256 = ORIENTED_EDGE('',*,*,#12257,.T.);
#12257 = EDGE_CURVE('',#12250,#12258,#12260,.T.);
#12258 = VERTEX_POINT('',#12259);
#12259 = CARTESIAN_POINT('',(0.1,-7.87,1.25));
#12260 = LINE('',#12261,#12262);
#12261 = CARTESIAN_POINT('',(0.1,-7.87,7.35));
#12262 = VECTOR('',#12263,1.);
#12263 = DIRECTION('',(0.,0.,-1.));
#12264 = ORIENTED_EDGE('',*,*,#12265,.T.);
#12265 = EDGE_CURVE('',#12258,#12266,#12268,.T.);
#12266 = VERTEX_POINT('',#12267);
#12267 = CARTESIAN_POINT('',(0.1,-7.37,1.25));
#12268 = LINE('',#12269,#12270);
#12269 = CARTESIAN_POINT('',(0.1,-7.87,1.25));
#12270 = VECTOR('',#12271,1.);
#12271 = DIRECTION('',(1.110223024625E-16,1.,0.));
#12272 = ORIENTED_EDGE('',*,*,#12273,.T.);
#12273 = EDGE_CURVE('',#12266,#12225,#12274,.T.);
#12274 = LINE('',#12275,#12276);
#12275 = CARTESIAN_POINT('',(0.1,-7.37,1.25));
#12276 = VECTOR('',#12277,1.);
#12277 = DIRECTION('',(0.,0.,1.));
#12278 = ORIENTED_EDGE('',*,*,#12232,.T.);
#12279 = ORIENTED_EDGE('',*,*,#11222,.F.);
#12280 = ORIENTED_EDGE('',*,*,#12144,.T.);
#12281 = PLANE('',#12282);
#12282 = AXIS2_PLACEMENT_3D('',#12283,#12284,#12285);
#12283 = CARTESIAN_POINT('',(0.1,-7.62,3.911477598424));
#12284 = DIRECTION('',(-1.,1.110223024625E-16,0.));
#12285 = DIRECTION('',(0.,0.,1.));
#12286 = ADVANCED_FACE('',(#12287),#12298,.T.);
#12287 = FACE_BOUND('',#12288,.T.);
#12288 = EDGE_LOOP('',(#12289,#12290,#12291,#12297));
#12289 = ORIENTED_EDGE('',*,*,#11310,.T.);
#12290 = ORIENTED_EDGE('',*,*,#12249,.T.);
#12291 = ORIENTED_EDGE('',*,*,#12292,.F.);
#12292 = EDGE_CURVE('',#12177,#12250,#12293,.T.);
#12293 = LINE('',#12294,#12295);
#12294 = CARTESIAN_POINT('',(-0.1,-7.87,7.35));
#12295 = VECTOR('',#12296,1.);
#12296 = DIRECTION('',(1.,-1.110223024625E-16,0.));
#12297 = ORIENTED_EDGE('',*,*,#12176,.F.);
#12298 = PLANE('',#12299);
#12299 = AXIS2_PLACEMENT_3D('',#12300,#12301,#12302);
#12300 = CARTESIAN_POINT('',(-0.1,-7.92,7.4));
#12301 = DIRECTION('',(7.850462293414E-17,0.707106781187,0.707106781187)
  );
#12302 = DIRECTION('',(7.850462293414E-17,0.707106781187,-0.707106781187
    ));
#12303 = ADVANCED_FACE('',(#12304),#12315,.T.);
#12304 = FACE_BOUND('',#12305,.T.);
#12305 = EDGE_LOOP('',(#12306,#12307,#12308,#12309));
#12306 = ORIENTED_EDGE('',*,*,#11486,.T.);
#12307 = ORIENTED_EDGE('',*,*,#11349,.T.);
#12308 = ORIENTED_EDGE('',*,*,#11374,.T.);
#12309 = ORIENTED_EDGE('',*,*,#12310,.T.);
#12310 = EDGE_CURVE('',#11375,#11479,#12311,.T.);
#12311 = LINE('',#12312,#12313);
#12312 = CARTESIAN_POINT('',(0.1,-5.08,0.9));
#12313 = VECTOR('',#12314,1.);
#12314 = DIRECTION('',(-1.110223024625E-16,-1.,0.));
#12315 = PLANE('',#12316);
#12316 = AXIS2_PLACEMENT_3D('',#12317,#12318,#12319);
#12317 = CARTESIAN_POINT('',(-6.461035410391E-16,-5.08,0.9));
#12318 = DIRECTION('',(0.,0.,1.));
#12319 = DIRECTION('',(1.110223024625E-16,1.,-0.));
#12320 = ADVANCED_FACE('',(#12321),#12332,.T.);
#12321 = FACE_BOUND('',#12322,.T.);
#12322 = EDGE_LOOP('',(#12323,#12324,#12330,#12331));
#12323 = ORIENTED_EDGE('',*,*,#11454,.T.);
#12324 = ORIENTED_EDGE('',*,*,#12325,.F.);
#12325 = EDGE_CURVE('',#11399,#11455,#12326,.T.);
#12326 = LINE('',#12327,#12328);
#12327 = CARTESIAN_POINT('',(-0.1,-5.08,0.9));
#12328 = VECTOR('',#12329,1.);
#12329 = DIRECTION('',(-1.110223024625E-16,-1.,0.));
#12330 = ORIENTED_EDGE('',*,*,#11406,.T.);
#12331 = ORIENTED_EDGE('',*,*,#11429,.T.);
#12332 = PLANE('',#12333);
#12333 = AXIS2_PLACEMENT_3D('',#12334,#12335,#12336);
#12334 = CARTESIAN_POINT('',(-6.461035410391E-16,-5.08,0.9));
#12335 = DIRECTION('',(0.,0.,1.));
#12336 = DIRECTION('',(1.110223024625E-16,1.,-0.));
#12337 = ADVANCED_FACE('',(#12338),#12381,.T.);
#12338 = FACE_BOUND('',#12339,.T.);
#12339 = EDGE_LOOP('',(#12340,#12341,#12349,#12357,#12365,#12373,#12379,
    #12380));
#12340 = ORIENTED_EDGE('',*,*,#11462,.F.);
#12341 = ORIENTED_EDGE('',*,*,#12342,.T.);
#12342 = EDGE_CURVE('',#11463,#12343,#12345,.T.);
#12343 = VERTEX_POINT('',#12344);
#12344 = CARTESIAN_POINT('',(-0.1,-5.33,7.35));
#12345 = LINE('',#12346,#12347);
#12346 = CARTESIAN_POINT('',(-0.1,-5.38,7.4));
#12347 = VECTOR('',#12348,1.);
#12348 = DIRECTION('',(7.850462293414E-17,0.707106781187,-0.707106781187
    ));
#12349 = ORIENTED_EDGE('',*,*,#12350,.T.);
#12350 = EDGE_CURVE('',#12343,#12351,#12353,.T.);
#12351 = VERTEX_POINT('',#12352);
#12352 = CARTESIAN_POINT('',(-0.1,-5.33,1.25));
#12353 = LINE('',#12354,#12355);
#12354 = CARTESIAN_POINT('',(-0.1,-5.33,7.35));
#12355 = VECTOR('',#12356,1.);
#12356 = DIRECTION('',(0.,0.,-1.));
#12357 = ORIENTED_EDGE('',*,*,#12358,.T.);
#12358 = EDGE_CURVE('',#12351,#12359,#12361,.T.);
#12359 = VERTEX_POINT('',#12360);
#12360 = CARTESIAN_POINT('',(-0.1,-4.83,1.25));
#12361 = LINE('',#12362,#12363);
#12362 = CARTESIAN_POINT('',(-0.1,-5.33,1.25));
#12363 = VECTOR('',#12364,1.);
#12364 = DIRECTION('',(1.110223024625E-16,1.,0.));
#12365 = ORIENTED_EDGE('',*,*,#12366,.T.);
#12366 = EDGE_CURVE('',#12359,#12367,#12369,.T.);
#12367 = VERTEX_POINT('',#12368);
#12368 = CARTESIAN_POINT('',(-0.1,-4.83,7.35));
#12369 = LINE('',#12370,#12371);
#12370 = CARTESIAN_POINT('',(-0.1,-4.83,1.25));
#12371 = VECTOR('',#12372,1.);
#12372 = DIRECTION('',(0.,0.,1.));
#12373 = ORIENTED_EDGE('',*,*,#12374,.T.);
#12374 = EDGE_CURVE('',#12367,#11391,#12375,.T.);
#12375 = LINE('',#12376,#12377);
#12376 = CARTESIAN_POINT('',(-0.1,-4.83,7.35));
#12377 = VECTOR('',#12378,1.);
#12378 = DIRECTION('',(7.850462293414E-17,0.707106781187,0.707106781187)
  );
#12379 = ORIENTED_EDGE('',*,*,#11398,.F.);
#12380 = ORIENTED_EDGE('',*,*,#12325,.T.);
#12381 = PLANE('',#12382);
#12382 = AXIS2_PLACEMENT_3D('',#12383,#12384,#12385);
#12383 = CARTESIAN_POINT('',(-0.1,-5.08,3.911477598424));
#12384 = DIRECTION('',(-1.,1.110223024625E-16,0.));
#12385 = DIRECTION('',(0.,0.,1.));
#12386 = ADVANCED_FACE('',(#12387),#12405,.T.);
#12387 = FACE_BOUND('',#12388,.T.);
#12388 = EDGE_LOOP('',(#12389,#12397,#12403,#12404));
#12389 = ORIENTED_EDGE('',*,*,#12390,.T.);
#12390 = EDGE_CURVE('',#12367,#12391,#12393,.T.);
#12391 = VERTEX_POINT('',#12392);
#12392 = CARTESIAN_POINT('',(0.1,-4.83,7.35));
#12393 = LINE('',#12394,#12395);
#12394 = CARTESIAN_POINT('',(-0.1,-4.83,7.35));
#12395 = VECTOR('',#12396,1.);
#12396 = DIRECTION('',(1.,-1.110223024625E-16,0.));
#12397 = ORIENTED_EDGE('',*,*,#12398,.T.);
#12398 = EDGE_CURVE('',#12391,#11383,#12399,.T.);
#12399 = LINE('',#12400,#12401);
#12400 = CARTESIAN_POINT('',(0.1,-4.83,7.35));
#12401 = VECTOR('',#12402,1.);
#12402 = DIRECTION('',(7.850462293414E-17,0.707106781187,0.707106781187)
  );
#12403 = ORIENTED_EDGE('',*,*,#11390,.F.);
#12404 = ORIENTED_EDGE('',*,*,#12374,.F.);
#12405 = PLANE('',#12406);
#12406 = AXIS2_PLACEMENT_3D('',#12407,#12408,#12409);
#12407 = CARTESIAN_POINT('',(-0.1,-4.83,7.35));
#12408 = DIRECTION('',(-7.850462293414E-17,-0.707106781187,
    0.707106781187));
#12409 = DIRECTION('',(7.850462293414E-17,0.707106781187,0.707106781187)
  );
#12410 = ADVANCED_FACE('',(#12411),#12447,.F.);
#12411 = FACE_BOUND('',#12412,.F.);
#12412 = EDGE_LOOP('',(#12413,#12414,#12422,#12430,#12438,#12444,#12445,
    #12446));
#12413 = ORIENTED_EDGE('',*,*,#11478,.F.);
#12414 = ORIENTED_EDGE('',*,*,#12415,.T.);
#12415 = EDGE_CURVE('',#11471,#12416,#12418,.T.);
#12416 = VERTEX_POINT('',#12417);
#12417 = CARTESIAN_POINT('',(0.1,-5.33,7.35));
#12418 = LINE('',#12419,#12420);
#12419 = CARTESIAN_POINT('',(0.1,-5.38,7.4));
#12420 = VECTOR('',#12421,1.);
#12421 = DIRECTION('',(7.850462293414E-17,0.707106781187,-0.707106781187
    ));
#12422 = ORIENTED_EDGE('',*,*,#12423,.T.);
#12423 = EDGE_CURVE('',#12416,#12424,#12426,.T.);
#12424 = VERTEX_POINT('',#12425);
#12425 = CARTESIAN_POINT('',(0.1,-5.33,1.25));
#12426 = LINE('',#12427,#12428);
#12427 = CARTESIAN_POINT('',(0.1,-5.33,7.35));
#12428 = VECTOR('',#12429,1.);
#12429 = DIRECTION('',(0.,0.,-1.));
#12430 = ORIENTED_EDGE('',*,*,#12431,.T.);
#12431 = EDGE_CURVE('',#12424,#12432,#12434,.T.);
#12432 = VERTEX_POINT('',#12433);
#12433 = CARTESIAN_POINT('',(0.1,-4.83,1.25));
#12434 = LINE('',#12435,#12436);
#12435 = CARTESIAN_POINT('',(0.1,-5.33,1.25));
#12436 = VECTOR('',#12437,1.);
#12437 = DIRECTION('',(1.110223024625E-16,1.,0.));
#12438 = ORIENTED_EDGE('',*,*,#12439,.T.);
#12439 = EDGE_CURVE('',#12432,#12391,#12440,.T.);
#12440 = LINE('',#12441,#12442);
#12441 = CARTESIAN_POINT('',(0.1,-4.83,1.25));
#12442 = VECTOR('',#12443,1.);
#12443 = DIRECTION('',(0.,0.,1.));
#12444 = ORIENTED_EDGE('',*,*,#12398,.T.);
#12445 = ORIENTED_EDGE('',*,*,#11382,.F.);
#12446 = ORIENTED_EDGE('',*,*,#12310,.T.);
#12447 = PLANE('',#12448);
#12448 = AXIS2_PLACEMENT_3D('',#12449,#12450,#12451);
#12449 = CARTESIAN_POINT('',(0.1,-5.08,3.911477598424));
#12450 = DIRECTION('',(-1.,1.110223024625E-16,0.));
#12451 = DIRECTION('',(0.,0.,1.));
#12452 = ADVANCED_FACE('',(#12453),#12464,.T.);
#12453 = FACE_BOUND('',#12454,.T.);
#12454 = EDGE_LOOP('',(#12455,#12456,#12457,#12463));
#12455 = ORIENTED_EDGE('',*,*,#11470,.T.);
#12456 = ORIENTED_EDGE('',*,*,#12415,.T.);
#12457 = ORIENTED_EDGE('',*,*,#12458,.F.);
#12458 = EDGE_CURVE('',#12343,#12416,#12459,.T.);
#12459 = LINE('',#12460,#12461);
#12460 = CARTESIAN_POINT('',(-0.1,-5.33,7.35));
#12461 = VECTOR('',#12462,1.);
#12462 = DIRECTION('',(1.,-1.110223024625E-16,0.));
#12463 = ORIENTED_EDGE('',*,*,#12342,.F.);
#12464 = PLANE('',#12465);
#12465 = AXIS2_PLACEMENT_3D('',#12466,#12467,#12468);
#12466 = CARTESIAN_POINT('',(-0.1,-5.38,7.4));
#12467 = DIRECTION('',(7.850462293414E-17,0.707106781187,0.707106781187)
  );
#12468 = DIRECTION('',(7.850462293414E-17,0.707106781187,-0.707106781187
    ));
#12469 = ADVANCED_FACE('',(#12470),#12481,.T.);
#12470 = FACE_BOUND('',#12471,.T.);
#12471 = EDGE_LOOP('',(#12472,#12473,#12474,#12475));
#12472 = ORIENTED_EDGE('',*,*,#11646,.T.);
#12473 = ORIENTED_EDGE('',*,*,#11509,.T.);
#12474 = ORIENTED_EDGE('',*,*,#11534,.T.);
#12475 = ORIENTED_EDGE('',*,*,#12476,.T.);
#12476 = EDGE_CURVE('',#11535,#11639,#12477,.T.);
#12477 = LINE('',#12478,#12479);
#12478 = CARTESIAN_POINT('',(0.1,-2.54,0.9));
#12479 = VECTOR('',#12480,1.);
#12480 = DIRECTION('',(-1.110223024625E-16,-1.,0.));
#12481 = PLANE('',#12482);
#12482 = AXIS2_PLACEMENT_3D('',#12483,#12484,#12485);
#12483 = CARTESIAN_POINT('',(-3.641068927844E-16,-2.54,0.9));
#12484 = DIRECTION('',(0.,0.,1.));
#12485 = DIRECTION('',(1.110223024625E-16,1.,-0.));
#12486 = ADVANCED_FACE('',(#12487),#12498,.T.);
#12487 = FACE_BOUND('',#12488,.T.);
#12488 = EDGE_LOOP('',(#12489,#12490,#12496,#12497));
#12489 = ORIENTED_EDGE('',*,*,#11614,.T.);
#12490 = ORIENTED_EDGE('',*,*,#12491,.F.);
#12491 = EDGE_CURVE('',#11559,#11615,#12492,.T.);
#12492 = LINE('',#12493,#12494);
#12493 = CARTESIAN_POINT('',(-0.1,-2.54,0.9));
#12494 = VECTOR('',#12495,1.);
#12495 = DIRECTION('',(-1.110223024625E-16,-1.,0.));
#12496 = ORIENTED_EDGE('',*,*,#11566,.T.);
#12497 = ORIENTED_EDGE('',*,*,#11589,.T.);
#12498 = PLANE('',#12499);
#12499 = AXIS2_PLACEMENT_3D('',#12500,#12501,#12502);
#12500 = CARTESIAN_POINT('',(-3.641068927844E-16,-2.54,0.9));
#12501 = DIRECTION('',(0.,0.,1.));
#12502 = DIRECTION('',(1.110223024625E-16,1.,-0.));
#12503 = ADVANCED_FACE('',(#12504),#12547,.T.);
#12504 = FACE_BOUND('',#12505,.T.);
#12505 = EDGE_LOOP('',(#12506,#12507,#12515,#12523,#12531,#12539,#12545,
    #12546));
#12506 = ORIENTED_EDGE('',*,*,#11622,.F.);
#12507 = ORIENTED_EDGE('',*,*,#12508,.T.);
#12508 = EDGE_CURVE('',#11623,#12509,#12511,.T.);
#12509 = VERTEX_POINT('',#12510);
#12510 = CARTESIAN_POINT('',(-0.1,-2.79,7.35));
#12511 = LINE('',#12512,#12513);
#12512 = CARTESIAN_POINT('',(-0.1,-2.84,7.4));
#12513 = VECTOR('',#12514,1.);
#12514 = DIRECTION('',(7.850462293414E-17,0.707106781187,-0.707106781187
    ));
#12515 = ORIENTED_EDGE('',*,*,#12516,.T.);
#12516 = EDGE_CURVE('',#12509,#12517,#12519,.T.);
#12517 = VERTEX_POINT('',#12518);
#12518 = CARTESIAN_POINT('',(-0.1,-2.79,1.25));
#12519 = LINE('',#12520,#12521);
#12520 = CARTESIAN_POINT('',(-0.1,-2.79,7.35));
#12521 = VECTOR('',#12522,1.);
#12522 = DIRECTION('',(0.,0.,-1.));
#12523 = ORIENTED_EDGE('',*,*,#12524,.T.);
#12524 = EDGE_CURVE('',#12517,#12525,#12527,.T.);
#12525 = VERTEX_POINT('',#12526);
#12526 = CARTESIAN_POINT('',(-0.1,-2.29,1.25));
#12527 = LINE('',#12528,#12529);
#12528 = CARTESIAN_POINT('',(-0.1,-2.79,1.25));
#12529 = VECTOR('',#12530,1.);
#12530 = DIRECTION('',(1.110223024625E-16,1.,0.));
#12531 = ORIENTED_EDGE('',*,*,#12532,.T.);
#12532 = EDGE_CURVE('',#12525,#12533,#12535,.T.);
#12533 = VERTEX_POINT('',#12534);
#12534 = CARTESIAN_POINT('',(-0.1,-2.29,7.35));
#12535 = LINE('',#12536,#12537);
#12536 = CARTESIAN_POINT('',(-0.1,-2.29,1.25));
#12537 = VECTOR('',#12538,1.);
#12538 = DIRECTION('',(0.,0.,1.));
#12539 = ORIENTED_EDGE('',*,*,#12540,.T.);
#12540 = EDGE_CURVE('',#12533,#11551,#12541,.T.);
#12541 = LINE('',#12542,#12543);
#12542 = CARTESIAN_POINT('',(-0.1,-2.29,7.35));
#12543 = VECTOR('',#12544,1.);
#12544 = DIRECTION('',(7.850462293414E-17,0.707106781187,0.707106781187)
  );
#12545 = ORIENTED_EDGE('',*,*,#11558,.F.);
#12546 = ORIENTED_EDGE('',*,*,#12491,.T.);
#12547 = PLANE('',#12548);
#12548 = AXIS2_PLACEMENT_3D('',#12549,#12550,#12551);
#12549 = CARTESIAN_POINT('',(-0.1,-2.54,3.911477598424));
#12550 = DIRECTION('',(-1.,1.110223024625E-16,0.));
#12551 = DIRECTION('',(0.,0.,1.));
#12552 = ADVANCED_FACE('',(#12553),#12571,.T.);
#12553 = FACE_BOUND('',#12554,.T.);
#12554 = EDGE_LOOP('',(#12555,#12563,#12569,#12570));
#12555 = ORIENTED_EDGE('',*,*,#12556,.T.);
#12556 = EDGE_CURVE('',#12533,#12557,#12559,.T.);
#12557 = VERTEX_POINT('',#12558);
#12558 = CARTESIAN_POINT('',(0.1,-2.29,7.35));
#12559 = LINE('',#12560,#12561);
#12560 = CARTESIAN_POINT('',(-0.1,-2.29,7.35));
#12561 = VECTOR('',#12562,1.);
#12562 = DIRECTION('',(1.,-1.110223024625E-16,0.));
#12563 = ORIENTED_EDGE('',*,*,#12564,.T.);
#12564 = EDGE_CURVE('',#12557,#11543,#12565,.T.);
#12565 = LINE('',#12566,#12567);
#12566 = CARTESIAN_POINT('',(0.1,-2.29,7.35));
#12567 = VECTOR('',#12568,1.);
#12568 = DIRECTION('',(7.850462293414E-17,0.707106781187,0.707106781187)
  );
#12569 = ORIENTED_EDGE('',*,*,#11550,.F.);
#12570 = ORIENTED_EDGE('',*,*,#12540,.F.);
#12571 = PLANE('',#12572);
#12572 = AXIS2_PLACEMENT_3D('',#12573,#12574,#12575);
#12573 = CARTESIAN_POINT('',(-0.1,-2.29,7.35));
#12574 = DIRECTION('',(-7.850462293414E-17,-0.707106781187,
    0.707106781187));
#12575 = DIRECTION('',(7.850462293414E-17,0.707106781187,0.707106781187)
  );
#12576 = ADVANCED_FACE('',(#12577),#12613,.F.);
#12577 = FACE_BOUND('',#12578,.F.);
#12578 = EDGE_LOOP('',(#12579,#12580,#12588,#12596,#12604,#12610,#12611,
    #12612));
#12579 = ORIENTED_EDGE('',*,*,#11638,.F.);
#12580 = ORIENTED_EDGE('',*,*,#12581,.T.);
#12581 = EDGE_CURVE('',#11631,#12582,#12584,.T.);
#12582 = VERTEX_POINT('',#12583);
#12583 = CARTESIAN_POINT('',(0.1,-2.79,7.35));
#12584 = LINE('',#12585,#12586);
#12585 = CARTESIAN_POINT('',(0.1,-2.84,7.4));
#12586 = VECTOR('',#12587,1.);
#12587 = DIRECTION('',(7.850462293414E-17,0.707106781187,-0.707106781187
    ));
#12588 = ORIENTED_EDGE('',*,*,#12589,.T.);
#12589 = EDGE_CURVE('',#12582,#12590,#12592,.T.);
#12590 = VERTEX_POINT('',#12591);
#12591 = CARTESIAN_POINT('',(0.1,-2.79,1.25));
#12592 = LINE('',#12593,#12594);
#12593 = CARTESIAN_POINT('',(0.1,-2.79,7.35));
#12594 = VECTOR('',#12595,1.);
#12595 = DIRECTION('',(0.,0.,-1.));
#12596 = ORIENTED_EDGE('',*,*,#12597,.T.);
#12597 = EDGE_CURVE('',#12590,#12598,#12600,.T.);
#12598 = VERTEX_POINT('',#12599);
#12599 = CARTESIAN_POINT('',(0.1,-2.29,1.25));
#12600 = LINE('',#12601,#12602);
#12601 = CARTESIAN_POINT('',(0.1,-2.79,1.25));
#12602 = VECTOR('',#12603,1.);
#12603 = DIRECTION('',(1.110223024625E-16,1.,0.));
#12604 = ORIENTED_EDGE('',*,*,#12605,.T.);
#12605 = EDGE_CURVE('',#12598,#12557,#12606,.T.);
#12606 = LINE('',#12607,#12608);
#12607 = CARTESIAN_POINT('',(0.1,-2.29,1.25));
#12608 = VECTOR('',#12609,1.);
#12609 = DIRECTION('',(0.,0.,1.));
#12610 = ORIENTED_EDGE('',*,*,#12564,.T.);
#12611 = ORIENTED_EDGE('',*,*,#11542,.F.);
#12612 = ORIENTED_EDGE('',*,*,#12476,.T.);
#12613 = PLANE('',#12614);
#12614 = AXIS2_PLACEMENT_3D('',#12615,#12616,#12617);
#12615 = CARTESIAN_POINT('',(0.1,-2.54,3.911477598424));
#12616 = DIRECTION('',(-1.,1.110223024625E-16,0.));
#12617 = DIRECTION('',(0.,0.,1.));
#12618 = ADVANCED_FACE('',(#12619),#12630,.T.);
#12619 = FACE_BOUND('',#12620,.T.);
#12620 = EDGE_LOOP('',(#12621,#12622,#12623,#12629));
#12621 = ORIENTED_EDGE('',*,*,#11630,.T.);
#12622 = ORIENTED_EDGE('',*,*,#12581,.T.);
#12623 = ORIENTED_EDGE('',*,*,#12624,.F.);
#12624 = EDGE_CURVE('',#12509,#12582,#12625,.T.);
#12625 = LINE('',#12626,#12627);
#12626 = CARTESIAN_POINT('',(-0.1,-2.79,7.35));
#12627 = VECTOR('',#12628,1.);
#12628 = DIRECTION('',(1.,-1.110223024625E-16,0.));
#12629 = ORIENTED_EDGE('',*,*,#12508,.F.);
#12630 = PLANE('',#12631);
#12631 = AXIS2_PLACEMENT_3D('',#12632,#12633,#12634);
#12632 = CARTESIAN_POINT('',(-0.1,-2.84,7.4));
#12633 = DIRECTION('',(7.850462293414E-17,0.707106781187,0.707106781187)
  );
#12634 = DIRECTION('',(7.850462293414E-17,0.707106781187,-0.707106781187
    ));
#12635 = ADVANCED_FACE('',(#12636),#12647,.T.);
#12636 = FACE_BOUND('',#12637,.T.);
#12637 = EDGE_LOOP('',(#12638,#12639,#12640,#12641));
#12638 = ORIENTED_EDGE('',*,*,#11806,.T.);
#12639 = ORIENTED_EDGE('',*,*,#11669,.T.);
#12640 = ORIENTED_EDGE('',*,*,#11694,.T.);
#12641 = ORIENTED_EDGE('',*,*,#12642,.T.);
#12642 = EDGE_CURVE('',#11695,#11799,#12643,.T.);
#12643 = LINE('',#12644,#12645);
#12644 = CARTESIAN_POINT('',(0.1,4.329869796038E-16,0.9));
#12645 = VECTOR('',#12646,1.);
#12646 = DIRECTION('',(-1.110223024625E-16,-1.,0.));
#12647 = PLANE('',#12648);
#12648 = AXIS2_PLACEMENT_3D('',#12649,#12650,#12651);
#12649 = CARTESIAN_POINT('',(-8.211024452957E-17,8.881784197001E-16,0.9)
  );
#12650 = DIRECTION('',(0.,0.,1.));
#12651 = DIRECTION('',(1.110223024625E-16,1.,-0.));
#12652 = ADVANCED_FACE('',(#12653),#12664,.T.);
#12653 = FACE_BOUND('',#12654,.T.);
#12654 = EDGE_LOOP('',(#12655,#12656,#12662,#12663));
#12655 = ORIENTED_EDGE('',*,*,#11774,.T.);
#12656 = ORIENTED_EDGE('',*,*,#12657,.F.);
#12657 = EDGE_CURVE('',#11719,#11775,#12658,.T.);
#12658 = LINE('',#12659,#12660);
#12659 = CARTESIAN_POINT('',(-0.1,4.551914400963E-16,0.9));
#12660 = VECTOR('',#12661,1.);
#12661 = DIRECTION('',(-1.110223024625E-16,-1.,0.));
#12662 = ORIENTED_EDGE('',*,*,#11726,.T.);
#12663 = ORIENTED_EDGE('',*,*,#11749,.T.);
#12664 = PLANE('',#12665);
#12665 = AXIS2_PLACEMENT_3D('',#12666,#12667,#12668);
#12666 = CARTESIAN_POINT('',(-8.211024452957E-17,8.881784197001E-16,0.9)
  );
#12667 = DIRECTION('',(0.,0.,1.));
#12668 = DIRECTION('',(1.110223024625E-16,1.,-0.));
#12669 = ADVANCED_FACE('',(#12670),#12713,.T.);
#12670 = FACE_BOUND('',#12671,.T.);
#12671 = EDGE_LOOP('',(#12672,#12673,#12681,#12689,#12697,#12705,#12711,
    #12712));
#12672 = ORIENTED_EDGE('',*,*,#11782,.F.);
#12673 = ORIENTED_EDGE('',*,*,#12674,.T.);
#12674 = EDGE_CURVE('',#11783,#12675,#12677,.T.);
#12675 = VERTEX_POINT('',#12676);
#12676 = CARTESIAN_POINT('',(-0.1,-0.25,7.35));
#12677 = LINE('',#12678,#12679);
#12678 = CARTESIAN_POINT('',(-0.1,-0.3,7.4));
#12679 = VECTOR('',#12680,1.);
#12680 = DIRECTION('',(7.850462293414E-17,0.707106781187,-0.707106781187
    ));
#12681 = ORIENTED_EDGE('',*,*,#12682,.T.);
#12682 = EDGE_CURVE('',#12675,#12683,#12685,.T.);
#12683 = VERTEX_POINT('',#12684);
#12684 = CARTESIAN_POINT('',(-0.1,-0.25,1.25));
#12685 = LINE('',#12686,#12687);
#12686 = CARTESIAN_POINT('',(-0.1,-0.25,7.35));
#12687 = VECTOR('',#12688,1.);
#12688 = DIRECTION('',(0.,0.,-1.));
#12689 = ORIENTED_EDGE('',*,*,#12690,.T.);
#12690 = EDGE_CURVE('',#12683,#12691,#12693,.T.);
#12691 = VERTEX_POINT('',#12692);
#12692 = CARTESIAN_POINT('',(-0.1,0.25,1.25));
#12693 = LINE('',#12694,#12695);
#12694 = CARTESIAN_POINT('',(-0.1,-0.25,1.25));
#12695 = VECTOR('',#12696,1.);
#12696 = DIRECTION('',(1.110223024625E-16,1.,0.));
#12697 = ORIENTED_EDGE('',*,*,#12698,.T.);
#12698 = EDGE_CURVE('',#12691,#12699,#12701,.T.);
#12699 = VERTEX_POINT('',#12700);
#12700 = CARTESIAN_POINT('',(-0.1,0.25,7.35));
#12701 = LINE('',#12702,#12703);
#12702 = CARTESIAN_POINT('',(-0.1,0.25,1.25));
#12703 = VECTOR('',#12704,1.);
#12704 = DIRECTION('',(0.,0.,1.));
#12705 = ORIENTED_EDGE('',*,*,#12706,.T.);
#12706 = EDGE_CURVE('',#12699,#11711,#12707,.T.);
#12707 = LINE('',#12708,#12709);
#12708 = CARTESIAN_POINT('',(-0.1,0.25,7.35));
#12709 = VECTOR('',#12710,1.);
#12710 = DIRECTION('',(7.850462293414E-17,0.707106781187,0.707106781187)
  );
#12711 = ORIENTED_EDGE('',*,*,#11718,.F.);
#12712 = ORIENTED_EDGE('',*,*,#12657,.T.);
#12713 = PLANE('',#12714);
#12714 = AXIS2_PLACEMENT_3D('',#12715,#12716,#12717);
#12715 = CARTESIAN_POINT('',(-0.1,1.110223024625E-17,3.911477598424));
#12716 = DIRECTION('',(-1.,1.110223024625E-16,0.));
#12717 = DIRECTION('',(0.,0.,1.));
#12718 = ADVANCED_FACE('',(#12719),#12737,.T.);
#12719 = FACE_BOUND('',#12720,.T.);
#12720 = EDGE_LOOP('',(#12721,#12729,#12735,#12736));
#12721 = ORIENTED_EDGE('',*,*,#12722,.T.);
#12722 = EDGE_CURVE('',#12699,#12723,#12725,.T.);
#12723 = VERTEX_POINT('',#12724);
#12724 = CARTESIAN_POINT('',(0.1,0.25,7.35));
#12725 = LINE('',#12726,#12727);
#12726 = CARTESIAN_POINT('',(-0.1,0.25,7.35));
#12727 = VECTOR('',#12728,1.);
#12728 = DIRECTION('',(1.,-1.110223024625E-16,0.));
#12729 = ORIENTED_EDGE('',*,*,#12730,.T.);
#12730 = EDGE_CURVE('',#12723,#11703,#12731,.T.);
#12731 = LINE('',#12732,#12733);
#12732 = CARTESIAN_POINT('',(0.1,0.25,7.35));
#12733 = VECTOR('',#12734,1.);
#12734 = DIRECTION('',(7.850462293414E-17,0.707106781187,0.707106781187)
  );
#12735 = ORIENTED_EDGE('',*,*,#11710,.F.);
#12736 = ORIENTED_EDGE('',*,*,#12706,.F.);
#12737 = PLANE('',#12738);
#12738 = AXIS2_PLACEMENT_3D('',#12739,#12740,#12741);
#12739 = CARTESIAN_POINT('',(-0.1,0.25,7.35));
#12740 = DIRECTION('',(-7.850462293414E-17,-0.707106781187,
    0.707106781187));
#12741 = DIRECTION('',(7.850462293414E-17,0.707106781187,0.707106781187)
  );
#12742 = ADVANCED_FACE('',(#12743),#12779,.F.);
#12743 = FACE_BOUND('',#12744,.F.);
#12744 = EDGE_LOOP('',(#12745,#12746,#12754,#12762,#12770,#12776,#12777,
    #12778));
#12745 = ORIENTED_EDGE('',*,*,#11798,.F.);
#12746 = ORIENTED_EDGE('',*,*,#12747,.T.);
#12747 = EDGE_CURVE('',#11791,#12748,#12750,.T.);
#12748 = VERTEX_POINT('',#12749);
#12749 = CARTESIAN_POINT('',(0.1,-0.25,7.35));
#12750 = LINE('',#12751,#12752);
#12751 = CARTESIAN_POINT('',(0.1,-0.3,7.4));
#12752 = VECTOR('',#12753,1.);
#12753 = DIRECTION('',(7.850462293414E-17,0.707106781187,-0.707106781187
    ));
#12754 = ORIENTED_EDGE('',*,*,#12755,.T.);
#12755 = EDGE_CURVE('',#12748,#12756,#12758,.T.);
#12756 = VERTEX_POINT('',#12757);
#12757 = CARTESIAN_POINT('',(0.1,-0.25,1.25));
#12758 = LINE('',#12759,#12760);
#12759 = CARTESIAN_POINT('',(0.1,-0.25,7.35));
#12760 = VECTOR('',#12761,1.);
#12761 = DIRECTION('',(0.,0.,-1.));
#12762 = ORIENTED_EDGE('',*,*,#12763,.T.);
#12763 = EDGE_CURVE('',#12756,#12764,#12766,.T.);
#12764 = VERTEX_POINT('',#12765);
#12765 = CARTESIAN_POINT('',(0.1,0.25,1.25));
#12766 = LINE('',#12767,#12768);
#12767 = CARTESIAN_POINT('',(0.1,-0.25,1.25));
#12768 = VECTOR('',#12769,1.);
#12769 = DIRECTION('',(1.110223024625E-16,1.,0.));
#12770 = ORIENTED_EDGE('',*,*,#12771,.T.);
#12771 = EDGE_CURVE('',#12764,#12723,#12772,.T.);
#12772 = LINE('',#12773,#12774);
#12773 = CARTESIAN_POINT('',(0.1,0.25,1.25));
#12774 = VECTOR('',#12775,1.);
#12775 = DIRECTION('',(0.,0.,1.));
#12776 = ORIENTED_EDGE('',*,*,#12730,.T.);
#12777 = ORIENTED_EDGE('',*,*,#11702,.F.);
#12778 = ORIENTED_EDGE('',*,*,#12642,.T.);
#12779 = PLANE('',#12780);
#12780 = AXIS2_PLACEMENT_3D('',#12781,#12782,#12783);
#12781 = CARTESIAN_POINT('',(0.1,-1.110223024625E-17,3.911477598424));
#12782 = DIRECTION('',(-1.,1.110223024625E-16,0.));
#12783 = DIRECTION('',(0.,0.,1.));
#12784 = ADVANCED_FACE('',(#12785),#12796,.T.);
#12785 = FACE_BOUND('',#12786,.T.);
#12786 = EDGE_LOOP('',(#12787,#12788,#12789,#12795));
#12787 = ORIENTED_EDGE('',*,*,#11790,.T.);
#12788 = ORIENTED_EDGE('',*,*,#12747,.T.);
#12789 = ORIENTED_EDGE('',*,*,#12790,.F.);
#12790 = EDGE_CURVE('',#12675,#12748,#12791,.T.);
#12791 = LINE('',#12792,#12793);
#12792 = CARTESIAN_POINT('',(-0.1,-0.25,7.35));
#12793 = VECTOR('',#12794,1.);
#12794 = DIRECTION('',(1.,-1.110223024625E-16,0.));
#12795 = ORIENTED_EDGE('',*,*,#12674,.F.);
#12796 = PLANE('',#12797);
#12797 = AXIS2_PLACEMENT_3D('',#12798,#12799,#12800);
#12798 = CARTESIAN_POINT('',(-0.1,-0.3,7.4));
#12799 = DIRECTION('',(7.850462293414E-17,0.707106781187,0.707106781187)
  );
#12800 = DIRECTION('',(7.850462293414E-17,0.707106781187,-0.707106781187
    ));
#12801 = ADVANCED_FACE('',(#12802),#12813,.T.);
#12802 = FACE_BOUND('',#12803,.T.);
#12803 = EDGE_LOOP('',(#12804,#12810,#12811,#12812));
#12804 = ORIENTED_EDGE('',*,*,#12805,.T.);
#12805 = EDGE_CURVE('',#12193,#12266,#12806,.T.);
#12806 = LINE('',#12807,#12808);
#12807 = CARTESIAN_POINT('',(-0.1,-7.37,1.25));
#12808 = VECTOR('',#12809,1.);
#12809 = DIRECTION('',(1.,-1.110223024625E-16,0.));
#12810 = ORIENTED_EDGE('',*,*,#12273,.T.);
#12811 = ORIENTED_EDGE('',*,*,#12224,.F.);
#12812 = ORIENTED_EDGE('',*,*,#12200,.F.);
#12813 = PLANE('',#12814);
#12814 = AXIS2_PLACEMENT_3D('',#12815,#12816,#12817);
#12815 = CARTESIAN_POINT('',(-0.1,-7.37,1.25));
#12816 = DIRECTION('',(-1.110223024625E-16,-1.,0.));
#12817 = DIRECTION('',(0.,0.,1.));
#12818 = ADVANCED_FACE('',(#12819),#12830,.T.);
#12819 = FACE_BOUND('',#12820,.T.);
#12820 = EDGE_LOOP('',(#12821,#12827,#12828,#12829));
#12821 = ORIENTED_EDGE('',*,*,#12822,.T.);
#12822 = EDGE_CURVE('',#12185,#12258,#12823,.T.);
#12823 = LINE('',#12824,#12825);
#12824 = CARTESIAN_POINT('',(-0.1,-7.87,1.25));
#12825 = VECTOR('',#12826,1.);
#12826 = DIRECTION('',(1.,-1.110223024625E-16,0.));
#12827 = ORIENTED_EDGE('',*,*,#12265,.T.);
#12828 = ORIENTED_EDGE('',*,*,#12805,.F.);
#12829 = ORIENTED_EDGE('',*,*,#12192,.F.);
#12830 = PLANE('',#12831);
#12831 = AXIS2_PLACEMENT_3D('',#12832,#12833,#12834);
#12832 = CARTESIAN_POINT('',(-0.1,-7.87,1.25));
#12833 = DIRECTION('',(0.,0.,1.));
#12834 = DIRECTION('',(1.110223024625E-16,1.,-0.));
#12835 = ADVANCED_FACE('',(#12836),#12842,.T.);
#12836 = FACE_BOUND('',#12837,.T.);
#12837 = EDGE_LOOP('',(#12838,#12839,#12840,#12841));
#12838 = ORIENTED_EDGE('',*,*,#12292,.T.);
#12839 = ORIENTED_EDGE('',*,*,#12257,.T.);
#12840 = ORIENTED_EDGE('',*,*,#12822,.F.);
#12841 = ORIENTED_EDGE('',*,*,#12184,.F.);
#12842 = PLANE('',#12843);
#12843 = AXIS2_PLACEMENT_3D('',#12844,#12845,#12846);
#12844 = CARTESIAN_POINT('',(-0.1,-7.87,7.35));
#12845 = DIRECTION('',(1.110223024625E-16,1.,0.));
#12846 = DIRECTION('',(0.,0.,-1.));
#12847 = ADVANCED_FACE('',(#12848),#12859,.T.);
#12848 = FACE_BOUND('',#12849,.T.);
#12849 = EDGE_LOOP('',(#12850,#12856,#12857,#12858));
#12850 = ORIENTED_EDGE('',*,*,#12851,.T.);
#12851 = EDGE_CURVE('',#12359,#12432,#12852,.T.);
#12852 = LINE('',#12853,#12854);
#12853 = CARTESIAN_POINT('',(-0.1,-4.83,1.25));
#12854 = VECTOR('',#12855,1.);
#12855 = DIRECTION('',(1.,-1.110223024625E-16,0.));
#12856 = ORIENTED_EDGE('',*,*,#12439,.T.);
#12857 = ORIENTED_EDGE('',*,*,#12390,.F.);
#12858 = ORIENTED_EDGE('',*,*,#12366,.F.);
#12859 = PLANE('',#12860);
#12860 = AXIS2_PLACEMENT_3D('',#12861,#12862,#12863);
#12861 = CARTESIAN_POINT('',(-0.1,-4.83,1.25));
#12862 = DIRECTION('',(-1.110223024625E-16,-1.,0.));
#12863 = DIRECTION('',(0.,0.,1.));
#12864 = ADVANCED_FACE('',(#12865),#12876,.T.);
#12865 = FACE_BOUND('',#12866,.T.);
#12866 = EDGE_LOOP('',(#12867,#12873,#12874,#12875));
#12867 = ORIENTED_EDGE('',*,*,#12868,.T.);
#12868 = EDGE_CURVE('',#12351,#12424,#12869,.T.);
#12869 = LINE('',#12870,#12871);
#12870 = CARTESIAN_POINT('',(-0.1,-5.33,1.25));
#12871 = VECTOR('',#12872,1.);
#12872 = DIRECTION('',(1.,-1.110223024625E-16,0.));
#12873 = ORIENTED_EDGE('',*,*,#12431,.T.);
#12874 = ORIENTED_EDGE('',*,*,#12851,.F.);
#12875 = ORIENTED_EDGE('',*,*,#12358,.F.);
#12876 = PLANE('',#12877);
#12877 = AXIS2_PLACEMENT_3D('',#12878,#12879,#12880);
#12878 = CARTESIAN_POINT('',(-0.1,-5.33,1.25));
#12879 = DIRECTION('',(0.,0.,1.));
#12880 = DIRECTION('',(1.110223024625E-16,1.,-0.));
#12881 = ADVANCED_FACE('',(#12882),#12888,.T.);
#12882 = FACE_BOUND('',#12883,.T.);
#12883 = EDGE_LOOP('',(#12884,#12885,#12886,#12887));
#12884 = ORIENTED_EDGE('',*,*,#12458,.T.);
#12885 = ORIENTED_EDGE('',*,*,#12423,.T.);
#12886 = ORIENTED_EDGE('',*,*,#12868,.F.);
#12887 = ORIENTED_EDGE('',*,*,#12350,.F.);
#12888 = PLANE('',#12889);
#12889 = AXIS2_PLACEMENT_3D('',#12890,#12891,#12892);
#12890 = CARTESIAN_POINT('',(-0.1,-5.33,7.35));
#12891 = DIRECTION('',(1.110223024625E-16,1.,0.));
#12892 = DIRECTION('',(0.,0.,-1.));
#12893 = ADVANCED_FACE('',(#12894),#12905,.T.);
#12894 = FACE_BOUND('',#12895,.T.);
#12895 = EDGE_LOOP('',(#12896,#12902,#12903,#12904));
#12896 = ORIENTED_EDGE('',*,*,#12897,.T.);
#12897 = EDGE_CURVE('',#12525,#12598,#12898,.T.);
#12898 = LINE('',#12899,#12900);
#12899 = CARTESIAN_POINT('',(-0.1,-2.29,1.25));
#12900 = VECTOR('',#12901,1.);
#12901 = DIRECTION('',(1.,-1.110223024625E-16,0.));
#12902 = ORIENTED_EDGE('',*,*,#12605,.T.);
#12903 = ORIENTED_EDGE('',*,*,#12556,.F.);
#12904 = ORIENTED_EDGE('',*,*,#12532,.F.);
#12905 = PLANE('',#12906);
#12906 = AXIS2_PLACEMENT_3D('',#12907,#12908,#12909);
#12907 = CARTESIAN_POINT('',(-0.1,-2.29,1.25));
#12908 = DIRECTION('',(-1.110223024625E-16,-1.,0.));
#12909 = DIRECTION('',(0.,0.,1.));
#12910 = ADVANCED_FACE('',(#12911),#12922,.T.);
#12911 = FACE_BOUND('',#12912,.T.);
#12912 = EDGE_LOOP('',(#12913,#12919,#12920,#12921));
#12913 = ORIENTED_EDGE('',*,*,#12914,.T.);
#12914 = EDGE_CURVE('',#12517,#12590,#12915,.T.);
#12915 = LINE('',#12916,#12917);
#12916 = CARTESIAN_POINT('',(-0.1,-2.79,1.25));
#12917 = VECTOR('',#12918,1.);
#12918 = DIRECTION('',(1.,-1.110223024625E-16,0.));
#12919 = ORIENTED_EDGE('',*,*,#12597,.T.);
#12920 = ORIENTED_EDGE('',*,*,#12897,.F.);
#12921 = ORIENTED_EDGE('',*,*,#12524,.F.);
#12922 = PLANE('',#12923);
#12923 = AXIS2_PLACEMENT_3D('',#12924,#12925,#12926);
#12924 = CARTESIAN_POINT('',(-0.1,-2.79,1.25));
#12925 = DIRECTION('',(0.,0.,1.));
#12926 = DIRECTION('',(1.110223024625E-16,1.,-0.));
#12927 = ADVANCED_FACE('',(#12928),#12934,.T.);
#12928 = FACE_BOUND('',#12929,.T.);
#12929 = EDGE_LOOP('',(#12930,#12931,#12932,#12933));
#12930 = ORIENTED_EDGE('',*,*,#12624,.T.);
#12931 = ORIENTED_EDGE('',*,*,#12589,.T.);
#12932 = ORIENTED_EDGE('',*,*,#12914,.F.);
#12933 = ORIENTED_EDGE('',*,*,#12516,.F.);
#12934 = PLANE('',#12935);
#12935 = AXIS2_PLACEMENT_3D('',#12936,#12937,#12938);
#12936 = CARTESIAN_POINT('',(-0.1,-2.79,7.35));
#12937 = DIRECTION('',(1.110223024625E-16,1.,0.));
#12938 = DIRECTION('',(0.,0.,-1.));
#12939 = ADVANCED_FACE('',(#12940),#12951,.T.);
#12940 = FACE_BOUND('',#12941,.T.);
#12941 = EDGE_LOOP('',(#12942,#12948,#12949,#12950));
#12942 = ORIENTED_EDGE('',*,*,#12943,.T.);
#12943 = EDGE_CURVE('',#12691,#12764,#12944,.T.);
#12944 = LINE('',#12945,#12946);
#12945 = CARTESIAN_POINT('',(-0.1,0.25,1.25));
#12946 = VECTOR('',#12947,1.);
#12947 = DIRECTION('',(1.,-1.110223024625E-16,0.));
#12948 = ORIENTED_EDGE('',*,*,#12771,.T.);
#12949 = ORIENTED_EDGE('',*,*,#12722,.F.);
#12950 = ORIENTED_EDGE('',*,*,#12698,.F.);
#12951 = PLANE('',#12952);
#12952 = AXIS2_PLACEMENT_3D('',#12953,#12954,#12955);
#12953 = CARTESIAN_POINT('',(-0.1,0.25,1.25));
#12954 = DIRECTION('',(-1.110223024625E-16,-1.,0.));
#12955 = DIRECTION('',(0.,0.,1.));
#12956 = ADVANCED_FACE('',(#12957),#12968,.T.);
#12957 = FACE_BOUND('',#12958,.T.);
#12958 = EDGE_LOOP('',(#12959,#12965,#12966,#12967));
#12959 = ORIENTED_EDGE('',*,*,#12960,.T.);
#12960 = EDGE_CURVE('',#12683,#12756,#12961,.T.);
#12961 = LINE('',#12962,#12963);
#12962 = CARTESIAN_POINT('',(-0.1,-0.25,1.25));
#12963 = VECTOR('',#12964,1.);
#12964 = DIRECTION('',(1.,-1.110223024625E-16,0.));
#12965 = ORIENTED_EDGE('',*,*,#12763,.T.);
#12966 = ORIENTED_EDGE('',*,*,#12943,.F.);
#12967 = ORIENTED_EDGE('',*,*,#12690,.F.);
#12968 = PLANE('',#12969);
#12969 = AXIS2_PLACEMENT_3D('',#12970,#12971,#12972);
#12970 = CARTESIAN_POINT('',(-0.1,-0.25,1.25));
#12971 = DIRECTION('',(0.,0.,1.));
#12972 = DIRECTION('',(1.110223024625E-16,1.,-0.));
#12973 = ADVANCED_FACE('',(#12974),#12980,.T.);
#12974 = FACE_BOUND('',#12975,.T.);
#12975 = EDGE_LOOP('',(#12976,#12977,#12978,#12979));
#12976 = ORIENTED_EDGE('',*,*,#12790,.T.);
#12977 = ORIENTED_EDGE('',*,*,#12755,.T.);
#12978 = ORIENTED_EDGE('',*,*,#12960,.F.);
#12979 = ORIENTED_EDGE('',*,*,#12682,.F.);
#12980 = PLANE('',#12981);
#12981 = AXIS2_PLACEMENT_3D('',#12982,#12983,#12984);
#12982 = CARTESIAN_POINT('',(-0.1,-0.25,7.35));
#12983 = DIRECTION('',(1.110223024625E-16,1.,0.));
#12984 = DIRECTION('',(0.,0.,-1.));
#12985 = ( GEOMETRIC_REPRESENTATION_CONTEXT(3) 
GLOBAL_UNCERTAINTY_ASSIGNED_CONTEXT((#12989)) 
GLOBAL_UNIT_ASSIGNED_CONTEXT((#12986,#12987,#12988)) 
REPRESENTATION_CONTEXT('Context #1',
  '3D Context with UNIT and UNCERTAINTY') );
#12986 = ( LENGTH_UNIT() NAMED_UNIT(*) SI_UNIT(.MILLI.,.METRE.) );
#12987 = ( NAMED_UNIT(*) PLANE_ANGLE_UNIT() SI_UNIT($,.RADIAN.) );
#12988 = ( NAMED_UNIT(*) SI_UNIT($,.STERADIAN.) SOLID_ANGLE_UNIT() );
#12989 = UNCERTAINTY_MEASURE_WITH_UNIT(LENGTH_MEASURE(1.E-07),#12986,
  'distance_accuracy_value','confusion accuracy');
#12990 = CONTEXT_DEPENDENT_SHAPE_REPRESENTATION(#12991,#12993);
#12991 = ( REPRESENTATION_RELATIONSHIP('','',#9598,#10) 
REPRESENTATION_RELATIONSHIP_WITH_TRANSFORMATION(#12992) 
SHAPE_REPRESENTATION_RELATIONSHIP() );
#12992 = ITEM_DEFINED_TRANSFORMATION('','',#11,#35);
#12993 = PRODUCT_DEFINITION_SHAPE('Placement','Placement of an item',
  #12994);
#12994 = NEXT_ASSEMBLY_USAGE_OCCURRENCE('6','DS1','',#5,#9593,$);
#12995 = PRODUCT_RELATED_PRODUCT_CATEGORY('part',$,(#9595));
#12996 = SHAPE_DEFINITION_REPRESENTATION(#12997,#13003);
#12997 = PRODUCT_DEFINITION_SHAPE('','',#12998);
#12998 = PRODUCT_DEFINITION('design','',#12999,#13002);
#12999 = PRODUCT_DEFINITION_FORMATION('','',#13000);
#13000 = PRODUCT('C_0201_0603Metric','C_0201_0603Metric','',(#13001));
#13001 = PRODUCT_CONTEXT('',#2,'mechanical');
#13002 = PRODUCT_DEFINITION_CONTEXT('part definition',#2,'design');
#13003 = ADVANCED_BREP_SHAPE_REPRESENTATION('',(#11,#13004),#13858);
#13004 = MANIFOLD_SOLID_BREP('',#13005);
#13005 = CLOSED_SHELL('',(#13006,#13082,#13113,#13138,#13163,#13187,
    #13211,#13236,#13261,#13278,#13364,#13396,#13420,#13445,#13469,
    #13494,#13518,#13543,#13560,#13646,#13677,#13702,#13727,#13751,
    #13775,#13800,#13825,#13842));
#13006 = ADVANCED_FACE('',(#13007),#13077,.F.);
#13007 = FACE_BOUND('',#13008,.F.);
#13008 = EDGE_LOOP('',(#13009,#13019,#13028,#13036,#13045,#13053,#13062,
    #13070));
#13009 = ORIENTED_EDGE('',*,*,#13010,.F.);
#13010 = EDGE_CURVE('',#13011,#13013,#13015,.T.);
#13011 = VERTEX_POINT('',#13012);
#13012 = CARTESIAN_POINT('',(-0.3,-0.15,1.5E-02));
#13013 = VERTEX_POINT('',#13014);
#13014 = CARTESIAN_POINT('',(-0.3,-0.15,0.285));
#13015 = LINE('',#13016,#13017);
#13016 = CARTESIAN_POINT('',(-0.3,-0.15,0.));
#13017 = VECTOR('',#13018,1.);
#13018 = DIRECTION('',(0.,0.,1.));
#13019 = ORIENTED_EDGE('',*,*,#13020,.T.);
#13020 = EDGE_CURVE('',#13011,#13021,#13023,.T.);
#13021 = VERTEX_POINT('',#13022);
#13022 = CARTESIAN_POINT('',(-0.3,-0.135,-2.775557561563E-17));
#13023 = CIRCLE('',#13024,1.5E-02);
#13024 = AXIS2_PLACEMENT_3D('',#13025,#13026,#13027);
#13025 = CARTESIAN_POINT('',(-0.3,-0.135,1.5E-02));
#13026 = DIRECTION('',(1.,0.,-0.));
#13027 = DIRECTION('',(0.,0.,1.));
#13028 = ORIENTED_EDGE('',*,*,#13029,.T.);
#13029 = EDGE_CURVE('',#13021,#13030,#13032,.T.);
#13030 = VERTEX_POINT('',#13031);
#13031 = CARTESIAN_POINT('',(-0.3,0.135,-2.775557561563E-17));
#13032 = LINE('',#13033,#13034);
#13033 = CARTESIAN_POINT('',(-0.3,-0.15,0.));
#13034 = VECTOR('',#13035,1.);
#13035 = DIRECTION('',(0.,1.,0.));
#13036 = ORIENTED_EDGE('',*,*,#13037,.F.);
#13037 = EDGE_CURVE('',#13038,#13030,#13040,.T.);
#13038 = VERTEX_POINT('',#13039);
#13039 = CARTESIAN_POINT('',(-0.3,0.15,1.5E-02));
#13040 = CIRCLE('',#13041,1.5E-02);
#13041 = AXIS2_PLACEMENT_3D('',#13042,#13043,#13044);
#13042 = CARTESIAN_POINT('',(-0.3,0.135,1.5E-02));
#13043 = DIRECTION('',(-1.,0.,0.));
#13044 = DIRECTION('',(0.,0.,1.));
#13045 = ORIENTED_EDGE('',*,*,#13046,.T.);
#13046 = EDGE_CURVE('',#13038,#13047,#13049,.T.);
#13047 = VERTEX_POINT('',#13048);
#13048 = CARTESIAN_POINT('',(-0.3,0.15,0.285));
#13049 = LINE('',#13050,#13051);
#13050 = CARTESIAN_POINT('',(-0.3,0.15,0.));
#13051 = VECTOR('',#13052,1.);
#13052 = DIRECTION('',(0.,0.,1.));
#13053 = ORIENTED_EDGE('',*,*,#13054,.T.);
#13054 = EDGE_CURVE('',#13047,#13055,#13057,.T.);
#13055 = VERTEX_POINT('',#13056);
#13056 = CARTESIAN_POINT('',(-0.3,0.135,0.3));
#13057 = CIRCLE('',#13058,1.5E-02);
#13058 = AXIS2_PLACEMENT_3D('',#13059,#13060,#13061);
#13059 = CARTESIAN_POINT('',(-0.3,0.135,0.285));
#13060 = DIRECTION('',(1.,0.,-0.));
#13061 = DIRECTION('',(0.,0.,1.));
#13062 = ORIENTED_EDGE('',*,*,#13063,.F.);
#13063 = EDGE_CURVE('',#13064,#13055,#13066,.T.);
#13064 = VERTEX_POINT('',#13065);
#13065 = CARTESIAN_POINT('',(-0.3,-0.135,0.3));
#13066 = LINE('',#13067,#13068);
#13067 = CARTESIAN_POINT('',(-0.3,-0.15,0.3));
#13068 = VECTOR('',#13069,1.);
#13069 = DIRECTION('',(0.,1.,0.));
#13070 = ORIENTED_EDGE('',*,*,#13071,.F.);
#13071 = EDGE_CURVE('',#13013,#13064,#13072,.T.);
#13072 = CIRCLE('',#13073,1.5E-02);
#13073 = AXIS2_PLACEMENT_3D('',#13074,#13075,#13076);
#13074 = CARTESIAN_POINT('',(-0.3,-0.135,0.285));
#13075 = DIRECTION('',(-1.,0.,0.));
#13076 = DIRECTION('',(0.,0.,1.));
#13077 = PLANE('',#13078);
#13078 = AXIS2_PLACEMENT_3D('',#13079,#13080,#13081);
#13079 = CARTESIAN_POINT('',(-0.3,-0.15,0.));
#13080 = DIRECTION('',(1.,0.,0.));
#13081 = DIRECTION('',(0.,0.,1.));
#13082 = ADVANCED_FACE('',(#13083),#13108,.F.);
#13083 = FACE_BOUND('',#13084,.F.);
#13084 = EDGE_LOOP('',(#13085,#13095,#13101,#13102));
#13085 = ORIENTED_EDGE('',*,*,#13086,.F.);
#13086 = EDGE_CURVE('',#13087,#13089,#13091,.T.);
#13087 = VERTEX_POINT('',#13088);
#13088 = CARTESIAN_POINT('',(-0.15,-0.15,1.5E-02));
#13089 = VERTEX_POINT('',#13090);
#13090 = CARTESIAN_POINT('',(-0.15,-0.15,0.285));
#13091 = LINE('',#13092,#13093);
#13092 = CARTESIAN_POINT('',(-0.15,-0.15,0.));
#13093 = VECTOR('',#13094,1.);
#13094 = DIRECTION('',(0.,0.,1.));
#13095 = ORIENTED_EDGE('',*,*,#13096,.F.);
#13096 = EDGE_CURVE('',#13011,#13087,#13097,.T.);
#13097 = LINE('',#13098,#13099);
#13098 = CARTESIAN_POINT('',(-0.3,-0.15,1.5E-02));
#13099 = VECTOR('',#13100,1.);
#13100 = DIRECTION('',(1.,0.,0.));
#13101 = ORIENTED_EDGE('',*,*,#13010,.T.);
#13102 = ORIENTED_EDGE('',*,*,#13103,.T.);
#13103 = EDGE_CURVE('',#13013,#13089,#13104,.T.);
#13104 = LINE('',#13105,#13106);
#13105 = CARTESIAN_POINT('',(-0.3,-0.15,0.285));
#13106 = VECTOR('',#13107,1.);
#13107 = DIRECTION('',(1.,0.,0.));
#13108 = PLANE('',#13109);
#13109 = AXIS2_PLACEMENT_3D('',#13110,#13111,#13112);
#13110 = CARTESIAN_POINT('',(-0.3,-0.15,0.));
#13111 = DIRECTION('',(0.,1.,0.));
#13112 = DIRECTION('',(0.,-0.,1.));
#13113 = ADVANCED_FACE('',(#13114),#13133,.T.);
#13114 = FACE_BOUND('',#13115,.T.);
#13115 = EDGE_LOOP('',(#13116,#13117,#13125,#13132));
#13116 = ORIENTED_EDGE('',*,*,#13020,.T.);
#13117 = ORIENTED_EDGE('',*,*,#13118,.T.);
#13118 = EDGE_CURVE('',#13021,#13119,#13121,.T.);
#13119 = VERTEX_POINT('',#13120);
#13120 = CARTESIAN_POINT('',(-0.15,-0.135,-2.775557561563E-17));
#13121 = LINE('',#13122,#13123);
#13122 = CARTESIAN_POINT('',(-0.3,-0.135,-2.775557561563E-17));
#13123 = VECTOR('',#13124,1.);
#13124 = DIRECTION('',(1.,0.,0.));
#13125 = ORIENTED_EDGE('',*,*,#13126,.F.);
#13126 = EDGE_CURVE('',#13087,#13119,#13127,.T.);
#13127 = CIRCLE('',#13128,1.5E-02);
#13128 = AXIS2_PLACEMENT_3D('',#13129,#13130,#13131);
#13129 = CARTESIAN_POINT('',(-0.15,-0.135,1.5E-02));
#13130 = DIRECTION('',(1.,0.,-0.));
#13131 = DIRECTION('',(0.,0.,1.));
#13132 = ORIENTED_EDGE('',*,*,#13096,.F.);
#13133 = CYLINDRICAL_SURFACE('',#13134,1.5E-02);
#13134 = AXIS2_PLACEMENT_3D('',#13135,#13136,#13137);
#13135 = CARTESIAN_POINT('',(-0.3,-0.135,1.5E-02));
#13136 = DIRECTION('',(1.,0.,0.));
#13137 = DIRECTION('',(0.,-1.,0.));
#13138 = ADVANCED_FACE('',(#13139),#13158,.T.);
#13139 = FACE_BOUND('',#13140,.T.);
#13140 = EDGE_LOOP('',(#13141,#13142,#13151,#13157));
#13141 = ORIENTED_EDGE('',*,*,#13103,.T.);
#13142 = ORIENTED_EDGE('',*,*,#13143,.T.);
#13143 = EDGE_CURVE('',#13089,#13144,#13146,.T.);
#13144 = VERTEX_POINT('',#13145);
#13145 = CARTESIAN_POINT('',(-0.15,-0.135,0.3));
#13146 = CIRCLE('',#13147,1.5E-02);
#13147 = AXIS2_PLACEMENT_3D('',#13148,#13149,#13150);
#13148 = CARTESIAN_POINT('',(-0.15,-0.135,0.285));
#13149 = DIRECTION('',(-1.,0.,0.));
#13150 = DIRECTION('',(0.,0.,1.));
#13151 = ORIENTED_EDGE('',*,*,#13152,.F.);
#13152 = EDGE_CURVE('',#13064,#13144,#13153,.T.);
#13153 = LINE('',#13154,#13155);
#13154 = CARTESIAN_POINT('',(-0.3,-0.135,0.3));
#13155 = VECTOR('',#13156,1.);
#13156 = DIRECTION('',(1.,0.,0.));
#13157 = ORIENTED_EDGE('',*,*,#13071,.F.);
#13158 = CYLINDRICAL_SURFACE('',#13159,1.5E-02);
#13159 = AXIS2_PLACEMENT_3D('',#13160,#13161,#13162);
#13160 = CARTESIAN_POINT('',(-0.3,-0.135,0.285));
#13161 = DIRECTION('',(1.,0.,0.));
#13162 = DIRECTION('',(0.,-1.,0.));
#13163 = ADVANCED_FACE('',(#13164),#13182,.F.);
#13164 = FACE_BOUND('',#13165,.F.);
#13165 = EDGE_LOOP('',(#13166,#13167,#13168,#13176));
#13166 = ORIENTED_EDGE('',*,*,#13029,.F.);
#13167 = ORIENTED_EDGE('',*,*,#13118,.T.);
#13168 = ORIENTED_EDGE('',*,*,#13169,.T.);
#13169 = EDGE_CURVE('',#13119,#13170,#13172,.T.);
#13170 = VERTEX_POINT('',#13171);
#13171 = CARTESIAN_POINT('',(-0.15,0.135,-2.775557561563E-17));
#13172 = LINE('',#13173,#13174);
#13173 = CARTESIAN_POINT('',(-0.15,-0.15,0.));
#13174 = VECTOR('',#13175,1.);
#13175 = DIRECTION('',(0.,1.,0.));
#13176 = ORIENTED_EDGE('',*,*,#13177,.F.);
#13177 = EDGE_CURVE('',#13030,#13170,#13178,.T.);
#13178 = LINE('',#13179,#13180);
#13179 = CARTESIAN_POINT('',(-0.3,0.135,-2.775557561563E-17));
#13180 = VECTOR('',#13181,1.);
#13181 = DIRECTION('',(1.,0.,0.));
#13182 = PLANE('',#13183);
#13183 = AXIS2_PLACEMENT_3D('',#13184,#13185,#13186);
#13184 = CARTESIAN_POINT('',(-0.3,-0.15,0.));
#13185 = DIRECTION('',(0.,0.,1.));
#13186 = DIRECTION('',(1.,0.,-0.));
#13187 = ADVANCED_FACE('',(#13188),#13206,.T.);
#13188 = FACE_BOUND('',#13189,.T.);
#13189 = EDGE_LOOP('',(#13190,#13191,#13192,#13200));
#13190 = ORIENTED_EDGE('',*,*,#13063,.F.);
#13191 = ORIENTED_EDGE('',*,*,#13152,.T.);
#13192 = ORIENTED_EDGE('',*,*,#13193,.T.);
#13193 = EDGE_CURVE('',#13144,#13194,#13196,.T.);
#13194 = VERTEX_POINT('',#13195);
#13195 = CARTESIAN_POINT('',(-0.15,0.135,0.3));
#13196 = LINE('',#13197,#13198);
#13197 = CARTESIAN_POINT('',(-0.15,-0.15,0.3));
#13198 = VECTOR('',#13199,1.);
#13199 = DIRECTION('',(0.,1.,0.));
#13200 = ORIENTED_EDGE('',*,*,#13201,.F.);
#13201 = EDGE_CURVE('',#13055,#13194,#13202,.T.);
#13202 = LINE('',#13203,#13204);
#13203 = CARTESIAN_POINT('',(-0.3,0.135,0.3));
#13204 = VECTOR('',#13205,1.);
#13205 = DIRECTION('',(1.,0.,0.));
#13206 = PLANE('',#13207);
#13207 = AXIS2_PLACEMENT_3D('',#13208,#13209,#13210);
#13208 = CARTESIAN_POINT('',(-0.3,-0.15,0.3));
#13209 = DIRECTION('',(0.,0.,1.));
#13210 = DIRECTION('',(1.,0.,-0.));
#13211 = ADVANCED_FACE('',(#13212),#13231,.T.);
#13212 = FACE_BOUND('',#13213,.T.);
#13213 = EDGE_LOOP('',(#13214,#13222,#13229,#13230));
#13214 = ORIENTED_EDGE('',*,*,#13215,.T.);
#13215 = EDGE_CURVE('',#13038,#13216,#13218,.T.);
#13216 = VERTEX_POINT('',#13217);
#13217 = CARTESIAN_POINT('',(-0.15,0.15,1.5E-02));
#13218 = LINE('',#13219,#13220);
#13219 = CARTESIAN_POINT('',(-0.3,0.15,1.5E-02));
#13220 = VECTOR('',#13221,1.);
#13221 = DIRECTION('',(1.,0.,0.));
#13222 = ORIENTED_EDGE('',*,*,#13223,.T.);
#13223 = EDGE_CURVE('',#13216,#13170,#13224,.T.);
#13224 = CIRCLE('',#13225,1.5E-02);
#13225 = AXIS2_PLACEMENT_3D('',#13226,#13227,#13228);
#13226 = CARTESIAN_POINT('',(-0.15,0.135,1.5E-02));
#13227 = DIRECTION('',(-1.,0.,0.));
#13228 = DIRECTION('',(0.,0.,1.));
#13229 = ORIENTED_EDGE('',*,*,#13177,.F.);
#13230 = ORIENTED_EDGE('',*,*,#13037,.F.);
#13231 = CYLINDRICAL_SURFACE('',#13232,1.5E-02);
#13232 = AXIS2_PLACEMENT_3D('',#13233,#13234,#13235);
#13233 = CARTESIAN_POINT('',(-0.3,0.135,1.5E-02));
#13234 = DIRECTION('',(1.,0.,0.));
#13235 = DIRECTION('',(-0.,1.,0.));
#13236 = ADVANCED_FACE('',(#13237),#13256,.T.);
#13237 = FACE_BOUND('',#13238,.T.);
#13238 = EDGE_LOOP('',(#13239,#13240,#13241,#13250));
#13239 = ORIENTED_EDGE('',*,*,#13054,.T.);
#13240 = ORIENTED_EDGE('',*,*,#13201,.T.);
#13241 = ORIENTED_EDGE('',*,*,#13242,.F.);
#13242 = EDGE_CURVE('',#13243,#13194,#13245,.T.);
#13243 = VERTEX_POINT('',#13244);
#13244 = CARTESIAN_POINT('',(-0.15,0.15,0.285));
#13245 = CIRCLE('',#13246,1.5E-02);
#13246 = AXIS2_PLACEMENT_3D('',#13247,#13248,#13249);
#13247 = CARTESIAN_POINT('',(-0.15,0.135,0.285));
#13248 = DIRECTION('',(1.,0.,-0.));
#13249 = DIRECTION('',(0.,0.,1.));
#13250 = ORIENTED_EDGE('',*,*,#13251,.F.);
#13251 = EDGE_CURVE('',#13047,#13243,#13252,.T.);
#13252 = LINE('',#13253,#13254);
#13253 = CARTESIAN_POINT('',(-0.3,0.15,0.285));
#13254 = VECTOR('',#13255,1.);
#13255 = DIRECTION('',(1.,0.,0.));
#13256 = CYLINDRICAL_SURFACE('',#13257,1.5E-02);
#13257 = AXIS2_PLACEMENT_3D('',#13258,#13259,#13260);
#13258 = CARTESIAN_POINT('',(-0.3,0.135,0.285));
#13259 = DIRECTION('',(1.,0.,0.));
#13260 = DIRECTION('',(-0.,1.,0.));
#13261 = ADVANCED_FACE('',(#13262),#13273,.T.);
#13262 = FACE_BOUND('',#13263,.T.);
#13263 = EDGE_LOOP('',(#13264,#13270,#13271,#13272));
#13264 = ORIENTED_EDGE('',*,*,#13265,.F.);
#13265 = EDGE_CURVE('',#13216,#13243,#13266,.T.);
#13266 = LINE('',#13267,#13268);
#13267 = CARTESIAN_POINT('',(-0.15,0.15,0.));
#13268 = VECTOR('',#13269,1.);
#13269 = DIRECTION('',(0.,0.,1.));
#13270 = ORIENTED_EDGE('',*,*,#13215,.F.);
#13271 = ORIENTED_EDGE('',*,*,#13046,.T.);
#13272 = ORIENTED_EDGE('',*,*,#13251,.T.);
#13273 = PLANE('',#13274);
#13274 = AXIS2_PLACEMENT_3D('',#13275,#13276,#13277);
#13275 = CARTESIAN_POINT('',(-0.3,0.15,0.));
#13276 = DIRECTION('',(0.,1.,0.));
#13277 = DIRECTION('',(0.,-0.,1.));
#13278 = ADVANCED_FACE('',(#13279,#13289),#13359,.T.);
#13279 = FACE_BOUND('',#13280,.T.);
#13280 = EDGE_LOOP('',(#13281,#13282,#13283,#13284,#13285,#13286,#13287,
    #13288));
#13281 = ORIENTED_EDGE('',*,*,#13086,.F.);
#13282 = ORIENTED_EDGE('',*,*,#13126,.T.);
#13283 = ORIENTED_EDGE('',*,*,#13169,.T.);
#13284 = ORIENTED_EDGE('',*,*,#13223,.F.);
#13285 = ORIENTED_EDGE('',*,*,#13265,.T.);
#13286 = ORIENTED_EDGE('',*,*,#13242,.T.);
#13287 = ORIENTED_EDGE('',*,*,#13193,.F.);
#13288 = ORIENTED_EDGE('',*,*,#13143,.F.);
#13289 = FACE_BOUND('',#13290,.T.);
#13290 = EDGE_LOOP('',(#13291,#13302,#13310,#13319,#13327,#13336,#13344,
    #13353));
#13291 = ORIENTED_EDGE('',*,*,#13292,.F.);
#13292 = EDGE_CURVE('',#13293,#13295,#13297,.T.);
#13293 = VERTEX_POINT('',#13294);
#13294 = CARTESIAN_POINT('',(-0.15,-0.135,3.E-02));
#13295 = VERTEX_POINT('',#13296);
#13296 = CARTESIAN_POINT('',(-0.15,-0.12,1.5E-02));
#13297 = CIRCLE('',#13298,1.5E-02);
#13298 = AXIS2_PLACEMENT_3D('',#13299,#13300,#13301);
#13299 = CARTESIAN_POINT('',(-0.15,-0.12,3.E-02));
#13300 = DIRECTION('',(1.,0.,-0.));
#13301 = DIRECTION('',(0.,0.,1.));
#13302 = ORIENTED_EDGE('',*,*,#13303,.T.);
#13303 = EDGE_CURVE('',#13293,#13304,#13306,.T.);
#13304 = VERTEX_POINT('',#13305);
#13305 = CARTESIAN_POINT('',(-0.15,-0.135,0.27));
#13306 = LINE('',#13307,#13308);
#13307 = CARTESIAN_POINT('',(-0.15,-0.135,1.5E-02));
#13308 = VECTOR('',#13309,1.);
#13309 = DIRECTION('',(0.,0.,1.));
#13310 = ORIENTED_EDGE('',*,*,#13311,.T.);
#13311 = EDGE_CURVE('',#13304,#13312,#13314,.T.);
#13312 = VERTEX_POINT('',#13313);
#13313 = CARTESIAN_POINT('',(-0.15,-0.12,0.285));
#13314 = CIRCLE('',#13315,1.5E-02);
#13315 = AXIS2_PLACEMENT_3D('',#13316,#13317,#13318);
#13316 = CARTESIAN_POINT('',(-0.15,-0.12,0.27));
#13317 = DIRECTION('',(-1.,0.,0.));
#13318 = DIRECTION('',(0.,0.,1.));
#13319 = ORIENTED_EDGE('',*,*,#13320,.T.);
#13320 = EDGE_CURVE('',#13312,#13321,#13323,.T.);
#13321 = VERTEX_POINT('',#13322);
#13322 = CARTESIAN_POINT('',(-0.15,0.12,0.285));
#13323 = LINE('',#13324,#13325);
#13324 = CARTESIAN_POINT('',(-0.15,-0.135,0.285));
#13325 = VECTOR('',#13326,1.);
#13326 = DIRECTION('',(0.,1.,0.));
#13327 = ORIENTED_EDGE('',*,*,#13328,.F.);
#13328 = EDGE_CURVE('',#13329,#13321,#13331,.T.);
#13329 = VERTEX_POINT('',#13330);
#13330 = CARTESIAN_POINT('',(-0.15,0.135,0.27));
#13331 = CIRCLE('',#13332,1.5E-02);
#13332 = AXIS2_PLACEMENT_3D('',#13333,#13334,#13335);
#13333 = CARTESIAN_POINT('',(-0.15,0.12,0.27));
#13334 = DIRECTION('',(1.,0.,-0.));
#13335 = DIRECTION('',(0.,0.,1.));
#13336 = ORIENTED_EDGE('',*,*,#13337,.F.);
#13337 = EDGE_CURVE('',#13338,#13329,#13340,.T.);
#13338 = VERTEX_POINT('',#13339);
#13339 = CARTESIAN_POINT('',(-0.15,0.135,3.E-02));
#13340 = LINE('',#13341,#13342);
#13341 = CARTESIAN_POINT('',(-0.15,0.135,1.5E-02));
#13342 = VECTOR('',#13343,1.);
#13343 = DIRECTION('',(0.,0.,1.));
#13344 = ORIENTED_EDGE('',*,*,#13345,.T.);
#13345 = EDGE_CURVE('',#13338,#13346,#13348,.T.);
#13346 = VERTEX_POINT('',#13347);
#13347 = CARTESIAN_POINT('',(-0.15,0.12,1.5E-02));
#13348 = CIRCLE('',#13349,1.5E-02);
#13349 = AXIS2_PLACEMENT_3D('',#13350,#13351,#13352);
#13350 = CARTESIAN_POINT('',(-0.15,0.12,3.E-02));
#13351 = DIRECTION('',(-1.,0.,0.));
#13352 = DIRECTION('',(0.,0.,1.));
#13353 = ORIENTED_EDGE('',*,*,#13354,.F.);
#13354 = EDGE_CURVE('',#13295,#13346,#13355,.T.);
#13355 = LINE('',#13356,#13357);
#13356 = CARTESIAN_POINT('',(-0.15,-0.135,1.5E-02));
#13357 = VECTOR('',#13358,1.);
#13358 = DIRECTION('',(0.,1.,0.));
#13359 = PLANE('',#13360);
#13360 = AXIS2_PLACEMENT_3D('',#13361,#13362,#13363);
#13361 = CARTESIAN_POINT('',(-0.15,-0.15,0.));
#13362 = DIRECTION('',(1.,0.,0.));
#13363 = DIRECTION('',(0.,0.,1.));
#13364 = ADVANCED_FACE('',(#13365),#13391,.T.);
#13365 = FACE_BOUND('',#13366,.T.);
#13366 = EDGE_LOOP('',(#13367,#13368,#13376,#13385));
#13367 = ORIENTED_EDGE('',*,*,#13292,.T.);
#13368 = ORIENTED_EDGE('',*,*,#13369,.T.);
#13369 = EDGE_CURVE('',#13295,#13370,#13372,.T.);
#13370 = VERTEX_POINT('',#13371);
#13371 = CARTESIAN_POINT('',(0.15,-0.12,1.5E-02));
#13372 = LINE('',#13373,#13374);
#13373 = CARTESIAN_POINT('',(-0.15,-0.12,1.5E-02));
#13374 = VECTOR('',#13375,1.);
#13375 = DIRECTION('',(1.,0.,0.));
#13376 = ORIENTED_EDGE('',*,*,#13377,.F.);
#13377 = EDGE_CURVE('',#13378,#13370,#13380,.T.);
#13378 = VERTEX_POINT('',#13379);
#13379 = CARTESIAN_POINT('',(0.15,-0.135,3.E-02));
#13380 = CIRCLE('',#13381,1.5E-02);
#13381 = AXIS2_PLACEMENT_3D('',#13382,#13383,#13384);
#13382 = CARTESIAN_POINT('',(0.15,-0.12,3.E-02));
#13383 = DIRECTION('',(1.,0.,-0.));
#13384 = DIRECTION('',(0.,0.,1.));
#13385 = ORIENTED_EDGE('',*,*,#13386,.F.);
#13386 = EDGE_CURVE('',#13293,#13378,#13387,.T.);
#13387 = LINE('',#13388,#13389);
#13388 = CARTESIAN_POINT('',(-0.15,-0.135,3.E-02));
#13389 = VECTOR('',#13390,1.);
#13390 = DIRECTION('',(1.,0.,0.));
#13391 = CYLINDRICAL_SURFACE('',#13392,1.5E-02);
#13392 = AXIS2_PLACEMENT_3D('',#13393,#13394,#13395);
#13393 = CARTESIAN_POINT('',(-0.15,-0.12,3.E-02));
#13394 = DIRECTION('',(1.,0.,0.));
#13395 = DIRECTION('',(0.,-1.,0.));
#13396 = ADVANCED_FACE('',(#13397),#13415,.F.);
#13397 = FACE_BOUND('',#13398,.F.);
#13398 = EDGE_LOOP('',(#13399,#13400,#13401,#13409));
#13399 = ORIENTED_EDGE('',*,*,#13354,.F.);
#13400 = ORIENTED_EDGE('',*,*,#13369,.T.);
#13401 = ORIENTED_EDGE('',*,*,#13402,.T.);
#13402 = EDGE_CURVE('',#13370,#13403,#13405,.T.);
#13403 = VERTEX_POINT('',#13404);
#13404 = CARTESIAN_POINT('',(0.15,0.12,1.5E-02));
#13405 = LINE('',#13406,#13407);
#13406 = CARTESIAN_POINT('',(0.15,-0.135,1.5E-02));
#13407 = VECTOR('',#13408,1.);
#13408 = DIRECTION('',(0.,1.,0.));
#13409 = ORIENTED_EDGE('',*,*,#13410,.F.);
#13410 = EDGE_CURVE('',#13346,#13403,#13411,.T.);
#13411 = LINE('',#13412,#13413);
#13412 = CARTESIAN_POINT('',(-0.15,0.12,1.5E-02));
#13413 = VECTOR('',#13414,1.);
#13414 = DIRECTION('',(1.,0.,0.));
#13415 = PLANE('',#13416);
#13416 = AXIS2_PLACEMENT_3D('',#13417,#13418,#13419);
#13417 = CARTESIAN_POINT('',(-0.15,-0.135,1.5E-02));
#13418 = DIRECTION('',(0.,0.,1.));
#13419 = DIRECTION('',(1.,0.,-0.));
#13420 = ADVANCED_FACE('',(#13421),#13440,.T.);
#13421 = FACE_BOUND('',#13422,.T.);
#13422 = EDGE_LOOP('',(#13423,#13431,#13438,#13439));
#13423 = ORIENTED_EDGE('',*,*,#13424,.T.);
#13424 = EDGE_CURVE('',#13338,#13425,#13427,.T.);
#13425 = VERTEX_POINT('',#13426);
#13426 = CARTESIAN_POINT('',(0.15,0.135,3.E-02));
#13427 = LINE('',#13428,#13429);
#13428 = CARTESIAN_POINT('',(-0.15,0.135,3.E-02));
#13429 = VECTOR('',#13430,1.);
#13430 = DIRECTION('',(1.,0.,0.));
#13431 = ORIENTED_EDGE('',*,*,#13432,.T.);
#13432 = EDGE_CURVE('',#13425,#13403,#13433,.T.);
#13433 = CIRCLE('',#13434,1.5E-02);
#13434 = AXIS2_PLACEMENT_3D('',#13435,#13436,#13437);
#13435 = CARTESIAN_POINT('',(0.15,0.12,3.E-02));
#13436 = DIRECTION('',(-1.,0.,0.));
#13437 = DIRECTION('',(0.,0.,1.));
#13438 = ORIENTED_EDGE('',*,*,#13410,.F.);
#13439 = ORIENTED_EDGE('',*,*,#13345,.F.);
#13440 = CYLINDRICAL_SURFACE('',#13441,1.5E-02);
#13441 = AXIS2_PLACEMENT_3D('',#13442,#13443,#13444);
#13442 = CARTESIAN_POINT('',(-0.15,0.12,3.E-02));
#13443 = DIRECTION('',(1.,0.,0.));
#13444 = DIRECTION('',(-0.,1.,0.));
#13445 = ADVANCED_FACE('',(#13446),#13464,.T.);
#13446 = FACE_BOUND('',#13447,.T.);
#13447 = EDGE_LOOP('',(#13448,#13456,#13457,#13458));
#13448 = ORIENTED_EDGE('',*,*,#13449,.F.);
#13449 = EDGE_CURVE('',#13425,#13450,#13452,.T.);
#13450 = VERTEX_POINT('',#13451);
#13451 = CARTESIAN_POINT('',(0.15,0.135,0.27));
#13452 = LINE('',#13453,#13454);
#13453 = CARTESIAN_POINT('',(0.15,0.135,1.5E-02));
#13454 = VECTOR('',#13455,1.);
#13455 = DIRECTION('',(0.,0.,1.));
#13456 = ORIENTED_EDGE('',*,*,#13424,.F.);
#13457 = ORIENTED_EDGE('',*,*,#13337,.T.);
#13458 = ORIENTED_EDGE('',*,*,#13459,.T.);
#13459 = EDGE_CURVE('',#13329,#13450,#13460,.T.);
#13460 = LINE('',#13461,#13462);
#13461 = CARTESIAN_POINT('',(-0.15,0.135,0.27));
#13462 = VECTOR('',#13463,1.);
#13463 = DIRECTION('',(1.,0.,0.));
#13464 = PLANE('',#13465);
#13465 = AXIS2_PLACEMENT_3D('',#13466,#13467,#13468);
#13466 = CARTESIAN_POINT('',(-0.15,0.135,1.5E-02));
#13467 = DIRECTION('',(0.,1.,0.));
#13468 = DIRECTION('',(0.,-0.,1.));
#13469 = ADVANCED_FACE('',(#13470),#13489,.T.);
#13470 = FACE_BOUND('',#13471,.T.);
#13471 = EDGE_LOOP('',(#13472,#13473,#13481,#13488));
#13472 = ORIENTED_EDGE('',*,*,#13328,.T.);
#13473 = ORIENTED_EDGE('',*,*,#13474,.T.);
#13474 = EDGE_CURVE('',#13321,#13475,#13477,.T.);
#13475 = VERTEX_POINT('',#13476);
#13476 = CARTESIAN_POINT('',(0.15,0.12,0.285));
#13477 = LINE('',#13478,#13479);
#13478 = CARTESIAN_POINT('',(-0.15,0.12,0.285));
#13479 = VECTOR('',#13480,1.);
#13480 = DIRECTION('',(1.,0.,0.));
#13481 = ORIENTED_EDGE('',*,*,#13482,.F.);
#13482 = EDGE_CURVE('',#13450,#13475,#13483,.T.);
#13483 = CIRCLE('',#13484,1.5E-02);
#13484 = AXIS2_PLACEMENT_3D('',#13485,#13486,#13487);
#13485 = CARTESIAN_POINT('',(0.15,0.12,0.27));
#13486 = DIRECTION('',(1.,0.,-0.));
#13487 = DIRECTION('',(0.,0.,1.));
#13488 = ORIENTED_EDGE('',*,*,#13459,.F.);
#13489 = CYLINDRICAL_SURFACE('',#13490,1.5E-02);
#13490 = AXIS2_PLACEMENT_3D('',#13491,#13492,#13493);
#13491 = CARTESIAN_POINT('',(-0.15,0.12,0.27));
#13492 = DIRECTION('',(1.,0.,0.));
#13493 = DIRECTION('',(-0.,1.,0.));
#13494 = ADVANCED_FACE('',(#13495),#13513,.T.);
#13495 = FACE_BOUND('',#13496,.T.);
#13496 = EDGE_LOOP('',(#13497,#13498,#13506,#13512));
#13497 = ORIENTED_EDGE('',*,*,#13320,.F.);
#13498 = ORIENTED_EDGE('',*,*,#13499,.T.);
#13499 = EDGE_CURVE('',#13312,#13500,#13502,.T.);
#13500 = VERTEX_POINT('',#13501);
#13501 = CARTESIAN_POINT('',(0.15,-0.12,0.285));
#13502 = LINE('',#13503,#13504);
#13503 = CARTESIAN_POINT('',(-0.15,-0.12,0.285));
#13504 = VECTOR('',#13505,1.);
#13505 = DIRECTION('',(1.,0.,0.));
#13506 = ORIENTED_EDGE('',*,*,#13507,.T.);
#13507 = EDGE_CURVE('',#13500,#13475,#13508,.T.);
#13508 = LINE('',#13509,#13510);
#13509 = CARTESIAN_POINT('',(0.15,-0.135,0.285));
#13510 = VECTOR('',#13511,1.);
#13511 = DIRECTION('',(0.,1.,0.));
#13512 = ORIENTED_EDGE('',*,*,#13474,.F.);
#13513 = PLANE('',#13514);
#13514 = AXIS2_PLACEMENT_3D('',#13515,#13516,#13517);
#13515 = CARTESIAN_POINT('',(-0.15,-0.135,0.285));
#13516 = DIRECTION('',(0.,0.,1.));
#13517 = DIRECTION('',(1.,0.,-0.));
#13518 = ADVANCED_FACE('',(#13519),#13538,.T.);
#13519 = FACE_BOUND('',#13520,.T.);
#13520 = EDGE_LOOP('',(#13521,#13529,#13536,#13537));
#13521 = ORIENTED_EDGE('',*,*,#13522,.T.);
#13522 = EDGE_CURVE('',#13304,#13523,#13525,.T.);
#13523 = VERTEX_POINT('',#13524);
#13524 = CARTESIAN_POINT('',(0.15,-0.135,0.27));
#13525 = LINE('',#13526,#13527);
#13526 = CARTESIAN_POINT('',(-0.15,-0.135,0.27));
#13527 = VECTOR('',#13528,1.);
#13528 = DIRECTION('',(1.,0.,0.));
#13529 = ORIENTED_EDGE('',*,*,#13530,.T.);
#13530 = EDGE_CURVE('',#13523,#13500,#13531,.T.);
#13531 = CIRCLE('',#13532,1.5E-02);
#13532 = AXIS2_PLACEMENT_3D('',#13533,#13534,#13535);
#13533 = CARTESIAN_POINT('',(0.15,-0.12,0.27));
#13534 = DIRECTION('',(-1.,0.,0.));
#13535 = DIRECTION('',(0.,0.,1.));
#13536 = ORIENTED_EDGE('',*,*,#13499,.F.);
#13537 = ORIENTED_EDGE('',*,*,#13311,.F.);
#13538 = CYLINDRICAL_SURFACE('',#13539,1.5E-02);
#13539 = AXIS2_PLACEMENT_3D('',#13540,#13541,#13542);
#13540 = CARTESIAN_POINT('',(-0.15,-0.12,0.27));
#13541 = DIRECTION('',(1.,0.,0.));
#13542 = DIRECTION('',(0.,-1.,0.));
#13543 = ADVANCED_FACE('',(#13544),#13555,.F.);
#13544 = FACE_BOUND('',#13545,.F.);
#13545 = EDGE_LOOP('',(#13546,#13552,#13553,#13554));
#13546 = ORIENTED_EDGE('',*,*,#13547,.F.);
#13547 = EDGE_CURVE('',#13378,#13523,#13548,.T.);
#13548 = LINE('',#13549,#13550);
#13549 = CARTESIAN_POINT('',(0.15,-0.135,1.5E-02));
#13550 = VECTOR('',#13551,1.);
#13551 = DIRECTION('',(0.,0.,1.));
#13552 = ORIENTED_EDGE('',*,*,#13386,.F.);
#13553 = ORIENTED_EDGE('',*,*,#13303,.T.);
#13554 = ORIENTED_EDGE('',*,*,#13522,.T.);
#13555 = PLANE('',#13556);
#13556 = AXIS2_PLACEMENT_3D('',#13557,#13558,#13559);
#13557 = CARTESIAN_POINT('',(-0.15,-0.135,1.5E-02));
#13558 = DIRECTION('',(0.,1.,0.));
#13559 = DIRECTION('',(0.,-0.,1.));
#13560 = ADVANCED_FACE('',(#13561,#13631),#13641,.F.);
#13561 = FACE_BOUND('',#13562,.F.);
#13562 = EDGE_LOOP('',(#13563,#13573,#13582,#13590,#13599,#13607,#13616,
    #13624));
#13563 = ORIENTED_EDGE('',*,*,#13564,.F.);
#13564 = EDGE_CURVE('',#13565,#13567,#13569,.T.);
#13565 = VERTEX_POINT('',#13566);
#13566 = CARTESIAN_POINT('',(0.15,-0.15,1.5E-02));
#13567 = VERTEX_POINT('',#13568);
#13568 = CARTESIAN_POINT('',(0.15,-0.15,0.285));
#13569 = LINE('',#13570,#13571);
#13570 = CARTESIAN_POINT('',(0.15,-0.15,0.));
#13571 = VECTOR('',#13572,1.);
#13572 = DIRECTION('',(0.,0.,1.));
#13573 = ORIENTED_EDGE('',*,*,#13574,.T.);
#13574 = EDGE_CURVE('',#13565,#13575,#13577,.T.);
#13575 = VERTEX_POINT('',#13576);
#13576 = CARTESIAN_POINT('',(0.15,-0.135,-2.775557561563E-17));
#13577 = CIRCLE('',#13578,1.5E-02);
#13578 = AXIS2_PLACEMENT_3D('',#13579,#13580,#13581);
#13579 = CARTESIAN_POINT('',(0.15,-0.135,1.5E-02));
#13580 = DIRECTION('',(1.,0.,-0.));
#13581 = DIRECTION('',(0.,0.,1.));
#13582 = ORIENTED_EDGE('',*,*,#13583,.T.);
#13583 = EDGE_CURVE('',#13575,#13584,#13586,.T.);
#13584 = VERTEX_POINT('',#13585);
#13585 = CARTESIAN_POINT('',(0.15,0.135,-2.775557561563E-17));
#13586 = LINE('',#13587,#13588);
#13587 = CARTESIAN_POINT('',(0.15,-0.15,0.));
#13588 = VECTOR('',#13589,1.);
#13589 = DIRECTION('',(0.,1.,0.));
#13590 = ORIENTED_EDGE('',*,*,#13591,.F.);
#13591 = EDGE_CURVE('',#13592,#13584,#13594,.T.);
#13592 = VERTEX_POINT('',#13593);
#13593 = CARTESIAN_POINT('',(0.15,0.15,1.5E-02));
#13594 = CIRCLE('',#13595,1.5E-02);
#13595 = AXIS2_PLACEMENT_3D('',#13596,#13597,#13598);
#13596 = CARTESIAN_POINT('',(0.15,0.135,1.5E-02));
#13597 = DIRECTION('',(-1.,0.,0.));
#13598 = DIRECTION('',(0.,0.,1.));
#13599 = ORIENTED_EDGE('',*,*,#13600,.T.);
#13600 = EDGE_CURVE('',#13592,#13601,#13603,.T.);
#13601 = VERTEX_POINT('',#13602);
#13602 = CARTESIAN_POINT('',(0.15,0.15,0.285));
#13603 = LINE('',#13604,#13605);
#13604 = CARTESIAN_POINT('',(0.15,0.15,0.));
#13605 = VECTOR('',#13606,1.);
#13606 = DIRECTION('',(0.,0.,1.));
#13607 = ORIENTED_EDGE('',*,*,#13608,.T.);
#13608 = EDGE_CURVE('',#13601,#13609,#13611,.T.);
#13609 = VERTEX_POINT('',#13610);
#13610 = CARTESIAN_POINT('',(0.15,0.135,0.3));
#13611 = CIRCLE('',#13612,1.5E-02);
#13612 = AXIS2_PLACEMENT_3D('',#13613,#13614,#13615);
#13613 = CARTESIAN_POINT('',(0.15,0.135,0.285));
#13614 = DIRECTION('',(1.,0.,-0.));
#13615 = DIRECTION('',(0.,0.,1.));
#13616 = ORIENTED_EDGE('',*,*,#13617,.F.);
#13617 = EDGE_CURVE('',#13618,#13609,#13620,.T.);
#13618 = VERTEX_POINT('',#13619);
#13619 = CARTESIAN_POINT('',(0.15,-0.135,0.3));
#13620 = LINE('',#13621,#13622);
#13621 = CARTESIAN_POINT('',(0.15,-0.15,0.3));
#13622 = VECTOR('',#13623,1.);
#13623 = DIRECTION('',(0.,1.,0.));
#13624 = ORIENTED_EDGE('',*,*,#13625,.F.);
#13625 = EDGE_CURVE('',#13567,#13618,#13626,.T.);
#13626 = CIRCLE('',#13627,1.5E-02);
#13627 = AXIS2_PLACEMENT_3D('',#13628,#13629,#13630);
#13628 = CARTESIAN_POINT('',(0.15,-0.135,0.285));
#13629 = DIRECTION('',(-1.,0.,0.));
#13630 = DIRECTION('',(0.,0.,1.));
#13631 = FACE_BOUND('',#13632,.F.);
#13632 = EDGE_LOOP('',(#13633,#13634,#13635,#13636,#13637,#13638,#13639,
    #13640));
#13633 = ORIENTED_EDGE('',*,*,#13377,.F.);
#13634 = ORIENTED_EDGE('',*,*,#13547,.T.);
#13635 = ORIENTED_EDGE('',*,*,#13530,.T.);
#13636 = ORIENTED_EDGE('',*,*,#13507,.T.);
#13637 = ORIENTED_EDGE('',*,*,#13482,.F.);
#13638 = ORIENTED_EDGE('',*,*,#13449,.F.);
#13639 = ORIENTED_EDGE('',*,*,#13432,.T.);
#13640 = ORIENTED_EDGE('',*,*,#13402,.F.);
#13641 = PLANE('',#13642);
#13642 = AXIS2_PLACEMENT_3D('',#13643,#13644,#13645);
#13643 = CARTESIAN_POINT('',(0.15,-0.15,0.));
#13644 = DIRECTION('',(1.,0.,0.));
#13645 = DIRECTION('',(0.,0.,1.));
#13646 = ADVANCED_FACE('',(#13647),#13672,.F.);
#13647 = FACE_BOUND('',#13648,.F.);
#13648 = EDGE_LOOP('',(#13649,#13659,#13665,#13666));
#13649 = ORIENTED_EDGE('',*,*,#13650,.F.);
#13650 = EDGE_CURVE('',#13651,#13653,#13655,.T.);
#13651 = VERTEX_POINT('',#13652);
#13652 = CARTESIAN_POINT('',(0.3,-0.15,1.5E-02));
#13653 = VERTEX_POINT('',#13654);
#13654 = CARTESIAN_POINT('',(0.3,-0.15,0.285));
#13655 = LINE('',#13656,#13657);
#13656 = CARTESIAN_POINT('',(0.3,-0.15,0.));
#13657 = VECTOR('',#13658,1.);
#13658 = DIRECTION('',(0.,0.,1.));
#13659 = ORIENTED_EDGE('',*,*,#13660,.F.);
#13660 = EDGE_CURVE('',#13565,#13651,#13661,.T.);
#13661 = LINE('',#13662,#13663);
#13662 = CARTESIAN_POINT('',(0.15,-0.15,1.5E-02));
#13663 = VECTOR('',#13664,1.);
#13664 = DIRECTION('',(1.,0.,0.));
#13665 = ORIENTED_EDGE('',*,*,#13564,.T.);
#13666 = ORIENTED_EDGE('',*,*,#13667,.T.);
#13667 = EDGE_CURVE('',#13567,#13653,#13668,.T.);
#13668 = LINE('',#13669,#13670);
#13669 = CARTESIAN_POINT('',(0.15,-0.15,0.285));
#13670 = VECTOR('',#13671,1.);
#13671 = DIRECTION('',(1.,0.,0.));
#13672 = PLANE('',#13673);
#13673 = AXIS2_PLACEMENT_3D('',#13674,#13675,#13676);
#13674 = CARTESIAN_POINT('',(0.15,-0.15,0.));
#13675 = DIRECTION('',(0.,1.,0.));
#13676 = DIRECTION('',(0.,-0.,1.));
#13677 = ADVANCED_FACE('',(#13678),#13697,.T.);
#13678 = FACE_BOUND('',#13679,.T.);
#13679 = EDGE_LOOP('',(#13680,#13681,#13689,#13696));
#13680 = ORIENTED_EDGE('',*,*,#13574,.T.);
#13681 = ORIENTED_EDGE('',*,*,#13682,.T.);
#13682 = EDGE_CURVE('',#13575,#13683,#13685,.T.);
#13683 = VERTEX_POINT('',#13684);
#13684 = CARTESIAN_POINT('',(0.3,-0.135,-2.775557561563E-17));
#13685 = LINE('',#13686,#13687);
#13686 = CARTESIAN_POINT('',(0.15,-0.135,-2.775557561563E-17));
#13687 = VECTOR('',#13688,1.);
#13688 = DIRECTION('',(1.,0.,0.));
#13689 = ORIENTED_EDGE('',*,*,#13690,.F.);
#13690 = EDGE_CURVE('',#13651,#13683,#13691,.T.);
#13691 = CIRCLE('',#13692,1.5E-02);
#13692 = AXIS2_PLACEMENT_3D('',#13693,#13694,#13695);
#13693 = CARTESIAN_POINT('',(0.3,-0.135,1.5E-02));
#13694 = DIRECTION('',(1.,0.,-0.));
#13695 = DIRECTION('',(0.,0.,1.));
#13696 = ORIENTED_EDGE('',*,*,#13660,.F.);
#13697 = CYLINDRICAL_SURFACE('',#13698,1.5E-02);
#13698 = AXIS2_PLACEMENT_3D('',#13699,#13700,#13701);
#13699 = CARTESIAN_POINT('',(0.15,-0.135,1.5E-02));
#13700 = DIRECTION('',(1.,0.,0.));
#13701 = DIRECTION('',(0.,-1.,0.));
#13702 = ADVANCED_FACE('',(#13703),#13722,.T.);
#13703 = FACE_BOUND('',#13704,.T.);
#13704 = EDGE_LOOP('',(#13705,#13706,#13715,#13721));
#13705 = ORIENTED_EDGE('',*,*,#13667,.T.);
#13706 = ORIENTED_EDGE('',*,*,#13707,.T.);
#13707 = EDGE_CURVE('',#13653,#13708,#13710,.T.);
#13708 = VERTEX_POINT('',#13709);
#13709 = CARTESIAN_POINT('',(0.3,-0.135,0.3));
#13710 = CIRCLE('',#13711,1.5E-02);
#13711 = AXIS2_PLACEMENT_3D('',#13712,#13713,#13714);
#13712 = CARTESIAN_POINT('',(0.3,-0.135,0.285));
#13713 = DIRECTION('',(-1.,0.,0.));
#13714 = DIRECTION('',(0.,0.,1.));
#13715 = ORIENTED_EDGE('',*,*,#13716,.F.);
#13716 = EDGE_CURVE('',#13618,#13708,#13717,.T.);
#13717 = LINE('',#13718,#13719);
#13718 = CARTESIAN_POINT('',(0.15,-0.135,0.3));
#13719 = VECTOR('',#13720,1.);
#13720 = DIRECTION('',(1.,0.,0.));
#13721 = ORIENTED_EDGE('',*,*,#13625,.F.);
#13722 = CYLINDRICAL_SURFACE('',#13723,1.5E-02);
#13723 = AXIS2_PLACEMENT_3D('',#13724,#13725,#13726);
#13724 = CARTESIAN_POINT('',(0.15,-0.135,0.285));
#13725 = DIRECTION('',(1.,0.,0.));
#13726 = DIRECTION('',(0.,-1.,0.));
#13727 = ADVANCED_FACE('',(#13728),#13746,.F.);
#13728 = FACE_BOUND('',#13729,.F.);
#13729 = EDGE_LOOP('',(#13730,#13731,#13732,#13740));
#13730 = ORIENTED_EDGE('',*,*,#13583,.F.);
#13731 = ORIENTED_EDGE('',*,*,#13682,.T.);
#13732 = ORIENTED_EDGE('',*,*,#13733,.T.);
#13733 = EDGE_CURVE('',#13683,#13734,#13736,.T.);
#13734 = VERTEX_POINT('',#13735);
#13735 = CARTESIAN_POINT('',(0.3,0.135,-2.775557561563E-17));
#13736 = LINE('',#13737,#13738);
#13737 = CARTESIAN_POINT('',(0.3,-0.15,0.));
#13738 = VECTOR('',#13739,1.);
#13739 = DIRECTION('',(0.,1.,0.));
#13740 = ORIENTED_EDGE('',*,*,#13741,.F.);
#13741 = EDGE_CURVE('',#13584,#13734,#13742,.T.);
#13742 = LINE('',#13743,#13744);
#13743 = CARTESIAN_POINT('',(0.15,0.135,-2.775557561563E-17));
#13744 = VECTOR('',#13745,1.);
#13745 = DIRECTION('',(1.,0.,0.));
#13746 = PLANE('',#13747);
#13747 = AXIS2_PLACEMENT_3D('',#13748,#13749,#13750);
#13748 = CARTESIAN_POINT('',(0.15,-0.15,0.));
#13749 = DIRECTION('',(0.,0.,1.));
#13750 = DIRECTION('',(1.,0.,-0.));
#13751 = ADVANCED_FACE('',(#13752),#13770,.T.);
#13752 = FACE_BOUND('',#13753,.T.);
#13753 = EDGE_LOOP('',(#13754,#13755,#13756,#13764));
#13754 = ORIENTED_EDGE('',*,*,#13617,.F.);
#13755 = ORIENTED_EDGE('',*,*,#13716,.T.);
#13756 = ORIENTED_EDGE('',*,*,#13757,.T.);
#13757 = EDGE_CURVE('',#13708,#13758,#13760,.T.);
#13758 = VERTEX_POINT('',#13759);
#13759 = CARTESIAN_POINT('',(0.3,0.135,0.3));
#13760 = LINE('',#13761,#13762);
#13761 = CARTESIAN_POINT('',(0.3,-0.15,0.3));
#13762 = VECTOR('',#13763,1.);
#13763 = DIRECTION('',(0.,1.,0.));
#13764 = ORIENTED_EDGE('',*,*,#13765,.F.);
#13765 = EDGE_CURVE('',#13609,#13758,#13766,.T.);
#13766 = LINE('',#13767,#13768);
#13767 = CARTESIAN_POINT('',(0.15,0.135,0.3));
#13768 = VECTOR('',#13769,1.);
#13769 = DIRECTION('',(1.,0.,0.));
#13770 = PLANE('',#13771);
#13771 = AXIS2_PLACEMENT_3D('',#13772,#13773,#13774);
#13772 = CARTESIAN_POINT('',(0.15,-0.15,0.3));
#13773 = DIRECTION('',(0.,0.,1.));
#13774 = DIRECTION('',(1.,0.,-0.));
#13775 = ADVANCED_FACE('',(#13776),#13795,.T.);
#13776 = FACE_BOUND('',#13777,.T.);
#13777 = EDGE_LOOP('',(#13778,#13786,#13793,#13794));
#13778 = ORIENTED_EDGE('',*,*,#13779,.T.);
#13779 = EDGE_CURVE('',#13592,#13780,#13782,.T.);
#13780 = VERTEX_POINT('',#13781);
#13781 = CARTESIAN_POINT('',(0.3,0.15,1.5E-02));
#13782 = LINE('',#13783,#13784);
#13783 = CARTESIAN_POINT('',(0.15,0.15,1.5E-02));
#13784 = VECTOR('',#13785,1.);
#13785 = DIRECTION('',(1.,0.,0.));
#13786 = ORIENTED_EDGE('',*,*,#13787,.T.);
#13787 = EDGE_CURVE('',#13780,#13734,#13788,.T.);
#13788 = CIRCLE('',#13789,1.5E-02);
#13789 = AXIS2_PLACEMENT_3D('',#13790,#13791,#13792);
#13790 = CARTESIAN_POINT('',(0.3,0.135,1.5E-02));
#13791 = DIRECTION('',(-1.,0.,0.));
#13792 = DIRECTION('',(0.,0.,1.));
#13793 = ORIENTED_EDGE('',*,*,#13741,.F.);
#13794 = ORIENTED_EDGE('',*,*,#13591,.F.);
#13795 = CYLINDRICAL_SURFACE('',#13796,1.5E-02);
#13796 = AXIS2_PLACEMENT_3D('',#13797,#13798,#13799);
#13797 = CARTESIAN_POINT('',(0.15,0.135,1.5E-02));
#13798 = DIRECTION('',(1.,0.,0.));
#13799 = DIRECTION('',(-0.,1.,0.));
#13800 = ADVANCED_FACE('',(#13801),#13820,.T.);
#13801 = FACE_BOUND('',#13802,.T.);
#13802 = EDGE_LOOP('',(#13803,#13804,#13805,#13814));
#13803 = ORIENTED_EDGE('',*,*,#13608,.T.);
#13804 = ORIENTED_EDGE('',*,*,#13765,.T.);
#13805 = ORIENTED_EDGE('',*,*,#13806,.F.);
#13806 = EDGE_CURVE('',#13807,#13758,#13809,.T.);
#13807 = VERTEX_POINT('',#13808);
#13808 = CARTESIAN_POINT('',(0.3,0.15,0.285));
#13809 = CIRCLE('',#13810,1.5E-02);
#13810 = AXIS2_PLACEMENT_3D('',#13811,#13812,#13813);
#13811 = CARTESIAN_POINT('',(0.3,0.135,0.285));
#13812 = DIRECTION('',(1.,0.,-0.));
#13813 = DIRECTION('',(0.,0.,1.));
#13814 = ORIENTED_EDGE('',*,*,#13815,.F.);
#13815 = EDGE_CURVE('',#13601,#13807,#13816,.T.);
#13816 = LINE('',#13817,#13818);
#13817 = CARTESIAN_POINT('',(0.15,0.15,0.285));
#13818 = VECTOR('',#13819,1.);
#13819 = DIRECTION('',(1.,0.,0.));
#13820 = CYLINDRICAL_SURFACE('',#13821,1.5E-02);
#13821 = AXIS2_PLACEMENT_3D('',#13822,#13823,#13824);
#13822 = CARTESIAN_POINT('',(0.15,0.135,0.285));
#13823 = DIRECTION('',(1.,0.,0.));
#13824 = DIRECTION('',(-0.,1.,0.));
#13825 = ADVANCED_FACE('',(#13826),#13837,.T.);
#13826 = FACE_BOUND('',#13827,.T.);
#13827 = EDGE_LOOP('',(#13828,#13834,#13835,#13836));
#13828 = ORIENTED_EDGE('',*,*,#13829,.F.);
#13829 = EDGE_CURVE('',#13780,#13807,#13830,.T.);
#13830 = LINE('',#13831,#13832);
#13831 = CARTESIAN_POINT('',(0.3,0.15,0.));
#13832 = VECTOR('',#13833,1.);
#13833 = DIRECTION('',(0.,0.,1.));
#13834 = ORIENTED_EDGE('',*,*,#13779,.F.);
#13835 = ORIENTED_EDGE('',*,*,#13600,.T.);
#13836 = ORIENTED_EDGE('',*,*,#13815,.T.);
#13837 = PLANE('',#13838);
#13838 = AXIS2_PLACEMENT_3D('',#13839,#13840,#13841);
#13839 = CARTESIAN_POINT('',(0.15,0.15,0.));
#13840 = DIRECTION('',(0.,1.,0.));
#13841 = DIRECTION('',(0.,-0.,1.));
#13842 = ADVANCED_FACE('',(#13843),#13853,.T.);
#13843 = FACE_BOUND('',#13844,.T.);
#13844 = EDGE_LOOP('',(#13845,#13846,#13847,#13848,#13849,#13850,#13851,
    #13852));
#13845 = ORIENTED_EDGE('',*,*,#13650,.F.);
#13846 = ORIENTED_EDGE('',*,*,#13690,.T.);
#13847 = ORIENTED_EDGE('',*,*,#13733,.T.);
#13848 = ORIENTED_EDGE('',*,*,#13787,.F.);
#13849 = ORIENTED_EDGE('',*,*,#13829,.T.);
#13850 = ORIENTED_EDGE('',*,*,#13806,.T.);
#13851 = ORIENTED_EDGE('',*,*,#13757,.F.);
#13852 = ORIENTED_EDGE('',*,*,#13707,.F.);
#13853 = PLANE('',#13854);
#13854 = AXIS2_PLACEMENT_3D('',#13855,#13856,#13857);
#13855 = CARTESIAN_POINT('',(0.3,-0.15,0.));
#13856 = DIRECTION('',(1.,0.,0.));
#13857 = DIRECTION('',(0.,0.,1.));
#13858 = ( GEOMETRIC_REPRESENTATION_CONTEXT(3) 
GLOBAL_UNCERTAINTY_ASSIGNED_CONTEXT((#13862)) 
GLOBAL_UNIT_ASSIGNED_CONTEXT((#13859,#13860,#13861)) 
REPRESENTATION_CONTEXT('Context #1',
  '3D Context with UNIT and UNCERTAINTY') );
#13859 = ( LENGTH_UNIT() NAMED_UNIT(*) SI_UNIT(.MILLI.,.METRE.) );
#13860 = ( NAMED_UNIT(*) PLANE_ANGLE_UNIT() SI_UNIT($,.RADIAN.) );
#13861 = ( NAMED_UNIT(*) SI_UNIT($,.STERADIAN.) SOLID_ANGLE_UNIT() );
#13862 = UNCERTAINTY_MEASURE_WITH_UNIT(LENGTH_MEASURE(1.E-07),#13859,
  'distance_accuracy_value','confusion accuracy');
#13863 = CONTEXT_DEPENDENT_SHAPE_REPRESENTATION(#13864,#13866);
#13864 = ( REPRESENTATION_RELATIONSHIP('','',#13003,#10) 
REPRESENTATION_RELATIONSHIP_WITH_TRANSFORMATION(#13865) 
SHAPE_REPRESENTATION_RELATIONSHIP() );
#13865 = ITEM_DEFINED_TRANSFORMATION('','',#11,#39);
#13866 = PRODUCT_DEFINITION_SHAPE('Placement','Placement of an item',
  #13867);
#13867 = NEXT_ASSEMBLY_USAGE_OCCURRENCE('7','C1','',#5,#12998,$);
#13868 = PRODUCT_RELATED_PRODUCT_CATEGORY('part',$,(#13000));
#13869 = SHAPE_DEFINITION_REPRESENTATION(#13870,#13876);
#13870 = PRODUCT_DEFINITION_SHAPE('','',#13871);
#13871 = PRODUCT_DEFINITION('design','',#13872,#13875);
#13872 = PRODUCT_DEFINITION_FORMATION('','',#13873);
#13873 = PRODUCT('PinSocket_1x02_P2.54mm_Vertical',
  'PinSocket_1x02_P2.54mm_Vertical','',(#13874));
#13874 = PRODUCT_CONTEXT('',#2,'mechanical');
#13875 = PRODUCT_DEFINITION_CONTEXT('part definition',#2,'design');
#13876 = ADVANCED_BREP_SHAPE_REPRESENTATION('',(#11,#13877),#15711);
#13877 = MANIFOLD_SOLID_BREP('',#13878);
#13878 = CLOSED_SHELL('',(#13879,#13919,#13982,#14045,#14062,#14147,
    #14169,#14186,#14335,#14347,#14359,#14390,#14414,#14438,#14455,
    #14486,#14510,#14534,#14551,#14568,#14615,#14632,#14679,#14696,
    #14743,#14760,#14807,#14838,#14894,#14918,#14967,#14998,#15054,
    #15078,#15127,#15144,#15161,#15178,#15195,#15207,#15224,#15241,
    #15258,#15275,#15287,#15304,#15321,#15370,#15394,#15436,#15453,
    #15470,#15487,#15536,#15560,#15602,#15619,#15636,#15653,#15665,
    #15682,#15699));
#13879 = ADVANCED_FACE('',(#13880),#13914,.F.);
#13880 = FACE_BOUND('',#13881,.F.);
#13881 = EDGE_LOOP('',(#13882,#13892,#13900,#13908));
#13882 = ORIENTED_EDGE('',*,*,#13883,.T.);
#13883 = EDGE_CURVE('',#13884,#13886,#13888,.T.);
#13884 = VERTEX_POINT('',#13885);
#13885 = CARTESIAN_POINT('',(1.27,-3.81,0.));
#13886 = VERTEX_POINT('',#13887);
#13887 = CARTESIAN_POINT('',(1.27,-3.81,8.5));
#13888 = LINE('',#13889,#13890);
#13889 = CARTESIAN_POINT('',(1.27,-3.81,0.));
#13890 = VECTOR('',#13891,1.);
#13891 = DIRECTION('',(0.,0.,1.));
#13892 = ORIENTED_EDGE('',*,*,#13893,.T.);
#13893 = EDGE_CURVE('',#13886,#13894,#13896,.T.);
#13894 = VERTEX_POINT('',#13895);
#13895 = CARTESIAN_POINT('',(1.27,1.27,8.5));
#13896 = LINE('',#13897,#13898);
#13897 = CARTESIAN_POINT('',(1.27,-3.81,8.5));
#13898 = VECTOR('',#13899,1.);
#13899 = DIRECTION('',(1.110223024625E-16,1.,0.));
#13900 = ORIENTED_EDGE('',*,*,#13901,.F.);
#13901 = EDGE_CURVE('',#13902,#13894,#13904,.T.);
#13902 = VERTEX_POINT('',#13903);
#13903 = CARTESIAN_POINT('',(1.27,1.27,0.));
#13904 = LINE('',#13905,#13906);
#13905 = CARTESIAN_POINT('',(1.27,1.27,0.));
#13906 = VECTOR('',#13907,1.);
#13907 = DIRECTION('',(0.,0.,1.));
#13908 = ORIENTED_EDGE('',*,*,#13909,.F.);
#13909 = EDGE_CURVE('',#13884,#13902,#13910,.T.);
#13910 = LINE('',#13911,#13912);
#13911 = CARTESIAN_POINT('',(1.27,-3.81,0.));
#13912 = VECTOR('',#13913,1.);
#13913 = DIRECTION('',(1.110223024625E-16,1.,0.));
#13914 = PLANE('',#13915);
#13915 = AXIS2_PLACEMENT_3D('',#13916,#13917,#13918);
#13916 = CARTESIAN_POINT('',(1.27,-3.81,0.));
#13917 = DIRECTION('',(-1.,1.110223024625E-16,0.));
#13918 = DIRECTION('',(1.110223024625E-16,1.,0.));
#13919 = ADVANCED_FACE('',(#13920),#13977,.F.);
#13920 = FACE_BOUND('',#13921,.F.);
#13921 = EDGE_LOOP('',(#13922,#13932,#13940,#13946,#13947,#13955,#13963,
    #13971));
#13922 = ORIENTED_EDGE('',*,*,#13923,.F.);
#13923 = EDGE_CURVE('',#13924,#13926,#13928,.T.);
#13924 = VERTEX_POINT('',#13925);
#13925 = CARTESIAN_POINT('',(-1.27,-3.81,0.));
#13926 = VERTEX_POINT('',#13927);
#13927 = CARTESIAN_POINT('',(-0.846666666667,-3.81,0.));
#13928 = LINE('',#13929,#13930);
#13929 = CARTESIAN_POINT('',(-1.27,-3.81,0.));
#13930 = VECTOR('',#13931,1.);
#13931 = DIRECTION('',(1.,-1.110223024625E-16,0.));
#13932 = ORIENTED_EDGE('',*,*,#13933,.T.);
#13933 = EDGE_CURVE('',#13924,#13934,#13936,.T.);
#13934 = VERTEX_POINT('',#13935);
#13935 = CARTESIAN_POINT('',(-1.27,-3.81,8.5));
#13936 = LINE('',#13937,#13938);
#13937 = CARTESIAN_POINT('',(-1.27,-3.81,0.));
#13938 = VECTOR('',#13939,1.);
#13939 = DIRECTION('',(0.,0.,1.));
#13940 = ORIENTED_EDGE('',*,*,#13941,.T.);
#13941 = EDGE_CURVE('',#13934,#13886,#13942,.T.);
#13942 = LINE('',#13943,#13944);
#13943 = CARTESIAN_POINT('',(-1.27,-3.81,8.5));
#13944 = VECTOR('',#13945,1.);
#13945 = DIRECTION('',(1.,-1.110223024625E-16,0.));
#13946 = ORIENTED_EDGE('',*,*,#13883,.F.);
#13947 = ORIENTED_EDGE('',*,*,#13948,.F.);
#13948 = EDGE_CURVE('',#13949,#13884,#13951,.T.);
#13949 = VERTEX_POINT('',#13950);
#13950 = CARTESIAN_POINT('',(0.846666666667,-3.81,0.));
#13951 = LINE('',#13952,#13953);
#13952 = CARTESIAN_POINT('',(-1.27,-3.81,0.));
#13953 = VECTOR('',#13954,1.);
#13954 = DIRECTION('',(1.,-1.110223024625E-16,0.));
#13955 = ORIENTED_EDGE('',*,*,#13956,.T.);
#13956 = EDGE_CURVE('',#13949,#13957,#13959,.T.);
#13957 = VERTEX_POINT('',#13958);
#13958 = CARTESIAN_POINT('',(0.846666666667,-3.81,0.2));
#13959 = LINE('',#13960,#13961);
#13960 = CARTESIAN_POINT('',(0.846666666667,-3.81,0.));
#13961 = VECTOR('',#13962,1.);
#13962 = DIRECTION('',(0.,0.,1.));
#13963 = ORIENTED_EDGE('',*,*,#13964,.F.);
#13964 = EDGE_CURVE('',#13965,#13957,#13967,.T.);
#13965 = VERTEX_POINT('',#13966);
#13966 = CARTESIAN_POINT('',(-0.846666666667,-3.81,0.2));
#13967 = LINE('',#13968,#13969);
#13968 = CARTESIAN_POINT('',(-0.846666666667,-3.81,0.2));
#13969 = VECTOR('',#13970,1.);
#13970 = DIRECTION('',(1.,-1.110223024625E-16,0.));
#13971 = ORIENTED_EDGE('',*,*,#13972,.F.);
#13972 = EDGE_CURVE('',#13926,#13965,#13973,.T.);
#13973 = LINE('',#13974,#13975);
#13974 = CARTESIAN_POINT('',(-0.846666666667,-3.81,0.));
#13975 = VECTOR('',#13976,1.);
#13976 = DIRECTION('',(0.,0.,1.));
#13977 = PLANE('',#13978);
#13978 = AXIS2_PLACEMENT_3D('',#13979,#13980,#13981);
#13979 = CARTESIAN_POINT('',(-1.27,-3.81,0.));
#13980 = DIRECTION('',(1.110223024625E-16,1.,0.));
#13981 = DIRECTION('',(1.,-1.110223024625E-16,0.));
#13982 = ADVANCED_FACE('',(#13983),#14040,.F.);
#13983 = FACE_BOUND('',#13984,.F.);
#13984 = EDGE_LOOP('',(#13985,#13993,#13994,#14002,#14010,#14018,#14026,
    #14034));
#13985 = ORIENTED_EDGE('',*,*,#13986,.F.);
#13986 = EDGE_CURVE('',#13902,#13987,#13989,.T.);
#13987 = VERTEX_POINT('',#13988);
#13988 = CARTESIAN_POINT('',(0.846666666667,1.27,0.));
#13989 = LINE('',#13990,#13991);
#13990 = CARTESIAN_POINT('',(1.27,1.27,0.));
#13991 = VECTOR('',#13992,1.);
#13992 = DIRECTION('',(-1.,1.110223024625E-16,0.));
#13993 = ORIENTED_EDGE('',*,*,#13901,.T.);
#13994 = ORIENTED_EDGE('',*,*,#13995,.T.);
#13995 = EDGE_CURVE('',#13894,#13996,#13998,.T.);
#13996 = VERTEX_POINT('',#13997);
#13997 = CARTESIAN_POINT('',(-1.27,1.27,8.5));
#13998 = LINE('',#13999,#14000);
#13999 = CARTESIAN_POINT('',(1.27,1.27,8.5));
#14000 = VECTOR('',#14001,1.);
#14001 = DIRECTION('',(-1.,1.110223024625E-16,0.));
#14002 = ORIENTED_EDGE('',*,*,#14003,.F.);
#14003 = EDGE_CURVE('',#14004,#13996,#14006,.T.);
#14004 = VERTEX_POINT('',#14005);
#14005 = CARTESIAN_POINT('',(-1.27,1.27,0.));
#14006 = LINE('',#14007,#14008);
#14007 = CARTESIAN_POINT('',(-1.27,1.27,0.));
#14008 = VECTOR('',#14009,1.);
#14009 = DIRECTION('',(0.,0.,1.));
#14010 = ORIENTED_EDGE('',*,*,#14011,.F.);
#14011 = EDGE_CURVE('',#14012,#14004,#14014,.T.);
#14012 = VERTEX_POINT('',#14013);
#14013 = CARTESIAN_POINT('',(-0.846666666667,1.27,0.));
#14014 = LINE('',#14015,#14016);
#14015 = CARTESIAN_POINT('',(1.27,1.27,0.));
#14016 = VECTOR('',#14017,1.);
#14017 = DIRECTION('',(-1.,1.110223024625E-16,0.));
#14018 = ORIENTED_EDGE('',*,*,#14019,.T.);
#14019 = EDGE_CURVE('',#14012,#14020,#14022,.T.);
#14020 = VERTEX_POINT('',#14021);
#14021 = CARTESIAN_POINT('',(-0.846666666667,1.27,0.2));
#14022 = LINE('',#14023,#14024);
#14023 = CARTESIAN_POINT('',(-0.846666666667,1.27,0.));
#14024 = VECTOR('',#14025,1.);
#14025 = DIRECTION('',(0.,0.,1.));
#14026 = ORIENTED_EDGE('',*,*,#14027,.F.);
#14027 = EDGE_CURVE('',#14028,#14020,#14030,.T.);
#14028 = VERTEX_POINT('',#14029);
#14029 = CARTESIAN_POINT('',(0.846666666667,1.27,0.2));
#14030 = LINE('',#14031,#14032);
#14031 = CARTESIAN_POINT('',(0.846666666667,1.27,0.2));
#14032 = VECTOR('',#14033,1.);
#14033 = DIRECTION('',(-1.,1.110223024625E-16,0.));
#14034 = ORIENTED_EDGE('',*,*,#14035,.F.);
#14035 = EDGE_CURVE('',#13987,#14028,#14036,.T.);
#14036 = LINE('',#14037,#14038);
#14037 = CARTESIAN_POINT('',(0.846666666667,1.27,0.));
#14038 = VECTOR('',#14039,1.);
#14039 = DIRECTION('',(0.,0.,1.));
#14040 = PLANE('',#14041);
#14041 = AXIS2_PLACEMENT_3D('',#14042,#14043,#14044);
#14042 = CARTESIAN_POINT('',(1.27,1.27,0.));
#14043 = DIRECTION('',(-1.110223024625E-16,-1.,0.));
#14044 = DIRECTION('',(-1.,1.110223024625E-16,0.));
#14045 = ADVANCED_FACE('',(#14046),#14057,.F.);
#14046 = FACE_BOUND('',#14047,.F.);
#14047 = EDGE_LOOP('',(#14048,#14049,#14050,#14051));
#14048 = ORIENTED_EDGE('',*,*,#13948,.T.);
#14049 = ORIENTED_EDGE('',*,*,#13909,.T.);
#14050 = ORIENTED_EDGE('',*,*,#13986,.T.);
#14051 = ORIENTED_EDGE('',*,*,#14052,.F.);
#14052 = EDGE_CURVE('',#13949,#13987,#14053,.T.);
#14053 = LINE('',#14054,#14055);
#14054 = CARTESIAN_POINT('',(0.846666666667,-3.81,0.));
#14055 = VECTOR('',#14056,1.);
#14056 = DIRECTION('',(1.110223024625E-16,1.,0.));
#14057 = PLANE('',#14058);
#14058 = AXIS2_PLACEMENT_3D('',#14059,#14060,#14061);
#14059 = CARTESIAN_POINT('',(-5.496332464693E-17,-1.27,0.));
#14060 = DIRECTION('',(0.,0.,1.));
#14061 = DIRECTION('',(1.110223024625E-16,1.,-0.));
#14062 = ADVANCED_FACE('',(#14063,#14074,#14108),#14142,.T.);
#14063 = FACE_BOUND('',#14064,.T.);
#14064 = EDGE_LOOP('',(#14065,#14066,#14067,#14073));
#14065 = ORIENTED_EDGE('',*,*,#13893,.T.);
#14066 = ORIENTED_EDGE('',*,*,#13995,.T.);
#14067 = ORIENTED_EDGE('',*,*,#14068,.T.);
#14068 = EDGE_CURVE('',#13996,#13934,#14069,.T.);
#14069 = LINE('',#14070,#14071);
#14070 = CARTESIAN_POINT('',(-1.27,1.27,8.5));
#14071 = VECTOR('',#14072,1.);
#14072 = DIRECTION('',(-1.110223024625E-16,-1.,0.));
#14073 = ORIENTED_EDGE('',*,*,#13941,.T.);
#14074 = FACE_BOUND('',#14075,.T.);
#14075 = EDGE_LOOP('',(#14076,#14086,#14094,#14102));
#14076 = ORIENTED_EDGE('',*,*,#14077,.F.);
#14077 = EDGE_CURVE('',#14078,#14080,#14082,.T.);
#14078 = VERTEX_POINT('',#14079);
#14079 = CARTESIAN_POINT('',(0.6,-3.14,8.5));
#14080 = VERTEX_POINT('',#14081);
#14081 = CARTESIAN_POINT('',(0.6,-1.94,8.5));
#14082 = LINE('',#14083,#14084);
#14083 = CARTESIAN_POINT('',(0.6,-3.14,8.5));
#14084 = VECTOR('',#14085,1.);
#14085 = DIRECTION('',(1.110223024625E-16,1.,0.));
#14086 = ORIENTED_EDGE('',*,*,#14087,.F.);
#14087 = EDGE_CURVE('',#14088,#14078,#14090,.T.);
#14088 = VERTEX_POINT('',#14089);
#14089 = CARTESIAN_POINT('',(-0.6,-3.14,8.5));
#14090 = LINE('',#14091,#14092);
#14091 = CARTESIAN_POINT('',(-0.6,-3.14,8.5));
#14092 = VECTOR('',#14093,1.);
#14093 = DIRECTION('',(1.,-1.110223024625E-16,0.));
#14094 = ORIENTED_EDGE('',*,*,#14095,.F.);
#14095 = EDGE_CURVE('',#14096,#14088,#14098,.T.);
#14096 = VERTEX_POINT('',#14097);
#14097 = CARTESIAN_POINT('',(-0.6,-1.94,8.5));
#14098 = LINE('',#14099,#14100);
#14099 = CARTESIAN_POINT('',(-0.6,-1.94,8.5));
#14100 = VECTOR('',#14101,1.);
#14101 = DIRECTION('',(-1.110223024625E-16,-1.,0.));
#14102 = ORIENTED_EDGE('',*,*,#14103,.F.);
#14103 = EDGE_CURVE('',#14080,#14096,#14104,.T.);
#14104 = LINE('',#14105,#14106);
#14105 = CARTESIAN_POINT('',(0.6,-1.94,8.5));
#14106 = VECTOR('',#14107,1.);
#14107 = DIRECTION('',(-1.,1.110223024625E-16,0.));
#14108 = FACE_BOUND('',#14109,.T.);
#14109 = EDGE_LOOP('',(#14110,#14120,#14128,#14136));
#14110 = ORIENTED_EDGE('',*,*,#14111,.F.);
#14111 = EDGE_CURVE('',#14112,#14114,#14116,.T.);
#14112 = VERTEX_POINT('',#14113);
#14113 = CARTESIAN_POINT('',(0.6,-0.6,8.5));
#14114 = VERTEX_POINT('',#14115);
#14115 = CARTESIAN_POINT('',(0.6,0.6,8.5));
#14116 = LINE('',#14117,#14118);
#14117 = CARTESIAN_POINT('',(0.6,-0.6,8.5));
#14118 = VECTOR('',#14119,1.);
#14119 = DIRECTION('',(1.110223024625E-16,1.,0.));
#14120 = ORIENTED_EDGE('',*,*,#14121,.F.);
#14121 = EDGE_CURVE('',#14122,#14112,#14124,.T.);
#14122 = VERTEX_POINT('',#14123);
#14123 = CARTESIAN_POINT('',(-0.6,-0.6,8.5));
#14124 = LINE('',#14125,#14126);
#14125 = CARTESIAN_POINT('',(-0.6,-0.6,8.5));
#14126 = VECTOR('',#14127,1.);
#14127 = DIRECTION('',(1.,-1.110223024625E-16,0.));
#14128 = ORIENTED_EDGE('',*,*,#14129,.F.);
#14129 = EDGE_CURVE('',#14130,#14122,#14132,.T.);
#14130 = VERTEX_POINT('',#14131);
#14131 = CARTESIAN_POINT('',(-0.6,0.6,8.5));
#14132 = LINE('',#14133,#14134);
#14133 = CARTESIAN_POINT('',(-0.6,0.6,8.5));
#14134 = VECTOR('',#14135,1.);
#14135 = DIRECTION('',(-1.110223024625E-16,-1.,0.));
#14136 = ORIENTED_EDGE('',*,*,#14137,.F.);
#14137 = EDGE_CURVE('',#14114,#14130,#14138,.T.);
#14138 = LINE('',#14139,#14140);
#14139 = CARTESIAN_POINT('',(0.6,0.6,8.5));
#14140 = VECTOR('',#14141,1.);
#14141 = DIRECTION('',(-1.,1.110223024625E-16,0.));
#14142 = PLANE('',#14143);
#14143 = AXIS2_PLACEMENT_3D('',#14144,#14145,#14146);
#14144 = CARTESIAN_POINT('',(-5.496332464693E-17,-1.27,8.5));
#14145 = DIRECTION('',(0.,0.,1.));
#14146 = DIRECTION('',(1.110223024625E-16,1.,-0.));
#14147 = ADVANCED_FACE('',(#14148),#14164,.F.);
#14148 = FACE_BOUND('',#14149,.F.);
#14149 = EDGE_LOOP('',(#14150,#14151,#14157,#14158));
#14150 = ORIENTED_EDGE('',*,*,#13923,.T.);
#14151 = ORIENTED_EDGE('',*,*,#14152,.F.);
#14152 = EDGE_CURVE('',#14012,#13926,#14153,.T.);
#14153 = LINE('',#14154,#14155);
#14154 = CARTESIAN_POINT('',(-0.846666666667,1.27,0.));
#14155 = VECTOR('',#14156,1.);
#14156 = DIRECTION('',(-1.110223024625E-16,-1.,0.));
#14157 = ORIENTED_EDGE('',*,*,#14011,.T.);
#14158 = ORIENTED_EDGE('',*,*,#14159,.T.);
#14159 = EDGE_CURVE('',#14004,#13924,#14160,.T.);
#14160 = LINE('',#14161,#14162);
#14161 = CARTESIAN_POINT('',(-1.27,1.27,0.));
#14162 = VECTOR('',#14163,1.);
#14163 = DIRECTION('',(-1.110223024625E-16,-1.,0.));
#14164 = PLANE('',#14165);
#14165 = AXIS2_PLACEMENT_3D('',#14166,#14167,#14168);
#14166 = CARTESIAN_POINT('',(-5.496332464693E-17,-1.27,0.));
#14167 = DIRECTION('',(0.,0.,1.));
#14168 = DIRECTION('',(1.110223024625E-16,1.,-0.));
#14169 = ADVANCED_FACE('',(#14170),#14181,.T.);
#14170 = FACE_BOUND('',#14171,.T.);
#14171 = EDGE_LOOP('',(#14172,#14173,#14179,#14180));
#14172 = ORIENTED_EDGE('',*,*,#14019,.T.);
#14173 = ORIENTED_EDGE('',*,*,#14174,.T.);
#14174 = EDGE_CURVE('',#14020,#13965,#14175,.T.);
#14175 = LINE('',#14176,#14177);
#14176 = CARTESIAN_POINT('',(-0.846666666667,1.27,0.2));
#14177 = VECTOR('',#14178,1.);
#14178 = DIRECTION('',(-1.110223024625E-16,-1.,0.));
#14179 = ORIENTED_EDGE('',*,*,#13972,.F.);
#14180 = ORIENTED_EDGE('',*,*,#14152,.F.);
#14181 = PLANE('',#14182);
#14182 = AXIS2_PLACEMENT_3D('',#14183,#14184,#14185);
#14183 = CARTESIAN_POINT('',(-0.846666666667,1.27,0.));
#14184 = DIRECTION('',(1.,-1.110223024625E-16,0.));
#14185 = DIRECTION('',(-1.110223024625E-16,-1.,0.));
#14186 = ADVANCED_FACE('',(#14187,#14198,#14264),#14330,.F.);
#14187 = FACE_BOUND('',#14188,.F.);
#14188 = EDGE_LOOP('',(#14189,#14195,#14196,#14197));
#14189 = ORIENTED_EDGE('',*,*,#14190,.T.);
#14190 = EDGE_CURVE('',#13957,#14028,#14191,.T.);
#14191 = LINE('',#14192,#14193);
#14192 = CARTESIAN_POINT('',(0.846666666667,-3.81,0.2));
#14193 = VECTOR('',#14194,1.);
#14194 = DIRECTION('',(1.110223024625E-16,1.,0.));
#14195 = ORIENTED_EDGE('',*,*,#14027,.T.);
#14196 = ORIENTED_EDGE('',*,*,#14174,.T.);
#14197 = ORIENTED_EDGE('',*,*,#13964,.T.);
#14198 = FACE_BOUND('',#14199,.F.);
#14199 = EDGE_LOOP('',(#14200,#14210,#14218,#14226,#14234,#14242,#14250,
    #14258));
#14200 = ORIENTED_EDGE('',*,*,#14201,.F.);
#14201 = EDGE_CURVE('',#14202,#14204,#14206,.T.);
#14202 = VERTEX_POINT('',#14203);
#14203 = CARTESIAN_POINT('',(-0.1,-2.99,0.2));
#14204 = VERTEX_POINT('',#14205);
#14205 = CARTESIAN_POINT('',(0.1,-2.99,0.2));
#14206 = LINE('',#14207,#14208);
#14207 = CARTESIAN_POINT('',(-0.1,-2.99,0.2));
#14208 = VECTOR('',#14209,1.);
#14209 = DIRECTION('',(1.,-1.110223024625E-16,0.));
#14210 = ORIENTED_EDGE('',*,*,#14211,.T.);
#14211 = EDGE_CURVE('',#14202,#14212,#14214,.T.);
#14212 = VERTEX_POINT('',#14213);
#14213 = CARTESIAN_POINT('',(-0.1,-2.84,0.2));
#14214 = LINE('',#14215,#14216);
#14215 = CARTESIAN_POINT('',(-0.1,-2.99,0.2));
#14216 = VECTOR('',#14217,1.);
#14217 = DIRECTION('',(1.110223024625E-16,1.,0.));
#14218 = ORIENTED_EDGE('',*,*,#14219,.F.);
#14219 = EDGE_CURVE('',#14220,#14212,#14222,.T.);
#14220 = VERTEX_POINT('',#14221);
#14221 = CARTESIAN_POINT('',(-0.1,-2.24,0.2));
#14222 = LINE('',#14223,#14224);
#14223 = CARTESIAN_POINT('',(-0.1,-1.905,0.2));
#14224 = VECTOR('',#14225,1.);
#14225 = DIRECTION('',(-1.110223024625E-16,-1.,0.));
#14226 = ORIENTED_EDGE('',*,*,#14227,.T.);
#14227 = EDGE_CURVE('',#14220,#14228,#14230,.T.);
#14228 = VERTEX_POINT('',#14229);
#14229 = CARTESIAN_POINT('',(-0.1,-2.09,0.2));
#14230 = LINE('',#14231,#14232);
#14231 = CARTESIAN_POINT('',(-0.1,-2.99,0.2));
#14232 = VECTOR('',#14233,1.);
#14233 = DIRECTION('',(1.110223024625E-16,1.,0.));
#14234 = ORIENTED_EDGE('',*,*,#14235,.T.);
#14235 = EDGE_CURVE('',#14228,#14236,#14238,.T.);
#14236 = VERTEX_POINT('',#14237);
#14237 = CARTESIAN_POINT('',(0.1,-2.09,0.2));
#14238 = LINE('',#14239,#14240);
#14239 = CARTESIAN_POINT('',(-0.1,-2.09,0.2));
#14240 = VECTOR('',#14241,1.);
#14241 = DIRECTION('',(1.,-1.110223024625E-16,0.));
#14242 = ORIENTED_EDGE('',*,*,#14243,.T.);
#14243 = EDGE_CURVE('',#14236,#14244,#14246,.T.);
#14244 = VERTEX_POINT('',#14245);
#14245 = CARTESIAN_POINT('',(0.1,-2.24,0.2));
#14246 = LINE('',#14247,#14248);
#14247 = CARTESIAN_POINT('',(0.1,-2.09,0.2));
#14248 = VECTOR('',#14249,1.);
#14249 = DIRECTION('',(-1.110223024625E-16,-1.,0.));
#14250 = ORIENTED_EDGE('',*,*,#14251,.T.);
#14251 = EDGE_CURVE('',#14244,#14252,#14254,.T.);
#14252 = VERTEX_POINT('',#14253);
#14253 = CARTESIAN_POINT('',(0.1,-2.84,0.2));
#14254 = LINE('',#14255,#14256);
#14255 = CARTESIAN_POINT('',(0.1,-1.905,0.2));
#14256 = VECTOR('',#14257,1.);
#14257 = DIRECTION('',(-1.110223024625E-16,-1.,0.));
#14258 = ORIENTED_EDGE('',*,*,#14259,.T.);
#14259 = EDGE_CURVE('',#14252,#14204,#14260,.T.);
#14260 = LINE('',#14261,#14262);
#14261 = CARTESIAN_POINT('',(0.1,-2.09,0.2));
#14262 = VECTOR('',#14263,1.);
#14263 = DIRECTION('',(-1.110223024625E-16,-1.,0.));
#14264 = FACE_BOUND('',#14265,.F.);
#14265 = EDGE_LOOP('',(#14266,#14276,#14284,#14292,#14300,#14308,#14316,
    #14324));
#14266 = ORIENTED_EDGE('',*,*,#14267,.F.);
#14267 = EDGE_CURVE('',#14268,#14270,#14272,.T.);
#14268 = VERTEX_POINT('',#14269);
#14269 = CARTESIAN_POINT('',(-0.1,-0.45,0.2));
#14270 = VERTEX_POINT('',#14271);
#14271 = CARTESIAN_POINT('',(0.1,-0.45,0.2));
#14272 = LINE('',#14273,#14274);
#14273 = CARTESIAN_POINT('',(-0.1,-0.45,0.2));
#14274 = VECTOR('',#14275,1.);
#14275 = DIRECTION('',(1.,-1.110223024625E-16,0.));
#14276 = ORIENTED_EDGE('',*,*,#14277,.T.);
#14277 = EDGE_CURVE('',#14268,#14278,#14280,.T.);
#14278 = VERTEX_POINT('',#14279);
#14279 = CARTESIAN_POINT('',(-0.1,-0.3,0.2));
#14280 = LINE('',#14281,#14282);
#14281 = CARTESIAN_POINT('',(-0.1,-0.45,0.2));
#14282 = VECTOR('',#14283,1.);
#14283 = DIRECTION('',(1.110223024625E-16,1.,0.));
#14284 = ORIENTED_EDGE('',*,*,#14285,.F.);
#14285 = EDGE_CURVE('',#14286,#14278,#14288,.T.);
#14286 = VERTEX_POINT('',#14287);
#14287 = CARTESIAN_POINT('',(-0.1,0.3,0.2));
#14288 = LINE('',#14289,#14290);
#14289 = CARTESIAN_POINT('',(-0.1,-0.635,0.2));
#14290 = VECTOR('',#14291,1.);
#14291 = DIRECTION('',(-1.110223024625E-16,-1.,0.));
#14292 = ORIENTED_EDGE('',*,*,#14293,.T.);
#14293 = EDGE_CURVE('',#14286,#14294,#14296,.T.);
#14294 = VERTEX_POINT('',#14295);
#14295 = CARTESIAN_POINT('',(-0.1,0.45,0.2));
#14296 = LINE('',#14297,#14298);
#14297 = CARTESIAN_POINT('',(-0.1,-0.45,0.2));
#14298 = VECTOR('',#14299,1.);
#14299 = DIRECTION('',(1.110223024625E-16,1.,0.));
#14300 = ORIENTED_EDGE('',*,*,#14301,.T.);
#14301 = EDGE_CURVE('',#14294,#14302,#14304,.T.);
#14302 = VERTEX_POINT('',#14303);
#14303 = CARTESIAN_POINT('',(0.1,0.45,0.2));
#14304 = LINE('',#14305,#14306);
#14305 = CARTESIAN_POINT('',(-0.1,0.45,0.2));
#14306 = VECTOR('',#14307,1.);
#14307 = DIRECTION('',(1.,-1.110223024625E-16,0.));
#14308 = ORIENTED_EDGE('',*,*,#14309,.T.);
#14309 = EDGE_CURVE('',#14302,#14310,#14312,.T.);
#14310 = VERTEX_POINT('',#14311);
#14311 = CARTESIAN_POINT('',(0.1,0.3,0.2));
#14312 = LINE('',#14313,#14314);
#14313 = CARTESIAN_POINT('',(0.1,0.45,0.2));
#14314 = VECTOR('',#14315,1.);
#14315 = DIRECTION('',(-1.110223024625E-16,-1.,0.));
#14316 = ORIENTED_EDGE('',*,*,#14317,.T.);
#14317 = EDGE_CURVE('',#14310,#14318,#14320,.T.);
#14318 = VERTEX_POINT('',#14319);
#14319 = CARTESIAN_POINT('',(0.1,-0.3,0.2));
#14320 = LINE('',#14321,#14322);
#14321 = CARTESIAN_POINT('',(0.1,-0.635,0.2));
#14322 = VECTOR('',#14323,1.);
#14323 = DIRECTION('',(-1.110223024625E-16,-1.,0.));
#14324 = ORIENTED_EDGE('',*,*,#14325,.T.);
#14325 = EDGE_CURVE('',#14318,#14270,#14326,.T.);
#14326 = LINE('',#14327,#14328);
#14327 = CARTESIAN_POINT('',(0.1,0.45,0.2));
#14328 = VECTOR('',#14329,1.);
#14329 = DIRECTION('',(-1.110223024625E-16,-1.,0.));
#14330 = PLANE('',#14331);
#14331 = AXIS2_PLACEMENT_3D('',#14332,#14333,#14334);
#14332 = CARTESIAN_POINT('',(-1.132427485118E-16,-1.27,0.2));
#14333 = DIRECTION('',(0.,0.,1.));
#14334 = DIRECTION('',(1.110223024625E-16,1.,-0.));
#14335 = ADVANCED_FACE('',(#14336),#14342,.T.);
#14336 = FACE_BOUND('',#14337,.T.);
#14337 = EDGE_LOOP('',(#14338,#14339,#14340,#14341));
#14338 = ORIENTED_EDGE('',*,*,#13956,.T.);
#14339 = ORIENTED_EDGE('',*,*,#14190,.T.);
#14340 = ORIENTED_EDGE('',*,*,#14035,.F.);
#14341 = ORIENTED_EDGE('',*,*,#14052,.F.);
#14342 = PLANE('',#14343);
#14343 = AXIS2_PLACEMENT_3D('',#14344,#14345,#14346);
#14344 = CARTESIAN_POINT('',(0.846666666667,-3.81,0.));
#14345 = DIRECTION('',(-1.,1.110223024625E-16,0.));
#14346 = DIRECTION('',(1.110223024625E-16,1.,0.));
#14347 = ADVANCED_FACE('',(#14348),#14354,.F.);
#14348 = FACE_BOUND('',#14349,.F.);
#14349 = EDGE_LOOP('',(#14350,#14351,#14352,#14353));
#14350 = ORIENTED_EDGE('',*,*,#14003,.T.);
#14351 = ORIENTED_EDGE('',*,*,#14068,.T.);
#14352 = ORIENTED_EDGE('',*,*,#13933,.F.);
#14353 = ORIENTED_EDGE('',*,*,#14159,.F.);
#14354 = PLANE('',#14355);
#14355 = AXIS2_PLACEMENT_3D('',#14356,#14357,#14358);
#14356 = CARTESIAN_POINT('',(-1.27,1.27,0.));
#14357 = DIRECTION('',(1.,-1.110223024625E-16,0.));
#14358 = DIRECTION('',(-1.110223024625E-16,-1.,0.));
#14359 = ADVANCED_FACE('',(#14360),#14385,.T.);
#14360 = FACE_BOUND('',#14361,.T.);
#14361 = EDGE_LOOP('',(#14362,#14370,#14371,#14379));
#14362 = ORIENTED_EDGE('',*,*,#14363,.F.);
#14363 = EDGE_CURVE('',#14078,#14364,#14366,.T.);
#14364 = VERTEX_POINT('',#14365);
#14365 = CARTESIAN_POINT('',(0.3,-2.84,8.2));
#14366 = LINE('',#14367,#14368);
#14367 = CARTESIAN_POINT('',(0.3,-2.84,8.2));
#14368 = VECTOR('',#14369,1.);
#14369 = DIRECTION('',(-0.57735026919,0.57735026919,-0.57735026919));
#14370 = ORIENTED_EDGE('',*,*,#14077,.T.);
#14371 = ORIENTED_EDGE('',*,*,#14372,.T.);
#14372 = EDGE_CURVE('',#14080,#14373,#14375,.T.);
#14373 = VERTEX_POINT('',#14374);
#14374 = CARTESIAN_POINT('',(0.3,-2.24,8.2));
#14375 = LINE('',#14376,#14377);
#14376 = CARTESIAN_POINT('',(0.3,-2.24,8.2));
#14377 = VECTOR('',#14378,1.);
#14378 = DIRECTION('',(-0.57735026919,-0.57735026919,-0.57735026919));
#14379 = ORIENTED_EDGE('',*,*,#14380,.F.);
#14380 = EDGE_CURVE('',#14364,#14373,#14381,.T.);
#14381 = LINE('',#14382,#14383);
#14382 = CARTESIAN_POINT('',(0.3,-3.14,8.2));
#14383 = VECTOR('',#14384,1.);
#14384 = DIRECTION('',(1.110223024625E-16,1.,0.));
#14385 = PLANE('',#14386);
#14386 = AXIS2_PLACEMENT_3D('',#14387,#14388,#14389);
#14387 = CARTESIAN_POINT('',(0.45,-3.14,8.35));
#14388 = DIRECTION('',(-0.707106781187,7.850462293414E-17,0.707106781187
    ));
#14389 = DIRECTION('',(1.110223024625E-16,1.,2.680278185005E-29));
#14390 = ADVANCED_FACE('',(#14391),#14409,.T.);
#14391 = FACE_BOUND('',#14392,.T.);
#14392 = EDGE_LOOP('',(#14393,#14394,#14395,#14403));
#14393 = ORIENTED_EDGE('',*,*,#14372,.F.);
#14394 = ORIENTED_EDGE('',*,*,#14103,.T.);
#14395 = ORIENTED_EDGE('',*,*,#14396,.T.);
#14396 = EDGE_CURVE('',#14096,#14397,#14399,.T.);
#14397 = VERTEX_POINT('',#14398);
#14398 = CARTESIAN_POINT('',(-0.3,-2.24,8.2));
#14399 = LINE('',#14400,#14401);
#14400 = CARTESIAN_POINT('',(-0.3,-2.24,8.2));
#14401 = VECTOR('',#14402,1.);
#14402 = DIRECTION('',(0.57735026919,-0.57735026919,-0.57735026919));
#14403 = ORIENTED_EDGE('',*,*,#14404,.F.);
#14404 = EDGE_CURVE('',#14373,#14397,#14405,.T.);
#14405 = LINE('',#14406,#14407);
#14406 = CARTESIAN_POINT('',(0.6,-2.24,8.2));
#14407 = VECTOR('',#14408,1.);
#14408 = DIRECTION('',(-1.,1.110223024625E-16,0.));
#14409 = PLANE('',#14410);
#14410 = AXIS2_PLACEMENT_3D('',#14411,#14412,#14413);
#14411 = CARTESIAN_POINT('',(0.6,-2.09,8.35));
#14412 = DIRECTION('',(-7.850462293414E-17,-0.707106781187,
    0.707106781187));
#14413 = DIRECTION('',(-1.,1.110223024625E-16,2.680278185005E-29));
#14414 = ADVANCED_FACE('',(#14415),#14433,.T.);
#14415 = FACE_BOUND('',#14416,.T.);
#14416 = EDGE_LOOP('',(#14417,#14418,#14419,#14427));
#14417 = ORIENTED_EDGE('',*,*,#14396,.F.);
#14418 = ORIENTED_EDGE('',*,*,#14095,.T.);
#14419 = ORIENTED_EDGE('',*,*,#14420,.T.);
#14420 = EDGE_CURVE('',#14088,#14421,#14423,.T.);
#14421 = VERTEX_POINT('',#14422);
#14422 = CARTESIAN_POINT('',(-0.3,-2.84,8.2));
#14423 = LINE('',#14424,#14425);
#14424 = CARTESIAN_POINT('',(-0.3,-2.84,8.2));
#14425 = VECTOR('',#14426,1.);
#14426 = DIRECTION('',(0.57735026919,0.57735026919,-0.57735026919));
#14427 = ORIENTED_EDGE('',*,*,#14428,.F.);
#14428 = EDGE_CURVE('',#14397,#14421,#14429,.T.);
#14429 = LINE('',#14430,#14431);
#14430 = CARTESIAN_POINT('',(-0.3,-1.94,8.2));
#14431 = VECTOR('',#14432,1.);
#14432 = DIRECTION('',(-1.110223024625E-16,-1.,0.));
#14433 = PLANE('',#14434);
#14434 = AXIS2_PLACEMENT_3D('',#14435,#14436,#14437);
#14435 = CARTESIAN_POINT('',(-0.45,-1.94,8.35));
#14436 = DIRECTION('',(0.707106781187,-7.850462293414E-17,0.707106781187
    ));
#14437 = DIRECTION('',(-1.110223024625E-16,-1.,2.680278185005E-29));
#14438 = ADVANCED_FACE('',(#14439),#14450,.T.);
#14439 = FACE_BOUND('',#14440,.T.);
#14440 = EDGE_LOOP('',(#14441,#14442,#14443,#14444));
#14441 = ORIENTED_EDGE('',*,*,#14420,.F.);
#14442 = ORIENTED_EDGE('',*,*,#14087,.T.);
#14443 = ORIENTED_EDGE('',*,*,#14363,.T.);
#14444 = ORIENTED_EDGE('',*,*,#14445,.F.);
#14445 = EDGE_CURVE('',#14421,#14364,#14446,.T.);
#14446 = LINE('',#14447,#14448);
#14447 = CARTESIAN_POINT('',(-0.6,-2.84,8.2));
#14448 = VECTOR('',#14449,1.);
#14449 = DIRECTION('',(1.,-1.110223024625E-16,0.));
#14450 = PLANE('',#14451);
#14451 = AXIS2_PLACEMENT_3D('',#14452,#14453,#14454);
#14452 = CARTESIAN_POINT('',(-0.6,-2.99,8.35));
#14453 = DIRECTION('',(7.850462293414E-17,0.707106781187,0.707106781187)
  );
#14454 = DIRECTION('',(1.,-1.110223024625E-16,2.680278185005E-29));
#14455 = ADVANCED_FACE('',(#14456),#14481,.T.);
#14456 = FACE_BOUND('',#14457,.T.);
#14457 = EDGE_LOOP('',(#14458,#14466,#14467,#14475));
#14458 = ORIENTED_EDGE('',*,*,#14459,.F.);
#14459 = EDGE_CURVE('',#14112,#14460,#14462,.T.);
#14460 = VERTEX_POINT('',#14461);
#14461 = CARTESIAN_POINT('',(0.3,-0.3,8.2));
#14462 = LINE('',#14463,#14464);
#14463 = CARTESIAN_POINT('',(0.3,-0.3,8.2));
#14464 = VECTOR('',#14465,1.);
#14465 = DIRECTION('',(-0.57735026919,0.57735026919,-0.57735026919));
#14466 = ORIENTED_EDGE('',*,*,#14111,.T.);
#14467 = ORIENTED_EDGE('',*,*,#14468,.T.);
#14468 = EDGE_CURVE('',#14114,#14469,#14471,.T.);
#14469 = VERTEX_POINT('',#14470);
#14470 = CARTESIAN_POINT('',(0.3,0.3,8.2));
#14471 = LINE('',#14472,#14473);
#14472 = CARTESIAN_POINT('',(0.3,0.3,8.2));
#14473 = VECTOR('',#14474,1.);
#14474 = DIRECTION('',(-0.57735026919,-0.57735026919,-0.57735026919));
#14475 = ORIENTED_EDGE('',*,*,#14476,.F.);
#14476 = EDGE_CURVE('',#14460,#14469,#14477,.T.);
#14477 = LINE('',#14478,#14479);
#14478 = CARTESIAN_POINT('',(0.3,-0.6,8.2));
#14479 = VECTOR('',#14480,1.);
#14480 = DIRECTION('',(1.110223024625E-16,1.,0.));
#14481 = PLANE('',#14482);
#14482 = AXIS2_PLACEMENT_3D('',#14483,#14484,#14485);
#14483 = CARTESIAN_POINT('',(0.45,-0.6,8.35));
#14484 = DIRECTION('',(-0.707106781187,7.850462293414E-17,0.707106781187
    ));
#14485 = DIRECTION('',(1.110223024625E-16,1.,2.680278185005E-29));
#14486 = ADVANCED_FACE('',(#14487),#14505,.T.);
#14487 = FACE_BOUND('',#14488,.T.);
#14488 = EDGE_LOOP('',(#14489,#14490,#14491,#14499));
#14489 = ORIENTED_EDGE('',*,*,#14468,.F.);
#14490 = ORIENTED_EDGE('',*,*,#14137,.T.);
#14491 = ORIENTED_EDGE('',*,*,#14492,.T.);
#14492 = EDGE_CURVE('',#14130,#14493,#14495,.T.);
#14493 = VERTEX_POINT('',#14494);
#14494 = CARTESIAN_POINT('',(-0.3,0.3,8.2));
#14495 = LINE('',#14496,#14497);
#14496 = CARTESIAN_POINT('',(-0.3,0.3,8.2));
#14497 = VECTOR('',#14498,1.);
#14498 = DIRECTION('',(0.57735026919,-0.57735026919,-0.57735026919));
#14499 = ORIENTED_EDGE('',*,*,#14500,.F.);
#14500 = EDGE_CURVE('',#14469,#14493,#14501,.T.);
#14501 = LINE('',#14502,#14503);
#14502 = CARTESIAN_POINT('',(0.6,0.3,8.2));
#14503 = VECTOR('',#14504,1.);
#14504 = DIRECTION('',(-1.,1.110223024625E-16,0.));
#14505 = PLANE('',#14506);
#14506 = AXIS2_PLACEMENT_3D('',#14507,#14508,#14509);
#14507 = CARTESIAN_POINT('',(0.6,0.45,8.35));
#14508 = DIRECTION('',(-7.850462293414E-17,-0.707106781187,
    0.707106781187));
#14509 = DIRECTION('',(-1.,1.110223024625E-16,2.680278185005E-29));
#14510 = ADVANCED_FACE('',(#14511),#14529,.T.);
#14511 = FACE_BOUND('',#14512,.T.);
#14512 = EDGE_LOOP('',(#14513,#14514,#14515,#14523));
#14513 = ORIENTED_EDGE('',*,*,#14492,.F.);
#14514 = ORIENTED_EDGE('',*,*,#14129,.T.);
#14515 = ORIENTED_EDGE('',*,*,#14516,.T.);
#14516 = EDGE_CURVE('',#14122,#14517,#14519,.T.);
#14517 = VERTEX_POINT('',#14518);
#14518 = CARTESIAN_POINT('',(-0.3,-0.3,8.2));
#14519 = LINE('',#14520,#14521);
#14520 = CARTESIAN_POINT('',(-0.3,-0.3,8.2));
#14521 = VECTOR('',#14522,1.);
#14522 = DIRECTION('',(0.57735026919,0.57735026919,-0.57735026919));
#14523 = ORIENTED_EDGE('',*,*,#14524,.F.);
#14524 = EDGE_CURVE('',#14493,#14517,#14525,.T.);
#14525 = LINE('',#14526,#14527);
#14526 = CARTESIAN_POINT('',(-0.3,0.6,8.2));
#14527 = VECTOR('',#14528,1.);
#14528 = DIRECTION('',(-1.110223024625E-16,-1.,0.));
#14529 = PLANE('',#14530);
#14530 = AXIS2_PLACEMENT_3D('',#14531,#14532,#14533);
#14531 = CARTESIAN_POINT('',(-0.45,0.6,8.35));
#14532 = DIRECTION('',(0.707106781187,-7.850462293414E-17,0.707106781187
    ));
#14533 = DIRECTION('',(-1.110223024625E-16,-1.,2.680278185005E-29));
#14534 = ADVANCED_FACE('',(#14535),#14546,.T.);
#14535 = FACE_BOUND('',#14536,.T.);
#14536 = EDGE_LOOP('',(#14537,#14538,#14539,#14540));
#14537 = ORIENTED_EDGE('',*,*,#14516,.F.);
#14538 = ORIENTED_EDGE('',*,*,#14121,.T.);
#14539 = ORIENTED_EDGE('',*,*,#14459,.T.);
#14540 = ORIENTED_EDGE('',*,*,#14541,.F.);
#14541 = EDGE_CURVE('',#14517,#14460,#14542,.T.);
#14542 = LINE('',#14543,#14544);
#14543 = CARTESIAN_POINT('',(-0.6,-0.3,8.2));
#14544 = VECTOR('',#14545,1.);
#14545 = DIRECTION('',(1.,-1.110223024625E-16,0.));
#14546 = PLANE('',#14547);
#14547 = AXIS2_PLACEMENT_3D('',#14548,#14549,#14550);
#14548 = CARTESIAN_POINT('',(-0.6,-0.45,8.35));
#14549 = DIRECTION('',(7.850462293414E-17,0.707106781187,0.707106781187)
  );
#14550 = DIRECTION('',(1.,-1.110223024625E-16,2.680278185005E-29));
#14551 = ADVANCED_FACE('',(#14552),#14563,.T.);
#14552 = FACE_BOUND('',#14553,.T.);
#14553 = EDGE_LOOP('',(#14554,#14555,#14556,#14562));
#14554 = ORIENTED_EDGE('',*,*,#14201,.F.);
#14555 = ORIENTED_EDGE('',*,*,#14211,.T.);
#14556 = ORIENTED_EDGE('',*,*,#14557,.T.);
#14557 = EDGE_CURVE('',#14212,#14252,#14558,.T.);
#14558 = LINE('',#14559,#14560);
#14559 = CARTESIAN_POINT('',(-0.1,-2.84,0.2));
#14560 = VECTOR('',#14561,1.);
#14561 = DIRECTION('',(1.,-1.110223024625E-16,0.));
#14562 = ORIENTED_EDGE('',*,*,#14259,.T.);
#14563 = PLANE('',#14564);
#14564 = AXIS2_PLACEMENT_3D('',#14565,#14566,#14567);
#14565 = CARTESIAN_POINT('',(-0.1,-2.84,0.2));
#14566 = DIRECTION('',(0.,-0.,-1.));
#14567 = DIRECTION('',(-1.110223024625E-16,-1.,0.));
#14568 = ADVANCED_FACE('',(#14569),#14610,.F.);
#14569 = FACE_BOUND('',#14570,.F.);
#14570 = EDGE_LOOP('',(#14571,#14579,#14580,#14588,#14596,#14604));
#14571 = ORIENTED_EDGE('',*,*,#14572,.T.);
#14572 = EDGE_CURVE('',#14573,#14252,#14575,.T.);
#14573 = VERTEX_POINT('',#14574);
#14574 = CARTESIAN_POINT('',(0.1,-2.84,-2.5));
#14575 = LINE('',#14576,#14577);
#14576 = CARTESIAN_POINT('',(0.1,-2.84,-2.5));
#14577 = VECTOR('',#14578,1.);
#14578 = DIRECTION('',(0.,0.,1.));
#14579 = ORIENTED_EDGE('',*,*,#14251,.F.);
#14580 = ORIENTED_EDGE('',*,*,#14581,.T.);
#14581 = EDGE_CURVE('',#14244,#14582,#14584,.T.);
#14582 = VERTEX_POINT('',#14583);
#14583 = CARTESIAN_POINT('',(0.1,-2.24,-2.5));
#14584 = LINE('',#14585,#14586);
#14585 = CARTESIAN_POINT('',(0.1,-2.24,0.2));
#14586 = VECTOR('',#14587,1.);
#14587 = DIRECTION('',(0.,0.,-1.));
#14588 = ORIENTED_EDGE('',*,*,#14589,.T.);
#14589 = EDGE_CURVE('',#14582,#14590,#14592,.T.);
#14590 = VERTEX_POINT('',#14591);
#14591 = CARTESIAN_POINT('',(0.1,-2.39,-3.1));
#14592 = LINE('',#14593,#14594);
#14593 = CARTESIAN_POINT('',(0.1,-2.24,-2.5));
#14594 = VECTOR('',#14595,1.);
#14595 = DIRECTION('',(-2.692686352073E-17,-0.242535625036,
    -0.970142500145));
#14596 = ORIENTED_EDGE('',*,*,#14597,.T.);
#14597 = EDGE_CURVE('',#14590,#14598,#14600,.T.);
#14598 = VERTEX_POINT('',#14599);
#14599 = CARTESIAN_POINT('',(0.1,-2.69,-3.1));
#14600 = LINE('',#14601,#14602);
#14601 = CARTESIAN_POINT('',(0.1,-2.39,-3.1));
#14602 = VECTOR('',#14603,1.);
#14603 = DIRECTION('',(-1.110223024625E-16,-1.,0.));
#14604 = ORIENTED_EDGE('',*,*,#14605,.T.);
#14605 = EDGE_CURVE('',#14598,#14573,#14606,.T.);
#14606 = LINE('',#14607,#14608);
#14607 = CARTESIAN_POINT('',(0.1,-2.69,-3.1));
#14608 = VECTOR('',#14609,1.);
#14609 = DIRECTION('',(-2.692686352073E-17,-0.242535625036,
    0.970142500145));
#14610 = PLANE('',#14611);
#14611 = AXIS2_PLACEMENT_3D('',#14612,#14613,#14614);
#14612 = CARTESIAN_POINT('',(0.1,-2.54,3.911477598424));
#14613 = DIRECTION('',(-1.,1.110223024625E-16,0.));
#14614 = DIRECTION('',(0.,0.,1.));
#14615 = ADVANCED_FACE('',(#14616),#14627,.T.);
#14616 = FACE_BOUND('',#14617,.T.);
#14617 = EDGE_LOOP('',(#14618,#14624,#14625,#14626));
#14618 = ORIENTED_EDGE('',*,*,#14619,.F.);
#14619 = EDGE_CURVE('',#14220,#14244,#14620,.T.);
#14620 = LINE('',#14621,#14622);
#14621 = CARTESIAN_POINT('',(-0.1,-2.24,0.2));
#14622 = VECTOR('',#14623,1.);
#14623 = DIRECTION('',(1.,-1.110223024625E-16,0.));
#14624 = ORIENTED_EDGE('',*,*,#14227,.T.);
#14625 = ORIENTED_EDGE('',*,*,#14235,.T.);
#14626 = ORIENTED_EDGE('',*,*,#14243,.T.);
#14627 = PLANE('',#14628);
#14628 = AXIS2_PLACEMENT_3D('',#14629,#14630,#14631);
#14629 = CARTESIAN_POINT('',(-0.1,-2.84,0.2));
#14630 = DIRECTION('',(0.,-0.,-1.));
#14631 = DIRECTION('',(-1.110223024625E-16,-1.,0.));
#14632 = ADVANCED_FACE('',(#14633),#14674,.T.);
#14633 = FACE_BOUND('',#14634,.T.);
#14634 = EDGE_LOOP('',(#14635,#14643,#14644,#14652,#14660,#14668));
#14635 = ORIENTED_EDGE('',*,*,#14636,.T.);
#14636 = EDGE_CURVE('',#14637,#14212,#14639,.T.);
#14637 = VERTEX_POINT('',#14638);
#14638 = CARTESIAN_POINT('',(-0.1,-2.84,-2.5));
#14639 = LINE('',#14640,#14641);
#14640 = CARTESIAN_POINT('',(-0.1,-2.84,-2.5));
#14641 = VECTOR('',#14642,1.);
#14642 = DIRECTION('',(0.,0.,1.));
#14643 = ORIENTED_EDGE('',*,*,#14219,.F.);
#14644 = ORIENTED_EDGE('',*,*,#14645,.T.);
#14645 = EDGE_CURVE('',#14220,#14646,#14648,.T.);
#14646 = VERTEX_POINT('',#14647);
#14647 = CARTESIAN_POINT('',(-0.1,-2.24,-2.5));
#14648 = LINE('',#14649,#14650);
#14649 = CARTESIAN_POINT('',(-0.1,-2.24,0.2));
#14650 = VECTOR('',#14651,1.);
#14651 = DIRECTION('',(0.,0.,-1.));
#14652 = ORIENTED_EDGE('',*,*,#14653,.T.);
#14653 = EDGE_CURVE('',#14646,#14654,#14656,.T.);
#14654 = VERTEX_POINT('',#14655);
#14655 = CARTESIAN_POINT('',(-0.1,-2.39,-3.1));
#14656 = LINE('',#14657,#14658);
#14657 = CARTESIAN_POINT('',(-0.1,-2.24,-2.5));
#14658 = VECTOR('',#14659,1.);
#14659 = DIRECTION('',(-2.692686352073E-17,-0.242535625036,
    -0.970142500145));
#14660 = ORIENTED_EDGE('',*,*,#14661,.F.);
#14661 = EDGE_CURVE('',#14662,#14654,#14664,.T.);
#14662 = VERTEX_POINT('',#14663);
#14663 = CARTESIAN_POINT('',(-0.1,-2.69,-3.1));
#14664 = LINE('',#14665,#14666);
#14665 = CARTESIAN_POINT('',(-0.1,-2.69,-3.1));
#14666 = VECTOR('',#14667,1.);
#14667 = DIRECTION('',(1.110223024625E-16,1.,0.));
#14668 = ORIENTED_EDGE('',*,*,#14669,.T.);
#14669 = EDGE_CURVE('',#14662,#14637,#14670,.T.);
#14670 = LINE('',#14671,#14672);
#14671 = CARTESIAN_POINT('',(-0.1,-2.69,-3.1));
#14672 = VECTOR('',#14673,1.);
#14673 = DIRECTION('',(-2.692686352073E-17,-0.242535625036,
    0.970142500145));
#14674 = PLANE('',#14675);
#14675 = AXIS2_PLACEMENT_3D('',#14676,#14677,#14678);
#14676 = CARTESIAN_POINT('',(-0.1,-2.54,3.911477598424));
#14677 = DIRECTION('',(-1.,1.110223024625E-16,0.));
#14678 = DIRECTION('',(0.,0.,1.));
#14679 = ADVANCED_FACE('',(#14680),#14691,.T.);
#14680 = FACE_BOUND('',#14681,.T.);
#14681 = EDGE_LOOP('',(#14682,#14683,#14684,#14690));
#14682 = ORIENTED_EDGE('',*,*,#14267,.F.);
#14683 = ORIENTED_EDGE('',*,*,#14277,.T.);
#14684 = ORIENTED_EDGE('',*,*,#14685,.T.);
#14685 = EDGE_CURVE('',#14278,#14318,#14686,.T.);
#14686 = LINE('',#14687,#14688);
#14687 = CARTESIAN_POINT('',(-0.1,-0.3,0.2));
#14688 = VECTOR('',#14689,1.);
#14689 = DIRECTION('',(1.,-1.110223024625E-16,0.));
#14690 = ORIENTED_EDGE('',*,*,#14325,.T.);
#14691 = PLANE('',#14692);
#14692 = AXIS2_PLACEMENT_3D('',#14693,#14694,#14695);
#14693 = CARTESIAN_POINT('',(-0.1,-0.3,0.2));
#14694 = DIRECTION('',(0.,-0.,-1.));
#14695 = DIRECTION('',(-1.110223024625E-16,-1.,0.));
#14696 = ADVANCED_FACE('',(#14697),#14738,.F.);
#14697 = FACE_BOUND('',#14698,.F.);
#14698 = EDGE_LOOP('',(#14699,#14707,#14708,#14716,#14724,#14732));
#14699 = ORIENTED_EDGE('',*,*,#14700,.T.);
#14700 = EDGE_CURVE('',#14701,#14318,#14703,.T.);
#14701 = VERTEX_POINT('',#14702);
#14702 = CARTESIAN_POINT('',(0.1,-0.3,-2.5));
#14703 = LINE('',#14704,#14705);
#14704 = CARTESIAN_POINT('',(0.1,-0.3,-2.5));
#14705 = VECTOR('',#14706,1.);
#14706 = DIRECTION('',(0.,0.,1.));
#14707 = ORIENTED_EDGE('',*,*,#14317,.F.);
#14708 = ORIENTED_EDGE('',*,*,#14709,.T.);
#14709 = EDGE_CURVE('',#14310,#14710,#14712,.T.);
#14710 = VERTEX_POINT('',#14711);
#14711 = CARTESIAN_POINT('',(0.1,0.3,-2.5));
#14712 = LINE('',#14713,#14714);
#14713 = CARTESIAN_POINT('',(0.1,0.3,0.2));
#14714 = VECTOR('',#14715,1.);
#14715 = DIRECTION('',(0.,0.,-1.));
#14716 = ORIENTED_EDGE('',*,*,#14717,.T.);
#14717 = EDGE_CURVE('',#14710,#14718,#14720,.T.);
#14718 = VERTEX_POINT('',#14719);
#14719 = CARTESIAN_POINT('',(0.1,0.15,-3.1));
#14720 = LINE('',#14721,#14722);
#14721 = CARTESIAN_POINT('',(0.1,0.3,-2.5));
#14722 = VECTOR('',#14723,1.);
#14723 = DIRECTION('',(-2.692686352073E-17,-0.242535625036,
    -0.970142500145));
#14724 = ORIENTED_EDGE('',*,*,#14725,.T.);
#14725 = EDGE_CURVE('',#14718,#14726,#14728,.T.);
#14726 = VERTEX_POINT('',#14727);
#14727 = CARTESIAN_POINT('',(0.1,-0.15,-3.1));
#14728 = LINE('',#14729,#14730);
#14729 = CARTESIAN_POINT('',(0.1,0.15,-3.1));
#14730 = VECTOR('',#14731,1.);
#14731 = DIRECTION('',(-1.110223024625E-16,-1.,0.));
#14732 = ORIENTED_EDGE('',*,*,#14733,.T.);
#14733 = EDGE_CURVE('',#14726,#14701,#14734,.T.);
#14734 = LINE('',#14735,#14736);
#14735 = CARTESIAN_POINT('',(0.1,-0.15,-3.1));
#14736 = VECTOR('',#14737,1.);
#14737 = DIRECTION('',(-2.692686352073E-17,-0.242535625036,
    0.970142500145));
#14738 = PLANE('',#14739);
#14739 = AXIS2_PLACEMENT_3D('',#14740,#14741,#14742);
#14740 = CARTESIAN_POINT('',(0.1,-1.110223024625E-17,3.911477598424));
#14741 = DIRECTION('',(-1.,1.110223024625E-16,0.));
#14742 = DIRECTION('',(0.,0.,1.));
#14743 = ADVANCED_FACE('',(#14744),#14755,.T.);
#14744 = FACE_BOUND('',#14745,.T.);
#14745 = EDGE_LOOP('',(#14746,#14752,#14753,#14754));
#14746 = ORIENTED_EDGE('',*,*,#14747,.F.);
#14747 = EDGE_CURVE('',#14286,#14310,#14748,.T.);
#14748 = LINE('',#14749,#14750);
#14749 = CARTESIAN_POINT('',(-0.1,0.3,0.2));
#14750 = VECTOR('',#14751,1.);
#14751 = DIRECTION('',(1.,-1.110223024625E-16,0.));
#14752 = ORIENTED_EDGE('',*,*,#14293,.T.);
#14753 = ORIENTED_EDGE('',*,*,#14301,.T.);
#14754 = ORIENTED_EDGE('',*,*,#14309,.T.);
#14755 = PLANE('',#14756);
#14756 = AXIS2_PLACEMENT_3D('',#14757,#14758,#14759);
#14757 = CARTESIAN_POINT('',(-0.1,-0.3,0.2));
#14758 = DIRECTION('',(0.,-0.,-1.));
#14759 = DIRECTION('',(-1.110223024625E-16,-1.,0.));
#14760 = ADVANCED_FACE('',(#14761),#14802,.T.);
#14761 = FACE_BOUND('',#14762,.T.);
#14762 = EDGE_LOOP('',(#14763,#14771,#14772,#14780,#14788,#14796));
#14763 = ORIENTED_EDGE('',*,*,#14764,.T.);
#14764 = EDGE_CURVE('',#14765,#14278,#14767,.T.);
#14765 = VERTEX_POINT('',#14766);
#14766 = CARTESIAN_POINT('',(-0.1,-0.3,-2.5));
#14767 = LINE('',#14768,#14769);
#14768 = CARTESIAN_POINT('',(-0.1,-0.3,-2.5));
#14769 = VECTOR('',#14770,1.);
#14770 = DIRECTION('',(0.,0.,1.));
#14771 = ORIENTED_EDGE('',*,*,#14285,.F.);
#14772 = ORIENTED_EDGE('',*,*,#14773,.T.);
#14773 = EDGE_CURVE('',#14286,#14774,#14776,.T.);
#14774 = VERTEX_POINT('',#14775);
#14775 = CARTESIAN_POINT('',(-0.1,0.3,-2.5));
#14776 = LINE('',#14777,#14778);
#14777 = CARTESIAN_POINT('',(-0.1,0.3,0.2));
#14778 = VECTOR('',#14779,1.);
#14779 = DIRECTION('',(0.,0.,-1.));
#14780 = ORIENTED_EDGE('',*,*,#14781,.T.);
#14781 = EDGE_CURVE('',#14774,#14782,#14784,.T.);
#14782 = VERTEX_POINT('',#14783);
#14783 = CARTESIAN_POINT('',(-0.1,0.15,-3.1));
#14784 = LINE('',#14785,#14786);
#14785 = CARTESIAN_POINT('',(-0.1,0.3,-2.5));
#14786 = VECTOR('',#14787,1.);
#14787 = DIRECTION('',(-2.692686352073E-17,-0.242535625036,
    -0.970142500145));
#14788 = ORIENTED_EDGE('',*,*,#14789,.F.);
#14789 = EDGE_CURVE('',#14790,#14782,#14792,.T.);
#14790 = VERTEX_POINT('',#14791);
#14791 = CARTESIAN_POINT('',(-0.1,-0.15,-3.1));
#14792 = LINE('',#14793,#14794);
#14793 = CARTESIAN_POINT('',(-0.1,-0.15,-3.1));
#14794 = VECTOR('',#14795,1.);
#14795 = DIRECTION('',(1.110223024625E-16,1.,0.));
#14796 = ORIENTED_EDGE('',*,*,#14797,.T.);
#14797 = EDGE_CURVE('',#14790,#14765,#14798,.T.);
#14798 = LINE('',#14799,#14800);
#14799 = CARTESIAN_POINT('',(-0.1,-0.15,-3.1));
#14800 = VECTOR('',#14801,1.);
#14801 = DIRECTION('',(-2.692686352073E-17,-0.242535625036,
    0.970142500145));
#14802 = PLANE('',#14803);
#14803 = AXIS2_PLACEMENT_3D('',#14804,#14805,#14806);
#14804 = CARTESIAN_POINT('',(-0.1,1.110223024625E-17,3.911477598424));
#14805 = DIRECTION('',(-1.,1.110223024625E-16,0.));
#14806 = DIRECTION('',(0.,0.,1.));
#14807 = ADVANCED_FACE('',(#14808),#14833,.F.);
#14808 = FACE_BOUND('',#14809,.F.);
#14809 = EDGE_LOOP('',(#14810,#14818,#14826,#14832));
#14810 = ORIENTED_EDGE('',*,*,#14811,.T.);
#14811 = EDGE_CURVE('',#14364,#14812,#14814,.T.);
#14812 = VERTEX_POINT('',#14813);
#14813 = CARTESIAN_POINT('',(0.3,-2.84,0.9));
#14814 = LINE('',#14815,#14816);
#14815 = CARTESIAN_POINT('',(0.3,-2.84,8.2));
#14816 = VECTOR('',#14817,1.);
#14817 = DIRECTION('',(0.,-0.,-1.));
#14818 = ORIENTED_EDGE('',*,*,#14819,.T.);
#14819 = EDGE_CURVE('',#14812,#14820,#14822,.T.);
#14820 = VERTEX_POINT('',#14821);
#14821 = CARTESIAN_POINT('',(0.3,-2.24,0.9));
#14822 = LINE('',#14823,#14824);
#14823 = CARTESIAN_POINT('',(0.3,-2.84,0.9));
#14824 = VECTOR('',#14825,1.);
#14825 = DIRECTION('',(1.110223024625E-16,1.,0.));
#14826 = ORIENTED_EDGE('',*,*,#14827,.F.);
#14827 = EDGE_CURVE('',#14373,#14820,#14828,.T.);
#14828 = LINE('',#14829,#14830);
#14829 = CARTESIAN_POINT('',(0.3,-2.24,8.2));
#14830 = VECTOR('',#14831,1.);
#14831 = DIRECTION('',(0.,-0.,-1.));
#14832 = ORIENTED_EDGE('',*,*,#14380,.F.);
#14833 = PLANE('',#14834);
#14834 = AXIS2_PLACEMENT_3D('',#14835,#14836,#14837);
#14835 = CARTESIAN_POINT('',(0.3,-2.84,8.2));
#14836 = DIRECTION('',(1.,-1.110223024625E-16,0.));
#14837 = DIRECTION('',(1.110223024625E-16,1.,0.));
#14838 = ADVANCED_FACE('',(#14839),#14889,.F.);
#14839 = FACE_BOUND('',#14840,.F.);
#14840 = EDGE_LOOP('',(#14841,#14842,#14843,#14851,#14859,#14867,#14875,
    #14883));
#14841 = ORIENTED_EDGE('',*,*,#14404,.F.);
#14842 = ORIENTED_EDGE('',*,*,#14827,.T.);
#14843 = ORIENTED_EDGE('',*,*,#14844,.T.);
#14844 = EDGE_CURVE('',#14820,#14845,#14847,.T.);
#14845 = VERTEX_POINT('',#14846);
#14846 = CARTESIAN_POINT('',(0.1,-2.24,0.9));
#14847 = LINE('',#14848,#14849);
#14848 = CARTESIAN_POINT('',(0.3,-2.24,0.9));
#14849 = VECTOR('',#14850,1.);
#14850 = DIRECTION('',(-1.,1.110223024625E-16,0.));
#14851 = ORIENTED_EDGE('',*,*,#14852,.T.);
#14852 = EDGE_CURVE('',#14845,#14853,#14855,.T.);
#14853 = VERTEX_POINT('',#14854);
#14854 = CARTESIAN_POINT('',(0.1,-2.24,7.4));
#14855 = LINE('',#14856,#14857);
#14856 = CARTESIAN_POINT('',(0.1,-2.24,6.055738799212));
#14857 = VECTOR('',#14858,1.);
#14858 = DIRECTION('',(0.,-0.,1.));
#14859 = ORIENTED_EDGE('',*,*,#14860,.F.);
#14860 = EDGE_CURVE('',#14861,#14853,#14863,.T.);
#14861 = VERTEX_POINT('',#14862);
#14862 = CARTESIAN_POINT('',(-0.1,-2.24,7.4));
#14863 = LINE('',#14864,#14865);
#14864 = CARTESIAN_POINT('',(-0.1,-2.24,7.4));
#14865 = VECTOR('',#14866,1.);
#14866 = DIRECTION('',(1.,-1.110223024625E-16,0.));
#14867 = ORIENTED_EDGE('',*,*,#14868,.F.);
#14868 = EDGE_CURVE('',#14869,#14861,#14871,.T.);
#14869 = VERTEX_POINT('',#14870);
#14870 = CARTESIAN_POINT('',(-0.1,-2.24,0.9));
#14871 = LINE('',#14872,#14873);
#14872 = CARTESIAN_POINT('',(-0.1,-2.24,6.055738799212));
#14873 = VECTOR('',#14874,1.);
#14874 = DIRECTION('',(0.,-0.,1.));
#14875 = ORIENTED_EDGE('',*,*,#14876,.T.);
#14876 = EDGE_CURVE('',#14869,#14877,#14879,.T.);
#14877 = VERTEX_POINT('',#14878);
#14878 = CARTESIAN_POINT('',(-0.3,-2.24,0.9));
#14879 = LINE('',#14880,#14881);
#14880 = CARTESIAN_POINT('',(0.3,-2.24,0.9));
#14881 = VECTOR('',#14882,1.);
#14882 = DIRECTION('',(-1.,1.110223024625E-16,0.));
#14883 = ORIENTED_EDGE('',*,*,#14884,.F.);
#14884 = EDGE_CURVE('',#14397,#14877,#14885,.T.);
#14885 = LINE('',#14886,#14887);
#14886 = CARTESIAN_POINT('',(-0.3,-2.24,8.2));
#14887 = VECTOR('',#14888,1.);
#14888 = DIRECTION('',(0.,-0.,-1.));
#14889 = PLANE('',#14890);
#14890 = AXIS2_PLACEMENT_3D('',#14891,#14892,#14893);
#14891 = CARTESIAN_POINT('',(0.3,-2.24,8.2));
#14892 = DIRECTION('',(1.110223024625E-16,1.,0.));
#14893 = DIRECTION('',(-1.,1.110223024625E-16,0.));
#14894 = ADVANCED_FACE('',(#14895),#14913,.F.);
#14895 = FACE_BOUND('',#14896,.F.);
#14896 = EDGE_LOOP('',(#14897,#14898,#14906,#14912));
#14897 = ORIENTED_EDGE('',*,*,#14884,.T.);
#14898 = ORIENTED_EDGE('',*,*,#14899,.T.);
#14899 = EDGE_CURVE('',#14877,#14900,#14902,.T.);
#14900 = VERTEX_POINT('',#14901);
#14901 = CARTESIAN_POINT('',(-0.3,-2.84,0.9));
#14902 = LINE('',#14903,#14904);
#14903 = CARTESIAN_POINT('',(-0.3,-2.24,0.9));
#14904 = VECTOR('',#14905,1.);
#14905 = DIRECTION('',(-1.110223024625E-16,-1.,0.));
#14906 = ORIENTED_EDGE('',*,*,#14907,.F.);
#14907 = EDGE_CURVE('',#14421,#14900,#14908,.T.);
#14908 = LINE('',#14909,#14910);
#14909 = CARTESIAN_POINT('',(-0.3,-2.84,8.2));
#14910 = VECTOR('',#14911,1.);
#14911 = DIRECTION('',(0.,-0.,-1.));
#14912 = ORIENTED_EDGE('',*,*,#14428,.F.);
#14913 = PLANE('',#14914);
#14914 = AXIS2_PLACEMENT_3D('',#14915,#14916,#14917);
#14915 = CARTESIAN_POINT('',(-0.3,-2.24,8.2));
#14916 = DIRECTION('',(-1.,1.110223024625E-16,0.));
#14917 = DIRECTION('',(-1.110223024625E-16,-1.,0.));
#14918 = ADVANCED_FACE('',(#14919),#14962,.F.);
#14919 = FACE_BOUND('',#14920,.F.);
#14920 = EDGE_LOOP('',(#14921,#14922,#14923,#14931,#14939,#14947,#14955,
    #14961));
#14921 = ORIENTED_EDGE('',*,*,#14445,.F.);
#14922 = ORIENTED_EDGE('',*,*,#14907,.T.);
#14923 = ORIENTED_EDGE('',*,*,#14924,.T.);
#14924 = EDGE_CURVE('',#14900,#14925,#14927,.T.);
#14925 = VERTEX_POINT('',#14926);
#14926 = CARTESIAN_POINT('',(-0.1,-2.84,0.9));
#14927 = LINE('',#14928,#14929);
#14928 = CARTESIAN_POINT('',(-0.3,-2.84,0.9));
#14929 = VECTOR('',#14930,1.);
#14930 = DIRECTION('',(1.,-1.110223024625E-16,0.));
#14931 = ORIENTED_EDGE('',*,*,#14932,.F.);
#14932 = EDGE_CURVE('',#14933,#14925,#14935,.T.);
#14933 = VERTEX_POINT('',#14934);
#14934 = CARTESIAN_POINT('',(-0.1,-2.84,7.4));
#14935 = LINE('',#14936,#14937);
#14936 = CARTESIAN_POINT('',(-0.1,-2.84,6.055738799212));
#14937 = VECTOR('',#14938,1.);
#14938 = DIRECTION('',(-0.,0.,-1.));
#14939 = ORIENTED_EDGE('',*,*,#14940,.T.);
#14940 = EDGE_CURVE('',#14933,#14941,#14943,.T.);
#14941 = VERTEX_POINT('',#14942);
#14942 = CARTESIAN_POINT('',(0.1,-2.84,7.4));
#14943 = LINE('',#14944,#14945);
#14944 = CARTESIAN_POINT('',(-0.1,-2.84,7.4));
#14945 = VECTOR('',#14946,1.);
#14946 = DIRECTION('',(1.,-1.110223024625E-16,0.));
#14947 = ORIENTED_EDGE('',*,*,#14948,.T.);
#14948 = EDGE_CURVE('',#14941,#14949,#14951,.T.);
#14949 = VERTEX_POINT('',#14950);
#14950 = CARTESIAN_POINT('',(0.1,-2.84,0.9));
#14951 = LINE('',#14952,#14953);
#14952 = CARTESIAN_POINT('',(0.1,-2.84,6.055738799212));
#14953 = VECTOR('',#14954,1.);
#14954 = DIRECTION('',(-0.,0.,-1.));
#14955 = ORIENTED_EDGE('',*,*,#14956,.T.);
#14956 = EDGE_CURVE('',#14949,#14812,#14957,.T.);
#14957 = LINE('',#14958,#14959);
#14958 = CARTESIAN_POINT('',(-0.3,-2.84,0.9));
#14959 = VECTOR('',#14960,1.);
#14960 = DIRECTION('',(1.,-1.110223024625E-16,0.));
#14961 = ORIENTED_EDGE('',*,*,#14811,.F.);
#14962 = PLANE('',#14963);
#14963 = AXIS2_PLACEMENT_3D('',#14964,#14965,#14966);
#14964 = CARTESIAN_POINT('',(-0.3,-2.84,8.2));
#14965 = DIRECTION('',(-1.110223024625E-16,-1.,0.));
#14966 = DIRECTION('',(1.,-1.110223024625E-16,0.));
#14967 = ADVANCED_FACE('',(#14968),#14993,.F.);
#14968 = FACE_BOUND('',#14969,.F.);
#14969 = EDGE_LOOP('',(#14970,#14978,#14986,#14992));
#14970 = ORIENTED_EDGE('',*,*,#14971,.T.);
#14971 = EDGE_CURVE('',#14460,#14972,#14974,.T.);
#14972 = VERTEX_POINT('',#14973);
#14973 = CARTESIAN_POINT('',(0.3,-0.3,0.9));
#14974 = LINE('',#14975,#14976);
#14975 = CARTESIAN_POINT('',(0.3,-0.3,8.2));
#14976 = VECTOR('',#14977,1.);
#14977 = DIRECTION('',(0.,-0.,-1.));
#14978 = ORIENTED_EDGE('',*,*,#14979,.T.);
#14979 = EDGE_CURVE('',#14972,#14980,#14982,.T.);
#14980 = VERTEX_POINT('',#14981);
#14981 = CARTESIAN_POINT('',(0.3,0.3,0.9));
#14982 = LINE('',#14983,#14984);
#14983 = CARTESIAN_POINT('',(0.3,-0.3,0.9));
#14984 = VECTOR('',#14985,1.);
#14985 = DIRECTION('',(1.110223024625E-16,1.,0.));
#14986 = ORIENTED_EDGE('',*,*,#14987,.F.);
#14987 = EDGE_CURVE('',#14469,#14980,#14988,.T.);
#14988 = LINE('',#14989,#14990);
#14989 = CARTESIAN_POINT('',(0.3,0.3,8.2));
#14990 = VECTOR('',#14991,1.);
#14991 = DIRECTION('',(0.,-0.,-1.));
#14992 = ORIENTED_EDGE('',*,*,#14476,.F.);
#14993 = PLANE('',#14994);
#14994 = AXIS2_PLACEMENT_3D('',#14995,#14996,#14997);
#14995 = CARTESIAN_POINT('',(0.3,-0.3,8.2));
#14996 = DIRECTION('',(1.,-1.110223024625E-16,0.));
#14997 = DIRECTION('',(1.110223024625E-16,1.,0.));
#14998 = ADVANCED_FACE('',(#14999),#15049,.F.);
#14999 = FACE_BOUND('',#15000,.F.);
#15000 = EDGE_LOOP('',(#15001,#15002,#15003,#15011,#15019,#15027,#15035,
    #15043));
#15001 = ORIENTED_EDGE('',*,*,#14500,.F.);
#15002 = ORIENTED_EDGE('',*,*,#14987,.T.);
#15003 = ORIENTED_EDGE('',*,*,#15004,.T.);
#15004 = EDGE_CURVE('',#14980,#15005,#15007,.T.);
#15005 = VERTEX_POINT('',#15006);
#15006 = CARTESIAN_POINT('',(0.1,0.3,0.9));
#15007 = LINE('',#15008,#15009);
#15008 = CARTESIAN_POINT('',(0.3,0.3,0.9));
#15009 = VECTOR('',#15010,1.);
#15010 = DIRECTION('',(-1.,1.110223024625E-16,0.));
#15011 = ORIENTED_EDGE('',*,*,#15012,.T.);
#15012 = EDGE_CURVE('',#15005,#15013,#15015,.T.);
#15013 = VERTEX_POINT('',#15014);
#15014 = CARTESIAN_POINT('',(0.1,0.3,7.4));
#15015 = LINE('',#15016,#15017);
#15016 = CARTESIAN_POINT('',(0.1,0.3,6.055738799212));
#15017 = VECTOR('',#15018,1.);
#15018 = DIRECTION('',(0.,-0.,1.));
#15019 = ORIENTED_EDGE('',*,*,#15020,.F.);
#15020 = EDGE_CURVE('',#15021,#15013,#15023,.T.);
#15021 = VERTEX_POINT('',#15022);
#15022 = CARTESIAN_POINT('',(-0.1,0.3,7.4));
#15023 = LINE('',#15024,#15025);
#15024 = CARTESIAN_POINT('',(-0.1,0.3,7.4));
#15025 = VECTOR('',#15026,1.);
#15026 = DIRECTION('',(1.,-1.110223024625E-16,0.));
#15027 = ORIENTED_EDGE('',*,*,#15028,.F.);
#15028 = EDGE_CURVE('',#15029,#15021,#15031,.T.);
#15029 = VERTEX_POINT('',#15030);
#15030 = CARTESIAN_POINT('',(-0.1,0.3,0.9));
#15031 = LINE('',#15032,#15033);
#15032 = CARTESIAN_POINT('',(-0.1,0.3,6.055738799212));
#15033 = VECTOR('',#15034,1.);
#15034 = DIRECTION('',(0.,-0.,1.));
#15035 = ORIENTED_EDGE('',*,*,#15036,.T.);
#15036 = EDGE_CURVE('',#15029,#15037,#15039,.T.);
#15037 = VERTEX_POINT('',#15038);
#15038 = CARTESIAN_POINT('',(-0.3,0.3,0.9));
#15039 = LINE('',#15040,#15041);
#15040 = CARTESIAN_POINT('',(0.3,0.3,0.9));
#15041 = VECTOR('',#15042,1.);
#15042 = DIRECTION('',(-1.,1.110223024625E-16,0.));
#15043 = ORIENTED_EDGE('',*,*,#15044,.F.);
#15044 = EDGE_CURVE('',#14493,#15037,#15045,.T.);
#15045 = LINE('',#15046,#15047);
#15046 = CARTESIAN_POINT('',(-0.3,0.3,8.2));
#15047 = VECTOR('',#15048,1.);
#15048 = DIRECTION('',(0.,-0.,-1.));
#15049 = PLANE('',#15050);
#15050 = AXIS2_PLACEMENT_3D('',#15051,#15052,#15053);
#15051 = CARTESIAN_POINT('',(0.3,0.3,8.2));
#15052 = DIRECTION('',(1.110223024625E-16,1.,0.));
#15053 = DIRECTION('',(-1.,1.110223024625E-16,0.));
#15054 = ADVANCED_FACE('',(#15055),#15073,.F.);
#15055 = FACE_BOUND('',#15056,.F.);
#15056 = EDGE_LOOP('',(#15057,#15058,#15066,#15072));
#15057 = ORIENTED_EDGE('',*,*,#15044,.T.);
#15058 = ORIENTED_EDGE('',*,*,#15059,.T.);
#15059 = EDGE_CURVE('',#15037,#15060,#15062,.T.);
#15060 = VERTEX_POINT('',#15061);
#15061 = CARTESIAN_POINT('',(-0.3,-0.3,0.9));
#15062 = LINE('',#15063,#15064);
#15063 = CARTESIAN_POINT('',(-0.3,0.3,0.9));
#15064 = VECTOR('',#15065,1.);
#15065 = DIRECTION('',(-1.110223024625E-16,-1.,0.));
#15066 = ORIENTED_EDGE('',*,*,#15067,.F.);
#15067 = EDGE_CURVE('',#14517,#15060,#15068,.T.);
#15068 = LINE('',#15069,#15070);
#15069 = CARTESIAN_POINT('',(-0.3,-0.3,8.2));
#15070 = VECTOR('',#15071,1.);
#15071 = DIRECTION('',(0.,-0.,-1.));
#15072 = ORIENTED_EDGE('',*,*,#14524,.F.);
#15073 = PLANE('',#15074);
#15074 = AXIS2_PLACEMENT_3D('',#15075,#15076,#15077);
#15075 = CARTESIAN_POINT('',(-0.3,0.3,8.2));
#15076 = DIRECTION('',(-1.,1.110223024625E-16,0.));
#15077 = DIRECTION('',(-1.110223024625E-16,-1.,0.));
#15078 = ADVANCED_FACE('',(#15079),#15122,.F.);
#15079 = FACE_BOUND('',#15080,.F.);
#15080 = EDGE_LOOP('',(#15081,#15082,#15083,#15091,#15099,#15107,#15115,
    #15121));
#15081 = ORIENTED_EDGE('',*,*,#14541,.F.);
#15082 = ORIENTED_EDGE('',*,*,#15067,.T.);
#15083 = ORIENTED_EDGE('',*,*,#15084,.T.);
#15084 = EDGE_CURVE('',#15060,#15085,#15087,.T.);
#15085 = VERTEX_POINT('',#15086);
#15086 = CARTESIAN_POINT('',(-0.1,-0.3,0.9));
#15087 = LINE('',#15088,#15089);
#15088 = CARTESIAN_POINT('',(-0.3,-0.3,0.9));
#15089 = VECTOR('',#15090,1.);
#15090 = DIRECTION('',(1.,-1.110223024625E-16,0.));
#15091 = ORIENTED_EDGE('',*,*,#15092,.F.);
#15092 = EDGE_CURVE('',#15093,#15085,#15095,.T.);
#15093 = VERTEX_POINT('',#15094);
#15094 = CARTESIAN_POINT('',(-0.1,-0.3,7.4));
#15095 = LINE('',#15096,#15097);
#15096 = CARTESIAN_POINT('',(-0.1,-0.3,6.055738799212));
#15097 = VECTOR('',#15098,1.);
#15098 = DIRECTION('',(-0.,0.,-1.));
#15099 = ORIENTED_EDGE('',*,*,#15100,.T.);
#15100 = EDGE_CURVE('',#15093,#15101,#15103,.T.);
#15101 = VERTEX_POINT('',#15102);
#15102 = CARTESIAN_POINT('',(0.1,-0.3,7.4));
#15103 = LINE('',#15104,#15105);
#15104 = CARTESIAN_POINT('',(-0.1,-0.3,7.4));
#15105 = VECTOR('',#15106,1.);
#15106 = DIRECTION('',(1.,-1.110223024625E-16,0.));
#15107 = ORIENTED_EDGE('',*,*,#15108,.T.);
#15108 = EDGE_CURVE('',#15101,#15109,#15111,.T.);
#15109 = VERTEX_POINT('',#15110);
#15110 = CARTESIAN_POINT('',(0.1,-0.3,0.9));
#15111 = LINE('',#15112,#15113);
#15112 = CARTESIAN_POINT('',(0.1,-0.3,6.055738799212));
#15113 = VECTOR('',#15114,1.);
#15114 = DIRECTION('',(-0.,0.,-1.));
#15115 = ORIENTED_EDGE('',*,*,#15116,.T.);
#15116 = EDGE_CURVE('',#15109,#14972,#15117,.T.);
#15117 = LINE('',#15118,#15119);
#15118 = CARTESIAN_POINT('',(-0.3,-0.3,0.9));
#15119 = VECTOR('',#15120,1.);
#15120 = DIRECTION('',(1.,-1.110223024625E-16,0.));
#15121 = ORIENTED_EDGE('',*,*,#14971,.F.);
#15122 = PLANE('',#15123);
#15123 = AXIS2_PLACEMENT_3D('',#15124,#15125,#15126);
#15124 = CARTESIAN_POINT('',(-0.3,-0.3,8.2));
#15125 = DIRECTION('',(-1.110223024625E-16,-1.,0.));
#15126 = DIRECTION('',(1.,-1.110223024625E-16,0.));
#15127 = ADVANCED_FACE('',(#15128),#15139,.T.);
#15128 = FACE_BOUND('',#15129,.T.);
#15129 = EDGE_LOOP('',(#15130,#15136,#15137,#15138));
#15130 = ORIENTED_EDGE('',*,*,#15131,.T.);
#15131 = EDGE_CURVE('',#14637,#14573,#15132,.T.);
#15132 = LINE('',#15133,#15134);
#15133 = CARTESIAN_POINT('',(-0.1,-2.84,-2.5));
#15134 = VECTOR('',#15135,1.);
#15135 = DIRECTION('',(1.,-1.110223024625E-16,0.));
#15136 = ORIENTED_EDGE('',*,*,#14572,.T.);
#15137 = ORIENTED_EDGE('',*,*,#14557,.F.);
#15138 = ORIENTED_EDGE('',*,*,#14636,.F.);
#15139 = PLANE('',#15140);
#15140 = AXIS2_PLACEMENT_3D('',#15141,#15142,#15143);
#15141 = CARTESIAN_POINT('',(-0.1,-2.84,-2.5));
#15142 = DIRECTION('',(-1.110223024625E-16,-1.,0.));
#15143 = DIRECTION('',(0.,0.,1.));
#15144 = ADVANCED_FACE('',(#15145),#15156,.T.);
#15145 = FACE_BOUND('',#15146,.T.);
#15146 = EDGE_LOOP('',(#15147,#15153,#15154,#15155));
#15147 = ORIENTED_EDGE('',*,*,#15148,.T.);
#15148 = EDGE_CURVE('',#14662,#14598,#15149,.T.);
#15149 = LINE('',#15150,#15151);
#15150 = CARTESIAN_POINT('',(-0.1,-2.69,-3.1));
#15151 = VECTOR('',#15152,1.);
#15152 = DIRECTION('',(1.,-1.110223024625E-16,0.));
#15153 = ORIENTED_EDGE('',*,*,#14605,.T.);
#15154 = ORIENTED_EDGE('',*,*,#15131,.F.);
#15155 = ORIENTED_EDGE('',*,*,#14669,.F.);
#15156 = PLANE('',#15157);
#15157 = AXIS2_PLACEMENT_3D('',#15158,#15159,#15160);
#15158 = CARTESIAN_POINT('',(-0.1,-2.69,-3.1));
#15159 = DIRECTION('',(-1.077074540829E-16,-0.970142500145,
    -0.242535625036));
#15160 = DIRECTION('',(-2.692686352073E-17,-0.242535625036,
    0.970142500145));
#15161 = ADVANCED_FACE('',(#15162),#15173,.T.);
#15162 = FACE_BOUND('',#15163,.T.);
#15163 = EDGE_LOOP('',(#15164,#15170,#15171,#15172));
#15164 = ORIENTED_EDGE('',*,*,#15165,.T.);
#15165 = EDGE_CURVE('',#14654,#14590,#15166,.T.);
#15166 = LINE('',#15167,#15168);
#15167 = CARTESIAN_POINT('',(-0.1,-2.39,-3.1));
#15168 = VECTOR('',#15169,1.);
#15169 = DIRECTION('',(1.,-1.110223024625E-16,0.));
#15170 = ORIENTED_EDGE('',*,*,#14597,.T.);
#15171 = ORIENTED_EDGE('',*,*,#15148,.F.);
#15172 = ORIENTED_EDGE('',*,*,#14661,.T.);
#15173 = PLANE('',#15174);
#15174 = AXIS2_PLACEMENT_3D('',#15175,#15176,#15177);
#15175 = CARTESIAN_POINT('',(-0.1,-2.39,-3.1));
#15176 = DIRECTION('',(0.,-0.,-1.));
#15177 = DIRECTION('',(-1.110223024625E-16,-1.,0.));
#15178 = ADVANCED_FACE('',(#15179),#15190,.T.);
#15179 = FACE_BOUND('',#15180,.T.);
#15180 = EDGE_LOOP('',(#15181,#15187,#15188,#15189));
#15181 = ORIENTED_EDGE('',*,*,#15182,.T.);
#15182 = EDGE_CURVE('',#14646,#14582,#15183,.T.);
#15183 = LINE('',#15184,#15185);
#15184 = CARTESIAN_POINT('',(-0.1,-2.24,-2.5));
#15185 = VECTOR('',#15186,1.);
#15186 = DIRECTION('',(1.,-1.110223024625E-16,0.));
#15187 = ORIENTED_EDGE('',*,*,#14589,.T.);
#15188 = ORIENTED_EDGE('',*,*,#15165,.F.);
#15189 = ORIENTED_EDGE('',*,*,#14653,.F.);
#15190 = PLANE('',#15191);
#15191 = AXIS2_PLACEMENT_3D('',#15192,#15193,#15194);
#15192 = CARTESIAN_POINT('',(-0.1,-2.24,-2.5));
#15193 = DIRECTION('',(1.077074540829E-16,0.970142500145,-0.242535625036
    ));
#15194 = DIRECTION('',(-2.692686352073E-17,-0.242535625036,
    -0.970142500145));
#15195 = ADVANCED_FACE('',(#15196),#15202,.T.);
#15196 = FACE_BOUND('',#15197,.T.);
#15197 = EDGE_LOOP('',(#15198,#15199,#15200,#15201));
#15198 = ORIENTED_EDGE('',*,*,#14619,.T.);
#15199 = ORIENTED_EDGE('',*,*,#14581,.T.);
#15200 = ORIENTED_EDGE('',*,*,#15182,.F.);
#15201 = ORIENTED_EDGE('',*,*,#14645,.F.);
#15202 = PLANE('',#15203);
#15203 = AXIS2_PLACEMENT_3D('',#15204,#15205,#15206);
#15204 = CARTESIAN_POINT('',(-0.1,-2.24,0.2));
#15205 = DIRECTION('',(1.110223024625E-16,1.,0.));
#15206 = DIRECTION('',(0.,0.,-1.));
#15207 = ADVANCED_FACE('',(#15208),#15219,.T.);
#15208 = FACE_BOUND('',#15209,.T.);
#15209 = EDGE_LOOP('',(#15210,#15216,#15217,#15218));
#15210 = ORIENTED_EDGE('',*,*,#15211,.T.);
#15211 = EDGE_CURVE('',#14765,#14701,#15212,.T.);
#15212 = LINE('',#15213,#15214);
#15213 = CARTESIAN_POINT('',(-0.1,-0.3,-2.5));
#15214 = VECTOR('',#15215,1.);
#15215 = DIRECTION('',(1.,-1.110223024625E-16,0.));
#15216 = ORIENTED_EDGE('',*,*,#14700,.T.);
#15217 = ORIENTED_EDGE('',*,*,#14685,.F.);
#15218 = ORIENTED_EDGE('',*,*,#14764,.F.);
#15219 = PLANE('',#15220);
#15220 = AXIS2_PLACEMENT_3D('',#15221,#15222,#15223);
#15221 = CARTESIAN_POINT('',(-0.1,-0.3,-2.5));
#15222 = DIRECTION('',(-1.110223024625E-16,-1.,0.));
#15223 = DIRECTION('',(0.,0.,1.));
#15224 = ADVANCED_FACE('',(#15225),#15236,.T.);
#15225 = FACE_BOUND('',#15226,.T.);
#15226 = EDGE_LOOP('',(#15227,#15233,#15234,#15235));
#15227 = ORIENTED_EDGE('',*,*,#15228,.T.);
#15228 = EDGE_CURVE('',#14790,#14726,#15229,.T.);
#15229 = LINE('',#15230,#15231);
#15230 = CARTESIAN_POINT('',(-0.1,-0.15,-3.1));
#15231 = VECTOR('',#15232,1.);
#15232 = DIRECTION('',(1.,-1.110223024625E-16,0.));
#15233 = ORIENTED_EDGE('',*,*,#14733,.T.);
#15234 = ORIENTED_EDGE('',*,*,#15211,.F.);
#15235 = ORIENTED_EDGE('',*,*,#14797,.F.);
#15236 = PLANE('',#15237);
#15237 = AXIS2_PLACEMENT_3D('',#15238,#15239,#15240);
#15238 = CARTESIAN_POINT('',(-0.1,-0.15,-3.1));
#15239 = DIRECTION('',(-1.077074540829E-16,-0.970142500145,
    -0.242535625036));
#15240 = DIRECTION('',(-2.692686352073E-17,-0.242535625036,
    0.970142500145));
#15241 = ADVANCED_FACE('',(#15242),#15253,.T.);
#15242 = FACE_BOUND('',#15243,.T.);
#15243 = EDGE_LOOP('',(#15244,#15250,#15251,#15252));
#15244 = ORIENTED_EDGE('',*,*,#15245,.T.);
#15245 = EDGE_CURVE('',#14782,#14718,#15246,.T.);
#15246 = LINE('',#15247,#15248);
#15247 = CARTESIAN_POINT('',(-0.1,0.15,-3.1));
#15248 = VECTOR('',#15249,1.);
#15249 = DIRECTION('',(1.,-1.110223024625E-16,0.));
#15250 = ORIENTED_EDGE('',*,*,#14725,.T.);
#15251 = ORIENTED_EDGE('',*,*,#15228,.F.);
#15252 = ORIENTED_EDGE('',*,*,#14789,.T.);
#15253 = PLANE('',#15254);
#15254 = AXIS2_PLACEMENT_3D('',#15255,#15256,#15257);
#15255 = CARTESIAN_POINT('',(-0.1,0.15,-3.1));
#15256 = DIRECTION('',(0.,-0.,-1.));
#15257 = DIRECTION('',(-1.110223024625E-16,-1.,0.));
#15258 = ADVANCED_FACE('',(#15259),#15270,.T.);
#15259 = FACE_BOUND('',#15260,.T.);
#15260 = EDGE_LOOP('',(#15261,#15267,#15268,#15269));
#15261 = ORIENTED_EDGE('',*,*,#15262,.T.);
#15262 = EDGE_CURVE('',#14774,#14710,#15263,.T.);
#15263 = LINE('',#15264,#15265);
#15264 = CARTESIAN_POINT('',(-0.1,0.3,-2.5));
#15265 = VECTOR('',#15266,1.);
#15266 = DIRECTION('',(1.,-1.110223024625E-16,0.));
#15267 = ORIENTED_EDGE('',*,*,#14717,.T.);
#15268 = ORIENTED_EDGE('',*,*,#15245,.F.);
#15269 = ORIENTED_EDGE('',*,*,#14781,.F.);
#15270 = PLANE('',#15271);
#15271 = AXIS2_PLACEMENT_3D('',#15272,#15273,#15274);
#15272 = CARTESIAN_POINT('',(-0.1,0.3,-2.5));
#15273 = DIRECTION('',(1.077074540829E-16,0.970142500145,-0.242535625036
    ));
#15274 = DIRECTION('',(-2.692686352073E-17,-0.242535625036,
    -0.970142500145));
#15275 = ADVANCED_FACE('',(#15276),#15282,.T.);
#15276 = FACE_BOUND('',#15277,.T.);
#15277 = EDGE_LOOP('',(#15278,#15279,#15280,#15281));
#15278 = ORIENTED_EDGE('',*,*,#14747,.T.);
#15279 = ORIENTED_EDGE('',*,*,#14709,.T.);
#15280 = ORIENTED_EDGE('',*,*,#15262,.F.);
#15281 = ORIENTED_EDGE('',*,*,#14773,.F.);
#15282 = PLANE('',#15283);
#15283 = AXIS2_PLACEMENT_3D('',#15284,#15285,#15286);
#15284 = CARTESIAN_POINT('',(-0.1,0.3,0.2));
#15285 = DIRECTION('',(1.110223024625E-16,1.,0.));
#15286 = DIRECTION('',(0.,0.,-1.));
#15287 = ADVANCED_FACE('',(#15288),#15299,.T.);
#15288 = FACE_BOUND('',#15289,.T.);
#15289 = EDGE_LOOP('',(#15290,#15291,#15292,#15293));
#15290 = ORIENTED_EDGE('',*,*,#14956,.T.);
#15291 = ORIENTED_EDGE('',*,*,#14819,.T.);
#15292 = ORIENTED_EDGE('',*,*,#14844,.T.);
#15293 = ORIENTED_EDGE('',*,*,#15294,.T.);
#15294 = EDGE_CURVE('',#14845,#14949,#15295,.T.);
#15295 = LINE('',#15296,#15297);
#15296 = CARTESIAN_POINT('',(0.1,-2.54,0.9));
#15297 = VECTOR('',#15298,1.);
#15298 = DIRECTION('',(-1.110223024625E-16,-1.,0.));
#15299 = PLANE('',#15300);
#15300 = AXIS2_PLACEMENT_3D('',#15301,#15302,#15303);
#15301 = CARTESIAN_POINT('',(-3.641068927844E-16,-2.54,0.9));
#15302 = DIRECTION('',(0.,0.,1.));
#15303 = DIRECTION('',(1.110223024625E-16,1.,-0.));
#15304 = ADVANCED_FACE('',(#15305),#15316,.T.);
#15305 = FACE_BOUND('',#15306,.T.);
#15306 = EDGE_LOOP('',(#15307,#15308,#15314,#15315));
#15307 = ORIENTED_EDGE('',*,*,#14924,.T.);
#15308 = ORIENTED_EDGE('',*,*,#15309,.F.);
#15309 = EDGE_CURVE('',#14869,#14925,#15310,.T.);
#15310 = LINE('',#15311,#15312);
#15311 = CARTESIAN_POINT('',(-0.1,-2.54,0.9));
#15312 = VECTOR('',#15313,1.);
#15313 = DIRECTION('',(-1.110223024625E-16,-1.,0.));
#15314 = ORIENTED_EDGE('',*,*,#14876,.T.);
#15315 = ORIENTED_EDGE('',*,*,#14899,.T.);
#15316 = PLANE('',#15317);
#15317 = AXIS2_PLACEMENT_3D('',#15318,#15319,#15320);
#15318 = CARTESIAN_POINT('',(-3.641068927844E-16,-2.54,0.9));
#15319 = DIRECTION('',(0.,0.,1.));
#15320 = DIRECTION('',(1.110223024625E-16,1.,-0.));
#15321 = ADVANCED_FACE('',(#15322),#15365,.T.);
#15322 = FACE_BOUND('',#15323,.T.);
#15323 = EDGE_LOOP('',(#15324,#15325,#15333,#15341,#15349,#15357,#15363,
    #15364));
#15324 = ORIENTED_EDGE('',*,*,#14932,.F.);
#15325 = ORIENTED_EDGE('',*,*,#15326,.T.);
#15326 = EDGE_CURVE('',#14933,#15327,#15329,.T.);
#15327 = VERTEX_POINT('',#15328);
#15328 = CARTESIAN_POINT('',(-0.1,-2.79,7.35));
#15329 = LINE('',#15330,#15331);
#15330 = CARTESIAN_POINT('',(-0.1,-2.84,7.4));
#15331 = VECTOR('',#15332,1.);
#15332 = DIRECTION('',(7.850462293414E-17,0.707106781187,-0.707106781187
    ));
#15333 = ORIENTED_EDGE('',*,*,#15334,.T.);
#15334 = EDGE_CURVE('',#15327,#15335,#15337,.T.);
#15335 = VERTEX_POINT('',#15336);
#15336 = CARTESIAN_POINT('',(-0.1,-2.79,1.25));
#15337 = LINE('',#15338,#15339);
#15338 = CARTESIAN_POINT('',(-0.1,-2.79,7.35));
#15339 = VECTOR('',#15340,1.);
#15340 = DIRECTION('',(0.,0.,-1.));
#15341 = ORIENTED_EDGE('',*,*,#15342,.T.);
#15342 = EDGE_CURVE('',#15335,#15343,#15345,.T.);
#15343 = VERTEX_POINT('',#15344);
#15344 = CARTESIAN_POINT('',(-0.1,-2.29,1.25));
#15345 = LINE('',#15346,#15347);
#15346 = CARTESIAN_POINT('',(-0.1,-2.79,1.25));
#15347 = VECTOR('',#15348,1.);
#15348 = DIRECTION('',(1.110223024625E-16,1.,0.));
#15349 = ORIENTED_EDGE('',*,*,#15350,.T.);
#15350 = EDGE_CURVE('',#15343,#15351,#15353,.T.);
#15351 = VERTEX_POINT('',#15352);
#15352 = CARTESIAN_POINT('',(-0.1,-2.29,7.35));
#15353 = LINE('',#15354,#15355);
#15354 = CARTESIAN_POINT('',(-0.1,-2.29,1.25));
#15355 = VECTOR('',#15356,1.);
#15356 = DIRECTION('',(0.,0.,1.));
#15357 = ORIENTED_EDGE('',*,*,#15358,.T.);
#15358 = EDGE_CURVE('',#15351,#14861,#15359,.T.);
#15359 = LINE('',#15360,#15361);
#15360 = CARTESIAN_POINT('',(-0.1,-2.29,7.35));
#15361 = VECTOR('',#15362,1.);
#15362 = DIRECTION('',(7.850462293414E-17,0.707106781187,0.707106781187)
  );
#15363 = ORIENTED_EDGE('',*,*,#14868,.F.);
#15364 = ORIENTED_EDGE('',*,*,#15309,.T.);
#15365 = PLANE('',#15366);
#15366 = AXIS2_PLACEMENT_3D('',#15367,#15368,#15369);
#15367 = CARTESIAN_POINT('',(-0.1,-2.54,3.911477598424));
#15368 = DIRECTION('',(-1.,1.110223024625E-16,0.));
#15369 = DIRECTION('',(0.,0.,1.));
#15370 = ADVANCED_FACE('',(#15371),#15389,.T.);
#15371 = FACE_BOUND('',#15372,.T.);
#15372 = EDGE_LOOP('',(#15373,#15381,#15387,#15388));
#15373 = ORIENTED_EDGE('',*,*,#15374,.T.);
#15374 = EDGE_CURVE('',#15351,#15375,#15377,.T.);
#15375 = VERTEX_POINT('',#15376);
#15376 = CARTESIAN_POINT('',(0.1,-2.29,7.35));
#15377 = LINE('',#15378,#15379);
#15378 = CARTESIAN_POINT('',(-0.1,-2.29,7.35));
#15379 = VECTOR('',#15380,1.);
#15380 = DIRECTION('',(1.,-1.110223024625E-16,0.));
#15381 = ORIENTED_EDGE('',*,*,#15382,.T.);
#15382 = EDGE_CURVE('',#15375,#14853,#15383,.T.);
#15383 = LINE('',#15384,#15385);
#15384 = CARTESIAN_POINT('',(0.1,-2.29,7.35));
#15385 = VECTOR('',#15386,1.);
#15386 = DIRECTION('',(7.850462293414E-17,0.707106781187,0.707106781187)
  );
#15387 = ORIENTED_EDGE('',*,*,#14860,.F.);
#15388 = ORIENTED_EDGE('',*,*,#15358,.F.);
#15389 = PLANE('',#15390);
#15390 = AXIS2_PLACEMENT_3D('',#15391,#15392,#15393);
#15391 = CARTESIAN_POINT('',(-0.1,-2.29,7.35));
#15392 = DIRECTION('',(-7.850462293414E-17,-0.707106781187,
    0.707106781187));
#15393 = DIRECTION('',(7.850462293414E-17,0.707106781187,0.707106781187)
  );
#15394 = ADVANCED_FACE('',(#15395),#15431,.F.);
#15395 = FACE_BOUND('',#15396,.F.);
#15396 = EDGE_LOOP('',(#15397,#15398,#15406,#15414,#15422,#15428,#15429,
    #15430));
#15397 = ORIENTED_EDGE('',*,*,#14948,.F.);
#15398 = ORIENTED_EDGE('',*,*,#15399,.T.);
#15399 = EDGE_CURVE('',#14941,#15400,#15402,.T.);
#15400 = VERTEX_POINT('',#15401);
#15401 = CARTESIAN_POINT('',(0.1,-2.79,7.35));
#15402 = LINE('',#15403,#15404);
#15403 = CARTESIAN_POINT('',(0.1,-2.84,7.4));
#15404 = VECTOR('',#15405,1.);
#15405 = DIRECTION('',(7.850462293414E-17,0.707106781187,-0.707106781187
    ));
#15406 = ORIENTED_EDGE('',*,*,#15407,.T.);
#15407 = EDGE_CURVE('',#15400,#15408,#15410,.T.);
#15408 = VERTEX_POINT('',#15409);
#15409 = CARTESIAN_POINT('',(0.1,-2.79,1.25));
#15410 = LINE('',#15411,#15412);
#15411 = CARTESIAN_POINT('',(0.1,-2.79,7.35));
#15412 = VECTOR('',#15413,1.);
#15413 = DIRECTION('',(0.,0.,-1.));
#15414 = ORIENTED_EDGE('',*,*,#15415,.T.);
#15415 = EDGE_CURVE('',#15408,#15416,#15418,.T.);
#15416 = VERTEX_POINT('',#15417);
#15417 = CARTESIAN_POINT('',(0.1,-2.29,1.25));
#15418 = LINE('',#15419,#15420);
#15419 = CARTESIAN_POINT('',(0.1,-2.79,1.25));
#15420 = VECTOR('',#15421,1.);
#15421 = DIRECTION('',(1.110223024625E-16,1.,0.));
#15422 = ORIENTED_EDGE('',*,*,#15423,.T.);
#15423 = EDGE_CURVE('',#15416,#15375,#15424,.T.);
#15424 = LINE('',#15425,#15426);
#15425 = CARTESIAN_POINT('',(0.1,-2.29,1.25));
#15426 = VECTOR('',#15427,1.);
#15427 = DIRECTION('',(0.,0.,1.));
#15428 = ORIENTED_EDGE('',*,*,#15382,.T.);
#15429 = ORIENTED_EDGE('',*,*,#14852,.F.);
#15430 = ORIENTED_EDGE('',*,*,#15294,.T.);
#15431 = PLANE('',#15432);
#15432 = AXIS2_PLACEMENT_3D('',#15433,#15434,#15435);
#15433 = CARTESIAN_POINT('',(0.1,-2.54,3.911477598424));
#15434 = DIRECTION('',(-1.,1.110223024625E-16,0.));
#15435 = DIRECTION('',(0.,0.,1.));
#15436 = ADVANCED_FACE('',(#15437),#15448,.T.);
#15437 = FACE_BOUND('',#15438,.T.);
#15438 = EDGE_LOOP('',(#15439,#15440,#15441,#15447));
#15439 = ORIENTED_EDGE('',*,*,#14940,.T.);
#15440 = ORIENTED_EDGE('',*,*,#15399,.T.);
#15441 = ORIENTED_EDGE('',*,*,#15442,.F.);
#15442 = EDGE_CURVE('',#15327,#15400,#15443,.T.);
#15443 = LINE('',#15444,#15445);
#15444 = CARTESIAN_POINT('',(-0.1,-2.79,7.35));
#15445 = VECTOR('',#15446,1.);
#15446 = DIRECTION('',(1.,-1.110223024625E-16,0.));
#15447 = ORIENTED_EDGE('',*,*,#15326,.F.);
#15448 = PLANE('',#15449);
#15449 = AXIS2_PLACEMENT_3D('',#15450,#15451,#15452);
#15450 = CARTESIAN_POINT('',(-0.1,-2.84,7.4));
#15451 = DIRECTION('',(7.850462293414E-17,0.707106781187,0.707106781187)
  );
#15452 = DIRECTION('',(7.850462293414E-17,0.707106781187,-0.707106781187
    ));
#15453 = ADVANCED_FACE('',(#15454),#15465,.T.);
#15454 = FACE_BOUND('',#15455,.T.);
#15455 = EDGE_LOOP('',(#15456,#15457,#15458,#15459));
#15456 = ORIENTED_EDGE('',*,*,#15116,.T.);
#15457 = ORIENTED_EDGE('',*,*,#14979,.T.);
#15458 = ORIENTED_EDGE('',*,*,#15004,.T.);
#15459 = ORIENTED_EDGE('',*,*,#15460,.T.);
#15460 = EDGE_CURVE('',#15005,#15109,#15461,.T.);
#15461 = LINE('',#15462,#15463);
#15462 = CARTESIAN_POINT('',(0.1,-1.110223024625E-17,0.9));
#15463 = VECTOR('',#15464,1.);
#15464 = DIRECTION('',(-1.110223024625E-16,-1.,0.));
#15465 = PLANE('',#15466);
#15466 = AXIS2_PLACEMENT_3D('',#15467,#15468,#15469);
#15467 = CARTESIAN_POINT('',(-8.211024452957E-17,9.116068403433E-33,0.9)
  );
#15468 = DIRECTION('',(0.,0.,1.));
#15469 = DIRECTION('',(1.110223024625E-16,1.,-0.));
#15470 = ADVANCED_FACE('',(#15471),#15482,.T.);
#15471 = FACE_BOUND('',#15472,.T.);
#15472 = EDGE_LOOP('',(#15473,#15474,#15480,#15481));
#15473 = ORIENTED_EDGE('',*,*,#15084,.T.);
#15474 = ORIENTED_EDGE('',*,*,#15475,.F.);
#15475 = EDGE_CURVE('',#15029,#15085,#15476,.T.);
#15476 = LINE('',#15477,#15478);
#15477 = CARTESIAN_POINT('',(-0.1,1.110223024625E-17,0.9));
#15478 = VECTOR('',#15479,1.);
#15479 = DIRECTION('',(-1.110223024625E-16,-1.,0.));
#15480 = ORIENTED_EDGE('',*,*,#15036,.T.);
#15481 = ORIENTED_EDGE('',*,*,#15059,.T.);
#15482 = PLANE('',#15483);
#15483 = AXIS2_PLACEMENT_3D('',#15484,#15485,#15486);
#15484 = CARTESIAN_POINT('',(-8.211024452957E-17,9.116068403433E-33,0.9)
  );
#15485 = DIRECTION('',(0.,0.,1.));
#15486 = DIRECTION('',(1.110223024625E-16,1.,-0.));
#15487 = ADVANCED_FACE('',(#15488),#15531,.T.);
#15488 = FACE_BOUND('',#15489,.T.);
#15489 = EDGE_LOOP('',(#15490,#15491,#15499,#15507,#15515,#15523,#15529,
    #15530));
#15490 = ORIENTED_EDGE('',*,*,#15092,.F.);
#15491 = ORIENTED_EDGE('',*,*,#15492,.T.);
#15492 = EDGE_CURVE('',#15093,#15493,#15495,.T.);
#15493 = VERTEX_POINT('',#15494);
#15494 = CARTESIAN_POINT('',(-0.1,-0.25,7.35));
#15495 = LINE('',#15496,#15497);
#15496 = CARTESIAN_POINT('',(-0.1,-0.3,7.4));
#15497 = VECTOR('',#15498,1.);
#15498 = DIRECTION('',(7.850462293414E-17,0.707106781187,-0.707106781187
    ));
#15499 = ORIENTED_EDGE('',*,*,#15500,.T.);
#15500 = EDGE_CURVE('',#15493,#15501,#15503,.T.);
#15501 = VERTEX_POINT('',#15502);
#15502 = CARTESIAN_POINT('',(-0.1,-0.25,1.25));
#15503 = LINE('',#15504,#15505);
#15504 = CARTESIAN_POINT('',(-0.1,-0.25,7.35));
#15505 = VECTOR('',#15506,1.);
#15506 = DIRECTION('',(0.,0.,-1.));
#15507 = ORIENTED_EDGE('',*,*,#15508,.T.);
#15508 = EDGE_CURVE('',#15501,#15509,#15511,.T.);
#15509 = VERTEX_POINT('',#15510);
#15510 = CARTESIAN_POINT('',(-0.1,0.25,1.25));
#15511 = LINE('',#15512,#15513);
#15512 = CARTESIAN_POINT('',(-0.1,-0.25,1.25));
#15513 = VECTOR('',#15514,1.);
#15514 = DIRECTION('',(1.110223024625E-16,1.,0.));
#15515 = ORIENTED_EDGE('',*,*,#15516,.T.);
#15516 = EDGE_CURVE('',#15509,#15517,#15519,.T.);
#15517 = VERTEX_POINT('',#15518);
#15518 = CARTESIAN_POINT('',(-0.1,0.25,7.35));
#15519 = LINE('',#15520,#15521);
#15520 = CARTESIAN_POINT('',(-0.1,0.25,1.25));
#15521 = VECTOR('',#15522,1.);
#15522 = DIRECTION('',(0.,0.,1.));
#15523 = ORIENTED_EDGE('',*,*,#15524,.T.);
#15524 = EDGE_CURVE('',#15517,#15021,#15525,.T.);
#15525 = LINE('',#15526,#15527);
#15526 = CARTESIAN_POINT('',(-0.1,0.25,7.35));
#15527 = VECTOR('',#15528,1.);
#15528 = DIRECTION('',(7.850462293414E-17,0.707106781187,0.707106781187)
  );
#15529 = ORIENTED_EDGE('',*,*,#15028,.F.);
#15530 = ORIENTED_EDGE('',*,*,#15475,.T.);
#15531 = PLANE('',#15532);
#15532 = AXIS2_PLACEMENT_3D('',#15533,#15534,#15535);
#15533 = CARTESIAN_POINT('',(-0.1,1.110223024625E-17,3.911477598424));
#15534 = DIRECTION('',(-1.,1.110223024625E-16,0.));
#15535 = DIRECTION('',(0.,0.,1.));
#15536 = ADVANCED_FACE('',(#15537),#15555,.T.);
#15537 = FACE_BOUND('',#15538,.T.);
#15538 = EDGE_LOOP('',(#15539,#15547,#15553,#15554));
#15539 = ORIENTED_EDGE('',*,*,#15540,.T.);
#15540 = EDGE_CURVE('',#15517,#15541,#15543,.T.);
#15541 = VERTEX_POINT('',#15542);
#15542 = CARTESIAN_POINT('',(0.1,0.25,7.35));
#15543 = LINE('',#15544,#15545);
#15544 = CARTESIAN_POINT('',(-0.1,0.25,7.35));
#15545 = VECTOR('',#15546,1.);
#15546 = DIRECTION('',(1.,-1.110223024625E-16,0.));
#15547 = ORIENTED_EDGE('',*,*,#15548,.T.);
#15548 = EDGE_CURVE('',#15541,#15013,#15549,.T.);
#15549 = LINE('',#15550,#15551);
#15550 = CARTESIAN_POINT('',(0.1,0.25,7.35));
#15551 = VECTOR('',#15552,1.);
#15552 = DIRECTION('',(7.850462293414E-17,0.707106781187,0.707106781187)
  );
#15553 = ORIENTED_EDGE('',*,*,#15020,.F.);
#15554 = ORIENTED_EDGE('',*,*,#15524,.F.);
#15555 = PLANE('',#15556);
#15556 = AXIS2_PLACEMENT_3D('',#15557,#15558,#15559);
#15557 = CARTESIAN_POINT('',(-0.1,0.25,7.35));
#15558 = DIRECTION('',(-7.850462293414E-17,-0.707106781187,
    0.707106781187));
#15559 = DIRECTION('',(7.850462293414E-17,0.707106781187,0.707106781187)
  );
#15560 = ADVANCED_FACE('',(#15561),#15597,.F.);
#15561 = FACE_BOUND('',#15562,.F.);
#15562 = EDGE_LOOP('',(#15563,#15564,#15572,#15580,#15588,#15594,#15595,
    #15596));
#15563 = ORIENTED_EDGE('',*,*,#15108,.F.);
#15564 = ORIENTED_EDGE('',*,*,#15565,.T.);
#15565 = EDGE_CURVE('',#15101,#15566,#15568,.T.);
#15566 = VERTEX_POINT('',#15567);
#15567 = CARTESIAN_POINT('',(0.1,-0.25,7.35));
#15568 = LINE('',#15569,#15570);
#15569 = CARTESIAN_POINT('',(0.1,-0.3,7.4));
#15570 = VECTOR('',#15571,1.);
#15571 = DIRECTION('',(7.850462293414E-17,0.707106781187,-0.707106781187
    ));
#15572 = ORIENTED_EDGE('',*,*,#15573,.T.);
#15573 = EDGE_CURVE('',#15566,#15574,#15576,.T.);
#15574 = VERTEX_POINT('',#15575);
#15575 = CARTESIAN_POINT('',(0.1,-0.25,1.25));
#15576 = LINE('',#15577,#15578);
#15577 = CARTESIAN_POINT('',(0.1,-0.25,7.35));
#15578 = VECTOR('',#15579,1.);
#15579 = DIRECTION('',(0.,0.,-1.));
#15580 = ORIENTED_EDGE('',*,*,#15581,.T.);
#15581 = EDGE_CURVE('',#15574,#15582,#15584,.T.);
#15582 = VERTEX_POINT('',#15583);
#15583 = CARTESIAN_POINT('',(0.1,0.25,1.25));
#15584 = LINE('',#15585,#15586);
#15585 = CARTESIAN_POINT('',(0.1,-0.25,1.25));
#15586 = VECTOR('',#15587,1.);
#15587 = DIRECTION('',(1.110223024625E-16,1.,0.));
#15588 = ORIENTED_EDGE('',*,*,#15589,.T.);
#15589 = EDGE_CURVE('',#15582,#15541,#15590,.T.);
#15590 = LINE('',#15591,#15592);
#15591 = CARTESIAN_POINT('',(0.1,0.25,1.25));
#15592 = VECTOR('',#15593,1.);
#15593 = DIRECTION('',(0.,0.,1.));
#15594 = ORIENTED_EDGE('',*,*,#15548,.T.);
#15595 = ORIENTED_EDGE('',*,*,#15012,.F.);
#15596 = ORIENTED_EDGE('',*,*,#15460,.T.);
#15597 = PLANE('',#15598);
#15598 = AXIS2_PLACEMENT_3D('',#15599,#15600,#15601);
#15599 = CARTESIAN_POINT('',(0.1,-1.110223024625E-17,3.911477598424));
#15600 = DIRECTION('',(-1.,1.110223024625E-16,0.));
#15601 = DIRECTION('',(0.,0.,1.));
#15602 = ADVANCED_FACE('',(#15603),#15614,.T.);
#15603 = FACE_BOUND('',#15604,.T.);
#15604 = EDGE_LOOP('',(#15605,#15606,#15607,#15613));
#15605 = ORIENTED_EDGE('',*,*,#15100,.T.);
#15606 = ORIENTED_EDGE('',*,*,#15565,.T.);
#15607 = ORIENTED_EDGE('',*,*,#15608,.F.);
#15608 = EDGE_CURVE('',#15493,#15566,#15609,.T.);
#15609 = LINE('',#15610,#15611);
#15610 = CARTESIAN_POINT('',(-0.1,-0.25,7.35));
#15611 = VECTOR('',#15612,1.);
#15612 = DIRECTION('',(1.,-1.110223024625E-16,0.));
#15613 = ORIENTED_EDGE('',*,*,#15492,.F.);
#15614 = PLANE('',#15615);
#15615 = AXIS2_PLACEMENT_3D('',#15616,#15617,#15618);
#15616 = CARTESIAN_POINT('',(-0.1,-0.3,7.4));
#15617 = DIRECTION('',(7.850462293414E-17,0.707106781187,0.707106781187)
  );
#15618 = DIRECTION('',(7.850462293414E-17,0.707106781187,-0.707106781187
    ));
#15619 = ADVANCED_FACE('',(#15620),#15631,.T.);
#15620 = FACE_BOUND('',#15621,.T.);
#15621 = EDGE_LOOP('',(#15622,#15628,#15629,#15630));
#15622 = ORIENTED_EDGE('',*,*,#15623,.T.);
#15623 = EDGE_CURVE('',#15343,#15416,#15624,.T.);
#15624 = LINE('',#15625,#15626);
#15625 = CARTESIAN_POINT('',(-0.1,-2.29,1.25));
#15626 = VECTOR('',#15627,1.);
#15627 = DIRECTION('',(1.,-1.110223024625E-16,0.));
#15628 = ORIENTED_EDGE('',*,*,#15423,.T.);
#15629 = ORIENTED_EDGE('',*,*,#15374,.F.);
#15630 = ORIENTED_EDGE('',*,*,#15350,.F.);
#15631 = PLANE('',#15632);
#15632 = AXIS2_PLACEMENT_3D('',#15633,#15634,#15635);
#15633 = CARTESIAN_POINT('',(-0.1,-2.29,1.25));
#15634 = DIRECTION('',(-1.110223024625E-16,-1.,0.));
#15635 = DIRECTION('',(0.,0.,1.));
#15636 = ADVANCED_FACE('',(#15637),#15648,.T.);
#15637 = FACE_BOUND('',#15638,.T.);
#15638 = EDGE_LOOP('',(#15639,#15645,#15646,#15647));
#15639 = ORIENTED_EDGE('',*,*,#15640,.T.);
#15640 = EDGE_CURVE('',#15335,#15408,#15641,.T.);
#15641 = LINE('',#15642,#15643);
#15642 = CARTESIAN_POINT('',(-0.1,-2.79,1.25));
#15643 = VECTOR('',#15644,1.);
#15644 = DIRECTION('',(1.,-1.110223024625E-16,0.));
#15645 = ORIENTED_EDGE('',*,*,#15415,.T.);
#15646 = ORIENTED_EDGE('',*,*,#15623,.F.);
#15647 = ORIENTED_EDGE('',*,*,#15342,.F.);
#15648 = PLANE('',#15649);
#15649 = AXIS2_PLACEMENT_3D('',#15650,#15651,#15652);
#15650 = CARTESIAN_POINT('',(-0.1,-2.79,1.25));
#15651 = DIRECTION('',(0.,0.,1.));
#15652 = DIRECTION('',(1.110223024625E-16,1.,-0.));
#15653 = ADVANCED_FACE('',(#15654),#15660,.T.);
#15654 = FACE_BOUND('',#15655,.T.);
#15655 = EDGE_LOOP('',(#15656,#15657,#15658,#15659));
#15656 = ORIENTED_EDGE('',*,*,#15442,.T.);
#15657 = ORIENTED_EDGE('',*,*,#15407,.T.);
#15658 = ORIENTED_EDGE('',*,*,#15640,.F.);
#15659 = ORIENTED_EDGE('',*,*,#15334,.F.);
#15660 = PLANE('',#15661);
#15661 = AXIS2_PLACEMENT_3D('',#15662,#15663,#15664);
#15662 = CARTESIAN_POINT('',(-0.1,-2.79,7.35));
#15663 = DIRECTION('',(1.110223024625E-16,1.,0.));
#15664 = DIRECTION('',(0.,0.,-1.));
#15665 = ADVANCED_FACE('',(#15666),#15677,.T.);
#15666 = FACE_BOUND('',#15667,.T.);
#15667 = EDGE_LOOP('',(#15668,#15674,#15675,#15676));
#15668 = ORIENTED_EDGE('',*,*,#15669,.T.);
#15669 = EDGE_CURVE('',#15509,#15582,#15670,.T.);
#15670 = LINE('',#15671,#15672);
#15671 = CARTESIAN_POINT('',(-0.1,0.25,1.25));
#15672 = VECTOR('',#15673,1.);
#15673 = DIRECTION('',(1.,-1.110223024625E-16,0.));
#15674 = ORIENTED_EDGE('',*,*,#15589,.T.);
#15675 = ORIENTED_EDGE('',*,*,#15540,.F.);
#15676 = ORIENTED_EDGE('',*,*,#15516,.F.);
#15677 = PLANE('',#15678);
#15678 = AXIS2_PLACEMENT_3D('',#15679,#15680,#15681);
#15679 = CARTESIAN_POINT('',(-0.1,0.25,1.25));
#15680 = DIRECTION('',(-1.110223024625E-16,-1.,0.));
#15681 = DIRECTION('',(0.,0.,1.));
#15682 = ADVANCED_FACE('',(#15683),#15694,.T.);
#15683 = FACE_BOUND('',#15684,.T.);
#15684 = EDGE_LOOP('',(#15685,#15691,#15692,#15693));
#15685 = ORIENTED_EDGE('',*,*,#15686,.T.);
#15686 = EDGE_CURVE('',#15501,#15574,#15687,.T.);
#15687 = LINE('',#15688,#15689);
#15688 = CARTESIAN_POINT('',(-0.1,-0.25,1.25));
#15689 = VECTOR('',#15690,1.);
#15690 = DIRECTION('',(1.,-1.110223024625E-16,0.));
#15691 = ORIENTED_EDGE('',*,*,#15581,.T.);
#15692 = ORIENTED_EDGE('',*,*,#15669,.F.);
#15693 = ORIENTED_EDGE('',*,*,#15508,.F.);
#15694 = PLANE('',#15695);
#15695 = AXIS2_PLACEMENT_3D('',#15696,#15697,#15698);
#15696 = CARTESIAN_POINT('',(-0.1,-0.25,1.25));
#15697 = DIRECTION('',(0.,0.,1.));
#15698 = DIRECTION('',(1.110223024625E-16,1.,-0.));
#15699 = ADVANCED_FACE('',(#15700),#15706,.T.);
#15700 = FACE_BOUND('',#15701,.T.);
#15701 = EDGE_LOOP('',(#15702,#15703,#15704,#15705));
#15702 = ORIENTED_EDGE('',*,*,#15608,.T.);
#15703 = ORIENTED_EDGE('',*,*,#15573,.T.);
#15704 = ORIENTED_EDGE('',*,*,#15686,.F.);
#15705 = ORIENTED_EDGE('',*,*,#15500,.F.);
#15706 = PLANE('',#15707);
#15707 = AXIS2_PLACEMENT_3D('',#15708,#15709,#15710);
#15708 = CARTESIAN_POINT('',(-0.1,-0.25,7.35));
#15709 = DIRECTION('',(1.110223024625E-16,1.,0.));
#15710 = DIRECTION('',(0.,0.,-1.));
#15711 = ( GEOMETRIC_REPRESENTATION_CONTEXT(3) 
GLOBAL_UNCERTAINTY_ASSIGNED_CONTEXT((#15715)) 
GLOBAL_UNIT_ASSIGNED_CONTEXT((#15712,#15713,#15714)) 
REPRESENTATION_CONTEXT('Context #1',
  '3D Context with UNIT and UNCERTAINTY') );
#15712 = ( LENGTH_UNIT() NAMED_UNIT(*) SI_UNIT(.MILLI.,.METRE.) );
#15713 = ( NAMED_UNIT(*) PLANE_ANGLE_UNIT() SI_UNIT($,.RADIAN.) );
#15714 = ( NAMED_UNIT(*) SI_UNIT($,.STERADIAN.) SOLID_ANGLE_UNIT() );
#15715 = UNCERTAINTY_MEASURE_WITH_UNIT(LENGTH_MEASURE(1.E-07),#15712,
  'distance_accuracy_value','confusion accuracy');
#15716 = CONTEXT_DEPENDENT_SHAPE_REPRESENTATION(#15717,#15719);
#15717 = ( REPRESENTATION_RELATIONSHIP('','',#13876,#10) 
REPRESENTATION_RELATIONSHIP_WITH_TRANSFORMATION(#15718) 
SHAPE_REPRESENTATION_RELATIONSHIP() );
#15718 = ITEM_DEFINED_TRANSFORMATION('','',#11,#43);
#15719 = PRODUCT_DEFINITION_SHAPE('Placement','Placement of an item',
  #15720);
#15720 = NEXT_ASSEMBLY_USAGE_OCCURRENCE('8','BUZZER1','',#5,#13871,$);
#15721 = PRODUCT_RELATED_PRODUCT_CATEGORY('part',$,(#13873));
#15722 = SHAPE_DEFINITION_REPRESENTATION(#15723,#15729);
#15723 = PRODUCT_DEFINITION_SHAPE('','',#15724);
#15724 = PRODUCT_DEFINITION('design','',#15725,#15728);
#15725 = PRODUCT_DEFINITION_FORMATION('','',#15726);
#15726 = PRODUCT('PinHeader_1x02_P2.54mm_Vertical',
  'PinHeader_1x02_P2.54mm_Vertical','',(#15727));
#15727 = PRODUCT_CONTEXT('',#2,'mechanical');
#15728 = PRODUCT_DEFINITION_CONTEXT('part definition',#2,'design');
#15729 = ADVANCED_BREP_SHAPE_REPRESENTATION('',(#11,#15730),#17162);
#15730 = MANIFOLD_SOLID_BREP('',#15731);
#15731 = CLOSED_SHELL('',(#15732,#15772,#15803,#15834,#15999,#16164,
    #16181,#16198,#16215,#16232,#16249,#16266,#16283,#16300,#16317,
    #16334,#16346,#16377,#16401,#16425,#16442,#16473,#16497,#16521,
    #16538,#16569,#16593,#16617,#16634,#16665,#16689,#16713,#16730,
    #16761,#16785,#16809,#16826,#16857,#16881,#16905,#16922,#16953,
    #16977,#17001,#17018,#17049,#17073,#17097,#17114,#17126,#17138,
    #17150));
#15732 = ADVANCED_FACE('',(#15733),#15767,.F.);
#15733 = FACE_BOUND('',#15734,.F.);
#15734 = EDGE_LOOP('',(#15735,#15745,#15753,#15761));
#15735 = ORIENTED_EDGE('',*,*,#15736,.T.);
#15736 = EDGE_CURVE('',#15737,#15739,#15741,.T.);
#15737 = VERTEX_POINT('',#15738);
#15738 = CARTESIAN_POINT('',(-1.016,1.27,0.));
#15739 = VERTEX_POINT('',#15740);
#15740 = CARTESIAN_POINT('',(-1.016,1.27,2.54));
#15741 = LINE('',#15742,#15743);
#15742 = CARTESIAN_POINT('',(-1.016,1.27,0.));
#15743 = VECTOR('',#15744,1.);
#15744 = DIRECTION('',(0.,0.,1.));
#15745 = ORIENTED_EDGE('',*,*,#15746,.T.);
#15746 = EDGE_CURVE('',#15739,#15747,#15749,.T.);
#15747 = VERTEX_POINT('',#15748);
#15748 = CARTESIAN_POINT('',(-1.27,1.016,2.54));
#15749 = LINE('',#15750,#15751);
#15750 = CARTESIAN_POINT('',(-1.016,1.27,2.54));
#15751 = VECTOR('',#15752,1.);
#15752 = DIRECTION('',(-0.707106781187,-0.707106781187,0.));
#15753 = ORIENTED_EDGE('',*,*,#15754,.F.);
#15754 = EDGE_CURVE('',#15755,#15747,#15757,.T.);
#15755 = VERTEX_POINT('',#15756);
#15756 = CARTESIAN_POINT('',(-1.27,1.016,0.));
#15757 = LINE('',#15758,#15759);
#15758 = CARTESIAN_POINT('',(-1.27,1.016,0.));
#15759 = VECTOR('',#15760,1.);
#15760 = DIRECTION('',(0.,0.,1.));
#15761 = ORIENTED_EDGE('',*,*,#15762,.F.);
#15762 = EDGE_CURVE('',#15737,#15755,#15763,.T.);
#15763 = LINE('',#15764,#15765);
#15764 = CARTESIAN_POINT('',(-1.016,1.27,0.));
#15765 = VECTOR('',#15766,1.);
#15766 = DIRECTION('',(-0.707106781187,-0.707106781187,0.));
#15767 = PLANE('',#15768);
#15768 = AXIS2_PLACEMENT_3D('',#15769,#15770,#15771);
#15769 = CARTESIAN_POINT('',(-1.016,1.27,0.));
#15770 = DIRECTION('',(0.707106781187,-0.707106781187,0.));
#15771 = DIRECTION('',(-0.707106781187,-0.707106781187,0.));
#15772 = ADVANCED_FACE('',(#15773),#15798,.F.);
#15773 = FACE_BOUND('',#15774,.F.);
#15774 = EDGE_LOOP('',(#15775,#15785,#15791,#15792));
#15775 = ORIENTED_EDGE('',*,*,#15776,.T.);
#15776 = EDGE_CURVE('',#15777,#15779,#15781,.T.);
#15777 = VERTEX_POINT('',#15778);
#15778 = CARTESIAN_POINT('',(1.016,1.27,0.));
#15779 = VERTEX_POINT('',#15780);
#15780 = CARTESIAN_POINT('',(1.016,1.27,2.54));
#15781 = LINE('',#15782,#15783);
#15782 = CARTESIAN_POINT('',(1.016,1.27,0.));
#15783 = VECTOR('',#15784,1.);
#15784 = DIRECTION('',(0.,0.,1.));
#15785 = ORIENTED_EDGE('',*,*,#15786,.T.);
#15786 = EDGE_CURVE('',#15779,#15739,#15787,.T.);
#15787 = LINE('',#15788,#15789);
#15788 = CARTESIAN_POINT('',(1.016,1.27,2.54));
#15789 = VECTOR('',#15790,1.);
#15790 = DIRECTION('',(-1.,0.,0.));
#15791 = ORIENTED_EDGE('',*,*,#15736,.F.);
#15792 = ORIENTED_EDGE('',*,*,#15793,.F.);
#15793 = EDGE_CURVE('',#15777,#15737,#15794,.T.);
#15794 = LINE('',#15795,#15796);
#15795 = CARTESIAN_POINT('',(1.016,1.27,0.));
#15796 = VECTOR('',#15797,1.);
#15797 = DIRECTION('',(-1.,0.,0.));
#15798 = PLANE('',#15799);
#15799 = AXIS2_PLACEMENT_3D('',#15800,#15801,#15802);
#15800 = CARTESIAN_POINT('',(1.016,1.27,0.));
#15801 = DIRECTION('',(0.,-1.,0.));
#15802 = DIRECTION('',(-1.,0.,0.));
#15803 = ADVANCED_FACE('',(#15804),#15829,.F.);
#15804 = FACE_BOUND('',#15805,.F.);
#15805 = EDGE_LOOP('',(#15806,#15807,#15815,#15823));
#15806 = ORIENTED_EDGE('',*,*,#15754,.T.);
#15807 = ORIENTED_EDGE('',*,*,#15808,.T.);
#15808 = EDGE_CURVE('',#15747,#15809,#15811,.T.);
#15809 = VERTEX_POINT('',#15810);
#15810 = CARTESIAN_POINT('',(-1.27,-1.016,2.54));
#15811 = LINE('',#15812,#15813);
#15812 = CARTESIAN_POINT('',(-1.27,1.016,2.54));
#15813 = VECTOR('',#15814,1.);
#15814 = DIRECTION('',(0.,-1.,0.));
#15815 = ORIENTED_EDGE('',*,*,#15816,.F.);
#15816 = EDGE_CURVE('',#15817,#15809,#15819,.T.);
#15817 = VERTEX_POINT('',#15818);
#15818 = CARTESIAN_POINT('',(-1.27,-1.016,0.));
#15819 = LINE('',#15820,#15821);
#15820 = CARTESIAN_POINT('',(-1.27,-1.016,0.));
#15821 = VECTOR('',#15822,1.);
#15822 = DIRECTION('',(0.,0.,1.));
#15823 = ORIENTED_EDGE('',*,*,#15824,.F.);
#15824 = EDGE_CURVE('',#15755,#15817,#15825,.T.);
#15825 = LINE('',#15826,#15827);
#15826 = CARTESIAN_POINT('',(-1.27,1.016,0.));
#15827 = VECTOR('',#15828,1.);
#15828 = DIRECTION('',(0.,-1.,0.));
#15829 = PLANE('',#15830);
#15830 = AXIS2_PLACEMENT_3D('',#15831,#15832,#15833);
#15831 = CARTESIAN_POINT('',(-1.27,1.016,0.));
#15832 = DIRECTION('',(1.,0.,0.));
#15833 = DIRECTION('',(0.,-1.,0.));
#15834 = ADVANCED_FACE('',(#15835,#15926,#15960),#15994,.F.);
#15835 = FACE_BOUND('',#15836,.F.);
#15836 = EDGE_LOOP('',(#15837,#15838,#15839,#15847,#15855,#15863,#15871,
    #15879,#15887,#15895,#15903,#15911,#15919,#15925));
#15837 = ORIENTED_EDGE('',*,*,#15762,.T.);
#15838 = ORIENTED_EDGE('',*,*,#15824,.T.);
#15839 = ORIENTED_EDGE('',*,*,#15840,.T.);
#15840 = EDGE_CURVE('',#15817,#15841,#15843,.T.);
#15841 = VERTEX_POINT('',#15842);
#15842 = CARTESIAN_POINT('',(-1.016,-1.27,0.));
#15843 = LINE('',#15844,#15845);
#15844 = CARTESIAN_POINT('',(-1.27,-1.016,0.));
#15845 = VECTOR('',#15846,1.);
#15846 = DIRECTION('',(0.707106781187,-0.707106781187,0.));
#15847 = ORIENTED_EDGE('',*,*,#15848,.T.);
#15848 = EDGE_CURVE('',#15841,#15849,#15851,.T.);
#15849 = VERTEX_POINT('',#15850);
#15850 = CARTESIAN_POINT('',(-1.27,-1.524,0.));
#15851 = LINE('',#15852,#15853);
#15852 = CARTESIAN_POINT('',(-1.016,-1.27,0.));
#15853 = VECTOR('',#15854,1.);
#15854 = DIRECTION('',(-0.707106781187,-0.707106781187,0.));
#15855 = ORIENTED_EDGE('',*,*,#15856,.T.);
#15856 = EDGE_CURVE('',#15849,#15857,#15859,.T.);
#15857 = VERTEX_POINT('',#15858);
#15858 = CARTESIAN_POINT('',(-1.27,-3.556,0.));
#15859 = LINE('',#15860,#15861);
#15860 = CARTESIAN_POINT('',(-1.27,-1.524,0.));
#15861 = VECTOR('',#15862,1.);
#15862 = DIRECTION('',(0.,-1.,0.));
#15863 = ORIENTED_EDGE('',*,*,#15864,.T.);
#15864 = EDGE_CURVE('',#15857,#15865,#15867,.T.);
#15865 = VERTEX_POINT('',#15866);
#15866 = CARTESIAN_POINT('',(-1.016,-3.81,0.));
#15867 = LINE('',#15868,#15869);
#15868 = CARTESIAN_POINT('',(-1.27,-3.556,0.));
#15869 = VECTOR('',#15870,1.);
#15870 = DIRECTION('',(0.707106781187,-0.707106781187,0.));
#15871 = ORIENTED_EDGE('',*,*,#15872,.T.);
#15872 = EDGE_CURVE('',#15865,#15873,#15875,.T.);
#15873 = VERTEX_POINT('',#15874);
#15874 = CARTESIAN_POINT('',(1.016,-3.81,0.));
#15875 = LINE('',#15876,#15877);
#15876 = CARTESIAN_POINT('',(-1.016,-3.81,0.));
#15877 = VECTOR('',#15878,1.);
#15878 = DIRECTION('',(1.,0.,0.));
#15879 = ORIENTED_EDGE('',*,*,#15880,.T.);
#15880 = EDGE_CURVE('',#15873,#15881,#15883,.T.);
#15881 = VERTEX_POINT('',#15882);
#15882 = CARTESIAN_POINT('',(1.27,-3.556,0.));
#15883 = LINE('',#15884,#15885);
#15884 = CARTESIAN_POINT('',(1.016,-3.81,0.));
#15885 = VECTOR('',#15886,1.);
#15886 = DIRECTION('',(0.707106781187,0.707106781187,0.));
#15887 = ORIENTED_EDGE('',*,*,#15888,.T.);
#15888 = EDGE_CURVE('',#15881,#15889,#15891,.T.);
#15889 = VERTEX_POINT('',#15890);
#15890 = CARTESIAN_POINT('',(1.27,-1.524,0.));
#15891 = LINE('',#15892,#15893);
#15892 = CARTESIAN_POINT('',(1.27,-3.556,0.));
#15893 = VECTOR('',#15894,1.);
#15894 = DIRECTION('',(0.,1.,0.));
#15895 = ORIENTED_EDGE('',*,*,#15896,.T.);
#15896 = EDGE_CURVE('',#15889,#15897,#15899,.T.);
#15897 = VERTEX_POINT('',#15898);
#15898 = CARTESIAN_POINT('',(1.016,-1.27,0.));
#15899 = LINE('',#15900,#15901);
#15900 = CARTESIAN_POINT('',(1.27,-1.524,0.));
#15901 = VECTOR('',#15902,1.);
#15902 = DIRECTION('',(-0.707106781187,0.707106781187,0.));
#15903 = ORIENTED_EDGE('',*,*,#15904,.T.);
#15904 = EDGE_CURVE('',#15897,#15905,#15907,.T.);
#15905 = VERTEX_POINT('',#15906);
#15906 = CARTESIAN_POINT('',(1.27,-1.016,0.));
#15907 = LINE('',#15908,#15909);
#15908 = CARTESIAN_POINT('',(1.016,-1.27,0.));
#15909 = VECTOR('',#15910,1.);
#15910 = DIRECTION('',(0.707106781187,0.707106781187,0.));
#15911 = ORIENTED_EDGE('',*,*,#15912,.T.);
#15912 = EDGE_CURVE('',#15905,#15913,#15915,.T.);
#15913 = VERTEX_POINT('',#15914);
#15914 = CARTESIAN_POINT('',(1.27,1.016,0.));
#15915 = LINE('',#15916,#15917);
#15916 = CARTESIAN_POINT('',(1.27,-1.016,0.));
#15917 = VECTOR('',#15918,1.);
#15918 = DIRECTION('',(0.,1.,0.));
#15919 = ORIENTED_EDGE('',*,*,#15920,.T.);
#15920 = EDGE_CURVE('',#15913,#15777,#15921,.T.);
#15921 = LINE('',#15922,#15923);
#15922 = CARTESIAN_POINT('',(1.27,1.016,0.));
#15923 = VECTOR('',#15924,1.);
#15924 = DIRECTION('',(-0.707106781187,0.707106781187,0.));
#15925 = ORIENTED_EDGE('',*,*,#15793,.T.);
#15926 = FACE_BOUND('',#15927,.F.);
#15927 = EDGE_LOOP('',(#15928,#15938,#15946,#15954));
#15928 = ORIENTED_EDGE('',*,*,#15929,.T.);
#15929 = EDGE_CURVE('',#15930,#15932,#15934,.T.);
#15930 = VERTEX_POINT('',#15931);
#15931 = CARTESIAN_POINT('',(0.32,-0.32,0.));
#15932 = VERTEX_POINT('',#15933);
#15933 = CARTESIAN_POINT('',(-0.32,-0.32,0.));
#15934 = LINE('',#15935,#15936);
#15935 = CARTESIAN_POINT('',(-0.16,-0.32,0.));
#15936 = VECTOR('',#15937,1.);
#15937 = DIRECTION('',(-1.,0.,0.));
#15938 = ORIENTED_EDGE('',*,*,#15939,.T.);
#15939 = EDGE_CURVE('',#15932,#15940,#15942,.T.);
#15940 = VERTEX_POINT('',#15941);
#15941 = CARTESIAN_POINT('',(-0.32,0.32,0.));
#15942 = LINE('',#15943,#15944);
#15943 = CARTESIAN_POINT('',(-0.32,-0.795,0.));
#15944 = VECTOR('',#15945,1.);
#15945 = DIRECTION('',(0.,1.,0.));
#15946 = ORIENTED_EDGE('',*,*,#15947,.F.);
#15947 = EDGE_CURVE('',#15948,#15940,#15950,.T.);
#15948 = VERTEX_POINT('',#15949);
#15949 = CARTESIAN_POINT('',(0.32,0.32,0.));
#15950 = LINE('',#15951,#15952);
#15951 = CARTESIAN_POINT('',(-0.16,0.32,0.));
#15952 = VECTOR('',#15953,1.);
#15953 = DIRECTION('',(-1.,0.,0.));
#15954 = ORIENTED_EDGE('',*,*,#15955,.F.);
#15955 = EDGE_CURVE('',#15930,#15948,#15956,.T.);
#15956 = LINE('',#15957,#15958);
#15957 = CARTESIAN_POINT('',(0.32,-0.795,0.));
#15958 = VECTOR('',#15959,1.);
#15959 = DIRECTION('',(0.,1.,0.));
#15960 = FACE_BOUND('',#15961,.F.);
#15961 = EDGE_LOOP('',(#15962,#15972,#15980,#15988));
#15962 = ORIENTED_EDGE('',*,*,#15963,.T.);
#15963 = EDGE_CURVE('',#15964,#15966,#15968,.T.);
#15964 = VERTEX_POINT('',#15965);
#15965 = CARTESIAN_POINT('',(0.32,-2.86,0.));
#15966 = VERTEX_POINT('',#15967);
#15967 = CARTESIAN_POINT('',(-0.32,-2.86,0.));
#15968 = LINE('',#15969,#15970);
#15969 = CARTESIAN_POINT('',(-0.16,-2.86,0.));
#15970 = VECTOR('',#15971,1.);
#15971 = DIRECTION('',(-1.,0.,0.));
#15972 = ORIENTED_EDGE('',*,*,#15973,.T.);
#15973 = EDGE_CURVE('',#15966,#15974,#15976,.T.);
#15974 = VERTEX_POINT('',#15975);
#15975 = CARTESIAN_POINT('',(-0.32,-2.22,0.));
#15976 = LINE('',#15977,#15978);
#15977 = CARTESIAN_POINT('',(-0.32,-2.065,0.));
#15978 = VECTOR('',#15979,1.);
#15979 = DIRECTION('',(0.,1.,0.));
#15980 = ORIENTED_EDGE('',*,*,#15981,.F.);
#15981 = EDGE_CURVE('',#15982,#15974,#15984,.T.);
#15982 = VERTEX_POINT('',#15983);
#15983 = CARTESIAN_POINT('',(0.32,-2.22,0.));
#15984 = LINE('',#15985,#15986);
#15985 = CARTESIAN_POINT('',(-0.16,-2.22,0.));
#15986 = VECTOR('',#15987,1.);
#15987 = DIRECTION('',(-1.,0.,0.));
#15988 = ORIENTED_EDGE('',*,*,#15989,.F.);
#15989 = EDGE_CURVE('',#15964,#15982,#15990,.T.);
#15990 = LINE('',#15991,#15992);
#15991 = CARTESIAN_POINT('',(0.32,-2.065,0.));
#15992 = VECTOR('',#15993,1.);
#15993 = DIRECTION('',(0.,1.,0.));
#15994 = PLANE('',#15995);
#15995 = AXIS2_PLACEMENT_3D('',#15996,#15997,#15998);
#15996 = CARTESIAN_POINT('',(1.473843703412E-17,-1.27,0.));
#15997 = DIRECTION('',(0.,0.,1.));
#15998 = DIRECTION('',(1.,0.,-0.));
#15999 = ADVANCED_FACE('',(#16000,#16091,#16125),#16159,.T.);
#16000 = FACE_BOUND('',#16001,.T.);
#16001 = EDGE_LOOP('',(#16002,#16003,#16004,#16012,#16020,#16028,#16036,
    #16044,#16052,#16060,#16068,#16076,#16084,#16090));
#16002 = ORIENTED_EDGE('',*,*,#15746,.T.);
#16003 = ORIENTED_EDGE('',*,*,#15808,.T.);
#16004 = ORIENTED_EDGE('',*,*,#16005,.T.);
#16005 = EDGE_CURVE('',#15809,#16006,#16008,.T.);
#16006 = VERTEX_POINT('',#16007);
#16007 = CARTESIAN_POINT('',(-1.016,-1.27,2.54));
#16008 = LINE('',#16009,#16010);
#16009 = CARTESIAN_POINT('',(-1.27,-1.016,2.54));
#16010 = VECTOR('',#16011,1.);
#16011 = DIRECTION('',(0.707106781187,-0.707106781187,0.));
#16012 = ORIENTED_EDGE('',*,*,#16013,.T.);
#16013 = EDGE_CURVE('',#16006,#16014,#16016,.T.);
#16014 = VERTEX_POINT('',#16015);
#16015 = CARTESIAN_POINT('',(-1.27,-1.524,2.54));
#16016 = LINE('',#16017,#16018);
#16017 = CARTESIAN_POINT('',(-1.016,-1.27,2.54));
#16018 = VECTOR('',#16019,1.);
#16019 = DIRECTION('',(-0.707106781187,-0.707106781187,0.));
#16020 = ORIENTED_EDGE('',*,*,#16021,.T.);
#16021 = EDGE_CURVE('',#16014,#16022,#16024,.T.);
#16022 = VERTEX_POINT('',#16023);
#16023 = CARTESIAN_POINT('',(-1.27,-3.556,2.54));
#16024 = LINE('',#16025,#16026);
#16025 = CARTESIAN_POINT('',(-1.27,-1.524,2.54));
#16026 = VECTOR('',#16027,1.);
#16027 = DIRECTION('',(0.,-1.,0.));
#16028 = ORIENTED_EDGE('',*,*,#16029,.T.);
#16029 = EDGE_CURVE('',#16022,#16030,#16032,.T.);
#16030 = VERTEX_POINT('',#16031);
#16031 = CARTESIAN_POINT('',(-1.016,-3.81,2.54));
#16032 = LINE('',#16033,#16034);
#16033 = CARTESIAN_POINT('',(-1.27,-3.556,2.54));
#16034 = VECTOR('',#16035,1.);
#16035 = DIRECTION('',(0.707106781187,-0.707106781187,0.));
#16036 = ORIENTED_EDGE('',*,*,#16037,.T.);
#16037 = EDGE_CURVE('',#16030,#16038,#16040,.T.);
#16038 = VERTEX_POINT('',#16039);
#16039 = CARTESIAN_POINT('',(1.016,-3.81,2.54));
#16040 = LINE('',#16041,#16042);
#16041 = CARTESIAN_POINT('',(-1.016,-3.81,2.54));
#16042 = VECTOR('',#16043,1.);
#16043 = DIRECTION('',(1.,0.,0.));
#16044 = ORIENTED_EDGE('',*,*,#16045,.T.);
#16045 = EDGE_CURVE('',#16038,#16046,#16048,.T.);
#16046 = VERTEX_POINT('',#16047);
#16047 = CARTESIAN_POINT('',(1.27,-3.556,2.54));
#16048 = LINE('',#16049,#16050);
#16049 = CARTESIAN_POINT('',(1.016,-3.81,2.54));
#16050 = VECTOR('',#16051,1.);
#16051 = DIRECTION('',(0.707106781187,0.707106781187,0.));
#16052 = ORIENTED_EDGE('',*,*,#16053,.T.);
#16053 = EDGE_CURVE('',#16046,#16054,#16056,.T.);
#16054 = VERTEX_POINT('',#16055);
#16055 = CARTESIAN_POINT('',(1.27,-1.524,2.54));
#16056 = LINE('',#16057,#16058);
#16057 = CARTESIAN_POINT('',(1.27,-3.556,2.54));
#16058 = VECTOR('',#16059,1.);
#16059 = DIRECTION('',(0.,1.,0.));
#16060 = ORIENTED_EDGE('',*,*,#16061,.T.);
#16061 = EDGE_CURVE('',#16054,#16062,#16064,.T.);
#16062 = VERTEX_POINT('',#16063);
#16063 = CARTESIAN_POINT('',(1.016,-1.27,2.54));
#16064 = LINE('',#16065,#16066);
#16065 = CARTESIAN_POINT('',(1.27,-1.524,2.54));
#16066 = VECTOR('',#16067,1.);
#16067 = DIRECTION('',(-0.707106781187,0.707106781187,0.));
#16068 = ORIENTED_EDGE('',*,*,#16069,.T.);
#16069 = EDGE_CURVE('',#16062,#16070,#16072,.T.);
#16070 = VERTEX_POINT('',#16071);
#16071 = CARTESIAN_POINT('',(1.27,-1.016,2.54));
#16072 = LINE('',#16073,#16074);
#16073 = CARTESIAN_POINT('',(1.016,-1.27,2.54));
#16074 = VECTOR('',#16075,1.);
#16075 = DIRECTION('',(0.707106781187,0.707106781187,0.));
#16076 = ORIENTED_EDGE('',*,*,#16077,.T.);
#16077 = EDGE_CURVE('',#16070,#16078,#16080,.T.);
#16078 = VERTEX_POINT('',#16079);
#16079 = CARTESIAN_POINT('',(1.27,1.016,2.54));
#16080 = LINE('',#16081,#16082);
#16081 = CARTESIAN_POINT('',(1.27,-1.016,2.54));
#16082 = VECTOR('',#16083,1.);
#16083 = DIRECTION('',(0.,1.,0.));
#16084 = ORIENTED_EDGE('',*,*,#16085,.T.);
#16085 = EDGE_CURVE('',#16078,#15779,#16086,.T.);
#16086 = LINE('',#16087,#16088);
#16087 = CARTESIAN_POINT('',(1.27,1.016,2.54));
#16088 = VECTOR('',#16089,1.);
#16089 = DIRECTION('',(-0.707106781187,0.707106781187,0.));
#16090 = ORIENTED_EDGE('',*,*,#15786,.T.);
#16091 = FACE_BOUND('',#16092,.T.);
#16092 = EDGE_LOOP('',(#16093,#16103,#16111,#16119));
#16093 = ORIENTED_EDGE('',*,*,#16094,.T.);
#16094 = EDGE_CURVE('',#16095,#16097,#16099,.T.);
#16095 = VERTEX_POINT('',#16096);
#16096 = CARTESIAN_POINT('',(0.32,-0.32,2.54));
#16097 = VERTEX_POINT('',#16098);
#16098 = CARTESIAN_POINT('',(-0.32,-0.32,2.54));
#16099 = LINE('',#16100,#16101);
#16100 = CARTESIAN_POINT('',(-0.16,-0.32,2.54));
#16101 = VECTOR('',#16102,1.);
#16102 = DIRECTION('',(-1.,0.,0.));
#16103 = ORIENTED_EDGE('',*,*,#16104,.T.);
#16104 = EDGE_CURVE('',#16097,#16105,#16107,.T.);
#16105 = VERTEX_POINT('',#16106);
#16106 = CARTESIAN_POINT('',(-0.32,0.32,2.54));
#16107 = LINE('',#16108,#16109);
#16108 = CARTESIAN_POINT('',(-0.32,-0.795,2.54));
#16109 = VECTOR('',#16110,1.);
#16110 = DIRECTION('',(0.,1.,0.));
#16111 = ORIENTED_EDGE('',*,*,#16112,.F.);
#16112 = EDGE_CURVE('',#16113,#16105,#16115,.T.);
#16113 = VERTEX_POINT('',#16114);
#16114 = CARTESIAN_POINT('',(0.32,0.32,2.54));
#16115 = LINE('',#16116,#16117);
#16116 = CARTESIAN_POINT('',(-0.16,0.32,2.54));
#16117 = VECTOR('',#16118,1.);
#16118 = DIRECTION('',(-1.,0.,0.));
#16119 = ORIENTED_EDGE('',*,*,#16120,.F.);
#16120 = EDGE_CURVE('',#16095,#16113,#16121,.T.);
#16121 = LINE('',#16122,#16123);
#16122 = CARTESIAN_POINT('',(0.32,-0.795,2.54));
#16123 = VECTOR('',#16124,1.);
#16124 = DIRECTION('',(0.,1.,0.));
#16125 = FACE_BOUND('',#16126,.T.);
#16126 = EDGE_LOOP('',(#16127,#16137,#16145,#16153));
#16127 = ORIENTED_EDGE('',*,*,#16128,.T.);
#16128 = EDGE_CURVE('',#16129,#16131,#16133,.T.);
#16129 = VERTEX_POINT('',#16130);
#16130 = CARTESIAN_POINT('',(0.32,-2.86,2.54));
#16131 = VERTEX_POINT('',#16132);
#16132 = CARTESIAN_POINT('',(-0.32,-2.86,2.54));
#16133 = LINE('',#16134,#16135);
#16134 = CARTESIAN_POINT('',(-0.16,-2.86,2.54));
#16135 = VECTOR('',#16136,1.);
#16136 = DIRECTION('',(-1.,0.,0.));
#16137 = ORIENTED_EDGE('',*,*,#16138,.T.);
#16138 = EDGE_CURVE('',#16131,#16139,#16141,.T.);
#16139 = VERTEX_POINT('',#16140);
#16140 = CARTESIAN_POINT('',(-0.32,-2.22,2.54));
#16141 = LINE('',#16142,#16143);
#16142 = CARTESIAN_POINT('',(-0.32,-2.065,2.54));
#16143 = VECTOR('',#16144,1.);
#16144 = DIRECTION('',(0.,1.,0.));
#16145 = ORIENTED_EDGE('',*,*,#16146,.F.);
#16146 = EDGE_CURVE('',#16147,#16139,#16149,.T.);
#16147 = VERTEX_POINT('',#16148);
#16148 = CARTESIAN_POINT('',(0.32,-2.22,2.54));
#16149 = LINE('',#16150,#16151);
#16150 = CARTESIAN_POINT('',(-0.16,-2.22,2.54));
#16151 = VECTOR('',#16152,1.);
#16152 = DIRECTION('',(-1.,0.,0.));
#16153 = ORIENTED_EDGE('',*,*,#16154,.F.);
#16154 = EDGE_CURVE('',#16129,#16147,#16155,.T.);
#16155 = LINE('',#16156,#16157);
#16156 = CARTESIAN_POINT('',(0.32,-2.065,2.54));
#16157 = VECTOR('',#16158,1.);
#16158 = DIRECTION('',(0.,1.,0.));
#16159 = PLANE('',#16160);
#16160 = AXIS2_PLACEMENT_3D('',#16161,#16162,#16163);
#16161 = CARTESIAN_POINT('',(1.473843703412E-17,-1.27,2.54));
#16162 = DIRECTION('',(0.,0.,1.));
#16163 = DIRECTION('',(1.,0.,-0.));
#16164 = ADVANCED_FACE('',(#16165),#16176,.F.);
#16165 = FACE_BOUND('',#16166,.F.);
#16166 = EDGE_LOOP('',(#16167,#16173,#16174,#16175));
#16167 = ORIENTED_EDGE('',*,*,#16168,.T.);
#16168 = EDGE_CURVE('',#15913,#16078,#16169,.T.);
#16169 = LINE('',#16170,#16171);
#16170 = CARTESIAN_POINT('',(1.27,1.016,0.));
#16171 = VECTOR('',#16172,1.);
#16172 = DIRECTION('',(0.,0.,1.));
#16173 = ORIENTED_EDGE('',*,*,#16085,.T.);
#16174 = ORIENTED_EDGE('',*,*,#15776,.F.);
#16175 = ORIENTED_EDGE('',*,*,#15920,.F.);
#16176 = PLANE('',#16177);
#16177 = AXIS2_PLACEMENT_3D('',#16178,#16179,#16180);
#16178 = CARTESIAN_POINT('',(1.27,1.016,0.));
#16179 = DIRECTION('',(-0.707106781187,-0.707106781187,0.));
#16180 = DIRECTION('',(-0.707106781187,0.707106781187,0.));
#16181 = ADVANCED_FACE('',(#16182),#16193,.F.);
#16182 = FACE_BOUND('',#16183,.F.);
#16183 = EDGE_LOOP('',(#16184,#16185,#16186,#16192));
#16184 = ORIENTED_EDGE('',*,*,#15816,.T.);
#16185 = ORIENTED_EDGE('',*,*,#16005,.T.);
#16186 = ORIENTED_EDGE('',*,*,#16187,.F.);
#16187 = EDGE_CURVE('',#15841,#16006,#16188,.T.);
#16188 = LINE('',#16189,#16190);
#16189 = CARTESIAN_POINT('',(-1.016,-1.27,0.));
#16190 = VECTOR('',#16191,1.);
#16191 = DIRECTION('',(0.,0.,1.));
#16192 = ORIENTED_EDGE('',*,*,#15840,.F.);
#16193 = PLANE('',#16194);
#16194 = AXIS2_PLACEMENT_3D('',#16195,#16196,#16197);
#16195 = CARTESIAN_POINT('',(-1.27,-1.016,0.));
#16196 = DIRECTION('',(0.707106781187,0.707106781187,0.));
#16197 = DIRECTION('',(0.707106781187,-0.707106781187,0.));
#16198 = ADVANCED_FACE('',(#16199),#16210,.F.);
#16199 = FACE_BOUND('',#16200,.F.);
#16200 = EDGE_LOOP('',(#16201,#16207,#16208,#16209));
#16201 = ORIENTED_EDGE('',*,*,#16202,.T.);
#16202 = EDGE_CURVE('',#15905,#16070,#16203,.T.);
#16203 = LINE('',#16204,#16205);
#16204 = CARTESIAN_POINT('',(1.27,-1.016,0.));
#16205 = VECTOR('',#16206,1.);
#16206 = DIRECTION('',(0.,0.,1.));
#16207 = ORIENTED_EDGE('',*,*,#16077,.T.);
#16208 = ORIENTED_EDGE('',*,*,#16168,.F.);
#16209 = ORIENTED_EDGE('',*,*,#15912,.F.);
#16210 = PLANE('',#16211);
#16211 = AXIS2_PLACEMENT_3D('',#16212,#16213,#16214);
#16212 = CARTESIAN_POINT('',(1.27,-1.016,0.));
#16213 = DIRECTION('',(-1.,0.,0.));
#16214 = DIRECTION('',(0.,1.,0.));
#16215 = ADVANCED_FACE('',(#16216),#16227,.F.);
#16216 = FACE_BOUND('',#16217,.F.);
#16217 = EDGE_LOOP('',(#16218,#16219,#16220,#16226));
#16218 = ORIENTED_EDGE('',*,*,#16187,.T.);
#16219 = ORIENTED_EDGE('',*,*,#16013,.T.);
#16220 = ORIENTED_EDGE('',*,*,#16221,.F.);
#16221 = EDGE_CURVE('',#15849,#16014,#16222,.T.);
#16222 = LINE('',#16223,#16224);
#16223 = CARTESIAN_POINT('',(-1.27,-1.524,0.));
#16224 = VECTOR('',#16225,1.);
#16225 = DIRECTION('',(0.,0.,1.));
#16226 = ORIENTED_EDGE('',*,*,#15848,.F.);
#16227 = PLANE('',#16228);
#16228 = AXIS2_PLACEMENT_3D('',#16229,#16230,#16231);
#16229 = CARTESIAN_POINT('',(-1.016,-1.27,0.));
#16230 = DIRECTION('',(0.707106781187,-0.707106781187,0.));
#16231 = DIRECTION('',(-0.707106781187,-0.707106781187,0.));
#16232 = ADVANCED_FACE('',(#16233),#16244,.F.);
#16233 = FACE_BOUND('',#16234,.F.);
#16234 = EDGE_LOOP('',(#16235,#16241,#16242,#16243));
#16235 = ORIENTED_EDGE('',*,*,#16236,.T.);
#16236 = EDGE_CURVE('',#15897,#16062,#16237,.T.);
#16237 = LINE('',#16238,#16239);
#16238 = CARTESIAN_POINT('',(1.016,-1.27,0.));
#16239 = VECTOR('',#16240,1.);
#16240 = DIRECTION('',(0.,0.,1.));
#16241 = ORIENTED_EDGE('',*,*,#16069,.T.);
#16242 = ORIENTED_EDGE('',*,*,#16202,.F.);
#16243 = ORIENTED_EDGE('',*,*,#15904,.F.);
#16244 = PLANE('',#16245);
#16245 = AXIS2_PLACEMENT_3D('',#16246,#16247,#16248);
#16246 = CARTESIAN_POINT('',(1.016,-1.27,0.));
#16247 = DIRECTION('',(-0.707106781187,0.707106781187,0.));
#16248 = DIRECTION('',(0.707106781187,0.707106781187,0.));
#16249 = ADVANCED_FACE('',(#16250),#16261,.F.);
#16250 = FACE_BOUND('',#16251,.F.);
#16251 = EDGE_LOOP('',(#16252,#16253,#16254,#16260));
#16252 = ORIENTED_EDGE('',*,*,#16221,.T.);
#16253 = ORIENTED_EDGE('',*,*,#16021,.T.);
#16254 = ORIENTED_EDGE('',*,*,#16255,.F.);
#16255 = EDGE_CURVE('',#15857,#16022,#16256,.T.);
#16256 = LINE('',#16257,#16258);
#16257 = CARTESIAN_POINT('',(-1.27,-3.556,0.));
#16258 = VECTOR('',#16259,1.);
#16259 = DIRECTION('',(0.,0.,1.));
#16260 = ORIENTED_EDGE('',*,*,#15856,.F.);
#16261 = PLANE('',#16262);
#16262 = AXIS2_PLACEMENT_3D('',#16263,#16264,#16265);
#16263 = CARTESIAN_POINT('',(-1.27,-1.524,0.));
#16264 = DIRECTION('',(1.,0.,0.));
#16265 = DIRECTION('',(0.,-1.,0.));
#16266 = ADVANCED_FACE('',(#16267),#16278,.F.);
#16267 = FACE_BOUND('',#16268,.F.);
#16268 = EDGE_LOOP('',(#16269,#16275,#16276,#16277));
#16269 = ORIENTED_EDGE('',*,*,#16270,.T.);
#16270 = EDGE_CURVE('',#15889,#16054,#16271,.T.);
#16271 = LINE('',#16272,#16273);
#16272 = CARTESIAN_POINT('',(1.27,-1.524,0.));
#16273 = VECTOR('',#16274,1.);
#16274 = DIRECTION('',(0.,0.,1.));
#16275 = ORIENTED_EDGE('',*,*,#16061,.T.);
#16276 = ORIENTED_EDGE('',*,*,#16236,.F.);
#16277 = ORIENTED_EDGE('',*,*,#15896,.F.);
#16278 = PLANE('',#16279);
#16279 = AXIS2_PLACEMENT_3D('',#16280,#16281,#16282);
#16280 = CARTESIAN_POINT('',(1.27,-1.524,0.));
#16281 = DIRECTION('',(-0.707106781187,-0.707106781187,0.));
#16282 = DIRECTION('',(-0.707106781187,0.707106781187,0.));
#16283 = ADVANCED_FACE('',(#16284),#16295,.F.);
#16284 = FACE_BOUND('',#16285,.F.);
#16285 = EDGE_LOOP('',(#16286,#16287,#16288,#16294));
#16286 = ORIENTED_EDGE('',*,*,#16255,.T.);
#16287 = ORIENTED_EDGE('',*,*,#16029,.T.);
#16288 = ORIENTED_EDGE('',*,*,#16289,.F.);
#16289 = EDGE_CURVE('',#15865,#16030,#16290,.T.);
#16290 = LINE('',#16291,#16292);
#16291 = CARTESIAN_POINT('',(-1.016,-3.81,0.));
#16292 = VECTOR('',#16293,1.);
#16293 = DIRECTION('',(0.,0.,1.));
#16294 = ORIENTED_EDGE('',*,*,#15864,.F.);
#16295 = PLANE('',#16296);
#16296 = AXIS2_PLACEMENT_3D('',#16297,#16298,#16299);
#16297 = CARTESIAN_POINT('',(-1.27,-3.556,0.));
#16298 = DIRECTION('',(0.707106781187,0.707106781187,0.));
#16299 = DIRECTION('',(0.707106781187,-0.707106781187,0.));
#16300 = ADVANCED_FACE('',(#16301),#16312,.F.);
#16301 = FACE_BOUND('',#16302,.F.);
#16302 = EDGE_LOOP('',(#16303,#16309,#16310,#16311));
#16303 = ORIENTED_EDGE('',*,*,#16304,.T.);
#16304 = EDGE_CURVE('',#15881,#16046,#16305,.T.);
#16305 = LINE('',#16306,#16307);
#16306 = CARTESIAN_POINT('',(1.27,-3.556,0.));
#16307 = VECTOR('',#16308,1.);
#16308 = DIRECTION('',(0.,0.,1.));
#16309 = ORIENTED_EDGE('',*,*,#16053,.T.);
#16310 = ORIENTED_EDGE('',*,*,#16270,.F.);
#16311 = ORIENTED_EDGE('',*,*,#15888,.F.);
#16312 = PLANE('',#16313);
#16313 = AXIS2_PLACEMENT_3D('',#16314,#16315,#16316);
#16314 = CARTESIAN_POINT('',(1.27,-3.556,0.));
#16315 = DIRECTION('',(-1.,0.,0.));
#16316 = DIRECTION('',(0.,1.,0.));
#16317 = ADVANCED_FACE('',(#16318),#16329,.F.);
#16318 = FACE_BOUND('',#16319,.F.);
#16319 = EDGE_LOOP('',(#16320,#16321,#16322,#16328));
#16320 = ORIENTED_EDGE('',*,*,#16289,.T.);
#16321 = ORIENTED_EDGE('',*,*,#16037,.T.);
#16322 = ORIENTED_EDGE('',*,*,#16323,.F.);
#16323 = EDGE_CURVE('',#15873,#16038,#16324,.T.);
#16324 = LINE('',#16325,#16326);
#16325 = CARTESIAN_POINT('',(1.016,-3.81,0.));
#16326 = VECTOR('',#16327,1.);
#16327 = DIRECTION('',(0.,0.,1.));
#16328 = ORIENTED_EDGE('',*,*,#15872,.F.);
#16329 = PLANE('',#16330);
#16330 = AXIS2_PLACEMENT_3D('',#16331,#16332,#16333);
#16331 = CARTESIAN_POINT('',(-1.016,-3.81,0.));
#16332 = DIRECTION('',(0.,1.,0.));
#16333 = DIRECTION('',(1.,0.,0.));
#16334 = ADVANCED_FACE('',(#16335),#16341,.F.);
#16335 = FACE_BOUND('',#16336,.F.);
#16336 = EDGE_LOOP('',(#16337,#16338,#16339,#16340));
#16337 = ORIENTED_EDGE('',*,*,#16323,.T.);
#16338 = ORIENTED_EDGE('',*,*,#16045,.T.);
#16339 = ORIENTED_EDGE('',*,*,#16304,.F.);
#16340 = ORIENTED_EDGE('',*,*,#15880,.F.);
#16341 = PLANE('',#16342);
#16342 = AXIS2_PLACEMENT_3D('',#16343,#16344,#16345);
#16343 = CARTESIAN_POINT('',(1.016,-3.81,0.));
#16344 = DIRECTION('',(-0.707106781187,0.707106781187,0.));
#16345 = DIRECTION('',(0.707106781187,0.707106781187,0.));
#16346 = ADVANCED_FACE('',(#16347),#16372,.F.);
#16347 = FACE_BOUND('',#16348,.F.);
#16348 = EDGE_LOOP('',(#16349,#16357,#16365,#16371));
#16349 = ORIENTED_EDGE('',*,*,#16350,.F.);
#16350 = EDGE_CURVE('',#16351,#15930,#16353,.T.);
#16351 = VERTEX_POINT('',#16352);
#16352 = CARTESIAN_POINT('',(0.32,-0.32,-2.84));
#16353 = LINE('',#16354,#16355);
#16354 = CARTESIAN_POINT('',(0.32,-0.32,-3.));
#16355 = VECTOR('',#16356,1.);
#16356 = DIRECTION('',(0.,0.,1.));
#16357 = ORIENTED_EDGE('',*,*,#16358,.F.);
#16358 = EDGE_CURVE('',#16359,#16351,#16361,.T.);
#16359 = VERTEX_POINT('',#16360);
#16360 = CARTESIAN_POINT('',(-0.32,-0.32,-2.84));
#16361 = LINE('',#16362,#16363);
#16362 = CARTESIAN_POINT('',(-0.32,-0.32,-2.84));
#16363 = VECTOR('',#16364,1.);
#16364 = DIRECTION('',(1.,0.,0.));
#16365 = ORIENTED_EDGE('',*,*,#16366,.T.);
#16366 = EDGE_CURVE('',#16359,#15932,#16367,.T.);
#16367 = LINE('',#16368,#16369);
#16368 = CARTESIAN_POINT('',(-0.32,-0.32,-3.));
#16369 = VECTOR('',#16370,1.);
#16370 = DIRECTION('',(0.,0.,1.));
#16371 = ORIENTED_EDGE('',*,*,#15929,.F.);
#16372 = PLANE('',#16373);
#16373 = AXIS2_PLACEMENT_3D('',#16374,#16375,#16376);
#16374 = CARTESIAN_POINT('',(-0.32,-0.32,-3.));
#16375 = DIRECTION('',(0.,1.,0.));
#16376 = DIRECTION('',(0.,-0.,1.));
#16377 = ADVANCED_FACE('',(#16378),#16396,.T.);
#16378 = FACE_BOUND('',#16379,.T.);
#16379 = EDGE_LOOP('',(#16380,#16381,#16389,#16395));
#16380 = ORIENTED_EDGE('',*,*,#16350,.F.);
#16381 = ORIENTED_EDGE('',*,*,#16382,.T.);
#16382 = EDGE_CURVE('',#16351,#16383,#16385,.T.);
#16383 = VERTEX_POINT('',#16384);
#16384 = CARTESIAN_POINT('',(0.32,0.32,-2.84));
#16385 = LINE('',#16386,#16387);
#16386 = CARTESIAN_POINT('',(0.32,-0.32,-2.84));
#16387 = VECTOR('',#16388,1.);
#16388 = DIRECTION('',(0.,1.,0.));
#16389 = ORIENTED_EDGE('',*,*,#16390,.T.);
#16390 = EDGE_CURVE('',#16383,#15948,#16391,.T.);
#16391 = LINE('',#16392,#16393);
#16392 = CARTESIAN_POINT('',(0.32,0.32,-3.));
#16393 = VECTOR('',#16394,1.);
#16394 = DIRECTION('',(0.,0.,1.));
#16395 = ORIENTED_EDGE('',*,*,#15955,.F.);
#16396 = PLANE('',#16397);
#16397 = AXIS2_PLACEMENT_3D('',#16398,#16399,#16400);
#16398 = CARTESIAN_POINT('',(0.32,-0.32,-3.));
#16399 = DIRECTION('',(1.,0.,0.));
#16400 = DIRECTION('',(0.,0.,1.));
#16401 = ADVANCED_FACE('',(#16402),#16420,.T.);
#16402 = FACE_BOUND('',#16403,.T.);
#16403 = EDGE_LOOP('',(#16404,#16405,#16413,#16419));
#16404 = ORIENTED_EDGE('',*,*,#16390,.F.);
#16405 = ORIENTED_EDGE('',*,*,#16406,.F.);
#16406 = EDGE_CURVE('',#16407,#16383,#16409,.T.);
#16407 = VERTEX_POINT('',#16408);
#16408 = CARTESIAN_POINT('',(-0.32,0.32,-2.84));
#16409 = LINE('',#16410,#16411);
#16410 = CARTESIAN_POINT('',(-0.32,0.32,-2.84));
#16411 = VECTOR('',#16412,1.);
#16412 = DIRECTION('',(1.,0.,0.));
#16413 = ORIENTED_EDGE('',*,*,#16414,.T.);
#16414 = EDGE_CURVE('',#16407,#15940,#16415,.T.);
#16415 = LINE('',#16416,#16417);
#16416 = CARTESIAN_POINT('',(-0.32,0.32,-3.));
#16417 = VECTOR('',#16418,1.);
#16418 = DIRECTION('',(0.,0.,1.));
#16419 = ORIENTED_EDGE('',*,*,#15947,.F.);
#16420 = PLANE('',#16421);
#16421 = AXIS2_PLACEMENT_3D('',#16422,#16423,#16424);
#16422 = CARTESIAN_POINT('',(-0.32,0.32,-3.));
#16423 = DIRECTION('',(0.,1.,0.));
#16424 = DIRECTION('',(0.,-0.,1.));
#16425 = ADVANCED_FACE('',(#16426),#16437,.F.);
#16426 = FACE_BOUND('',#16427,.F.);
#16427 = EDGE_LOOP('',(#16428,#16429,#16435,#16436));
#16428 = ORIENTED_EDGE('',*,*,#16366,.F.);
#16429 = ORIENTED_EDGE('',*,*,#16430,.T.);
#16430 = EDGE_CURVE('',#16359,#16407,#16431,.T.);
#16431 = LINE('',#16432,#16433);
#16432 = CARTESIAN_POINT('',(-0.32,-0.32,-2.84));
#16433 = VECTOR('',#16434,1.);
#16434 = DIRECTION('',(0.,1.,0.));
#16435 = ORIENTED_EDGE('',*,*,#16414,.T.);
#16436 = ORIENTED_EDGE('',*,*,#15939,.F.);
#16437 = PLANE('',#16438);
#16438 = AXIS2_PLACEMENT_3D('',#16439,#16440,#16441);
#16439 = CARTESIAN_POINT('',(-0.32,-0.32,-3.));
#16440 = DIRECTION('',(1.,0.,0.));
#16441 = DIRECTION('',(0.,0.,1.));
#16442 = ADVANCED_FACE('',(#16443),#16468,.F.);
#16443 = FACE_BOUND('',#16444,.F.);
#16444 = EDGE_LOOP('',(#16445,#16453,#16461,#16467));
#16445 = ORIENTED_EDGE('',*,*,#16446,.F.);
#16446 = EDGE_CURVE('',#16447,#15964,#16449,.T.);
#16447 = VERTEX_POINT('',#16448);
#16448 = CARTESIAN_POINT('',(0.32,-2.86,-2.84));
#16449 = LINE('',#16450,#16451);
#16450 = CARTESIAN_POINT('',(0.32,-2.86,-3.));
#16451 = VECTOR('',#16452,1.);
#16452 = DIRECTION('',(0.,0.,1.));
#16453 = ORIENTED_EDGE('',*,*,#16454,.F.);
#16454 = EDGE_CURVE('',#16455,#16447,#16457,.T.);
#16455 = VERTEX_POINT('',#16456);
#16456 = CARTESIAN_POINT('',(-0.32,-2.86,-2.84));
#16457 = LINE('',#16458,#16459);
#16458 = CARTESIAN_POINT('',(-0.32,-2.86,-2.84));
#16459 = VECTOR('',#16460,1.);
#16460 = DIRECTION('',(1.,0.,0.));
#16461 = ORIENTED_EDGE('',*,*,#16462,.T.);
#16462 = EDGE_CURVE('',#16455,#15966,#16463,.T.);
#16463 = LINE('',#16464,#16465);
#16464 = CARTESIAN_POINT('',(-0.32,-2.86,-3.));
#16465 = VECTOR('',#16466,1.);
#16466 = DIRECTION('',(0.,0.,1.));
#16467 = ORIENTED_EDGE('',*,*,#15963,.F.);
#16468 = PLANE('',#16469);
#16469 = AXIS2_PLACEMENT_3D('',#16470,#16471,#16472);
#16470 = CARTESIAN_POINT('',(-0.32,-2.86,-3.));
#16471 = DIRECTION('',(0.,1.,0.));
#16472 = DIRECTION('',(0.,-0.,1.));
#16473 = ADVANCED_FACE('',(#16474),#16492,.T.);
#16474 = FACE_BOUND('',#16475,.T.);
#16475 = EDGE_LOOP('',(#16476,#16477,#16485,#16491));
#16476 = ORIENTED_EDGE('',*,*,#16446,.F.);
#16477 = ORIENTED_EDGE('',*,*,#16478,.T.);
#16478 = EDGE_CURVE('',#16447,#16479,#16481,.T.);
#16479 = VERTEX_POINT('',#16480);
#16480 = CARTESIAN_POINT('',(0.32,-2.22,-2.84));
#16481 = LINE('',#16482,#16483);
#16482 = CARTESIAN_POINT('',(0.32,-2.86,-2.84));
#16483 = VECTOR('',#16484,1.);
#16484 = DIRECTION('',(0.,1.,0.));
#16485 = ORIENTED_EDGE('',*,*,#16486,.T.);
#16486 = EDGE_CURVE('',#16479,#15982,#16487,.T.);
#16487 = LINE('',#16488,#16489);
#16488 = CARTESIAN_POINT('',(0.32,-2.22,-3.));
#16489 = VECTOR('',#16490,1.);
#16490 = DIRECTION('',(0.,0.,1.));
#16491 = ORIENTED_EDGE('',*,*,#15989,.F.);
#16492 = PLANE('',#16493);
#16493 = AXIS2_PLACEMENT_3D('',#16494,#16495,#16496);
#16494 = CARTESIAN_POINT('',(0.32,-2.86,-3.));
#16495 = DIRECTION('',(1.,0.,0.));
#16496 = DIRECTION('',(0.,0.,1.));
#16497 = ADVANCED_FACE('',(#16498),#16516,.T.);
#16498 = FACE_BOUND('',#16499,.T.);
#16499 = EDGE_LOOP('',(#16500,#16501,#16509,#16515));
#16500 = ORIENTED_EDGE('',*,*,#16486,.F.);
#16501 = ORIENTED_EDGE('',*,*,#16502,.F.);
#16502 = EDGE_CURVE('',#16503,#16479,#16505,.T.);
#16503 = VERTEX_POINT('',#16504);
#16504 = CARTESIAN_POINT('',(-0.32,-2.22,-2.84));
#16505 = LINE('',#16506,#16507);
#16506 = CARTESIAN_POINT('',(-0.32,-2.22,-2.84));
#16507 = VECTOR('',#16508,1.);
#16508 = DIRECTION('',(1.,0.,0.));
#16509 = ORIENTED_EDGE('',*,*,#16510,.T.);
#16510 = EDGE_CURVE('',#16503,#15974,#16511,.T.);
#16511 = LINE('',#16512,#16513);
#16512 = CARTESIAN_POINT('',(-0.32,-2.22,-3.));
#16513 = VECTOR('',#16514,1.);
#16514 = DIRECTION('',(0.,0.,1.));
#16515 = ORIENTED_EDGE('',*,*,#15981,.F.);
#16516 = PLANE('',#16517);
#16517 = AXIS2_PLACEMENT_3D('',#16518,#16519,#16520);
#16518 = CARTESIAN_POINT('',(-0.32,-2.22,-3.));
#16519 = DIRECTION('',(0.,1.,0.));
#16520 = DIRECTION('',(0.,-0.,1.));
#16521 = ADVANCED_FACE('',(#16522),#16533,.F.);
#16522 = FACE_BOUND('',#16523,.F.);
#16523 = EDGE_LOOP('',(#16524,#16525,#16531,#16532));
#16524 = ORIENTED_EDGE('',*,*,#16462,.F.);
#16525 = ORIENTED_EDGE('',*,*,#16526,.T.);
#16526 = EDGE_CURVE('',#16455,#16503,#16527,.T.);
#16527 = LINE('',#16528,#16529);
#16528 = CARTESIAN_POINT('',(-0.32,-2.86,-2.84));
#16529 = VECTOR('',#16530,1.);
#16530 = DIRECTION('',(0.,1.,0.));
#16531 = ORIENTED_EDGE('',*,*,#16510,.T.);
#16532 = ORIENTED_EDGE('',*,*,#15973,.F.);
#16533 = PLANE('',#16534);
#16534 = AXIS2_PLACEMENT_3D('',#16535,#16536,#16537);
#16535 = CARTESIAN_POINT('',(-0.32,-2.86,-3.));
#16536 = DIRECTION('',(1.,0.,0.));
#16537 = DIRECTION('',(0.,0.,1.));
#16538 = ADVANCED_FACE('',(#16539),#16564,.F.);
#16539 = FACE_BOUND('',#16540,.F.);
#16540 = EDGE_LOOP('',(#16541,#16549,#16550,#16558));
#16541 = ORIENTED_EDGE('',*,*,#16542,.F.);
#16542 = EDGE_CURVE('',#16095,#16543,#16545,.T.);
#16543 = VERTEX_POINT('',#16544);
#16544 = CARTESIAN_POINT('',(0.32,-0.32,8.38));
#16545 = LINE('',#16546,#16547);
#16546 = CARTESIAN_POINT('',(0.32,-0.32,-3.));
#16547 = VECTOR('',#16548,1.);
#16548 = DIRECTION('',(0.,0.,1.));
#16549 = ORIENTED_EDGE('',*,*,#16094,.T.);
#16550 = ORIENTED_EDGE('',*,*,#16551,.T.);
#16551 = EDGE_CURVE('',#16097,#16552,#16554,.T.);
#16552 = VERTEX_POINT('',#16553);
#16553 = CARTESIAN_POINT('',(-0.32,-0.32,8.38));
#16554 = LINE('',#16555,#16556);
#16555 = CARTESIAN_POINT('',(-0.32,-0.32,-3.));
#16556 = VECTOR('',#16557,1.);
#16557 = DIRECTION('',(0.,0.,1.));
#16558 = ORIENTED_EDGE('',*,*,#16559,.T.);
#16559 = EDGE_CURVE('',#16552,#16543,#16560,.T.);
#16560 = LINE('',#16561,#16562);
#16561 = CARTESIAN_POINT('',(-0.32,-0.32,8.38));
#16562 = VECTOR('',#16563,1.);
#16563 = DIRECTION('',(1.,0.,0.));
#16564 = PLANE('',#16565);
#16565 = AXIS2_PLACEMENT_3D('',#16566,#16567,#16568);
#16566 = CARTESIAN_POINT('',(-0.32,-0.32,-3.));
#16567 = DIRECTION('',(0.,1.,0.));
#16568 = DIRECTION('',(0.,-0.,1.));
#16569 = ADVANCED_FACE('',(#16570),#16588,.T.);
#16570 = FACE_BOUND('',#16571,.T.);
#16571 = EDGE_LOOP('',(#16572,#16573,#16574,#16582));
#16572 = ORIENTED_EDGE('',*,*,#16542,.F.);
#16573 = ORIENTED_EDGE('',*,*,#16120,.T.);
#16574 = ORIENTED_EDGE('',*,*,#16575,.T.);
#16575 = EDGE_CURVE('',#16113,#16576,#16578,.T.);
#16576 = VERTEX_POINT('',#16577);
#16577 = CARTESIAN_POINT('',(0.32,0.32,8.38));
#16578 = LINE('',#16579,#16580);
#16579 = CARTESIAN_POINT('',(0.32,0.32,-3.));
#16580 = VECTOR('',#16581,1.);
#16581 = DIRECTION('',(0.,0.,1.));
#16582 = ORIENTED_EDGE('',*,*,#16583,.F.);
#16583 = EDGE_CURVE('',#16543,#16576,#16584,.T.);
#16584 = LINE('',#16585,#16586);
#16585 = CARTESIAN_POINT('',(0.32,-0.32,8.38));
#16586 = VECTOR('',#16587,1.);
#16587 = DIRECTION('',(0.,1.,0.));
#16588 = PLANE('',#16589);
#16589 = AXIS2_PLACEMENT_3D('',#16590,#16591,#16592);
#16590 = CARTESIAN_POINT('',(0.32,-0.32,-3.));
#16591 = DIRECTION('',(1.,0.,0.));
#16592 = DIRECTION('',(0.,0.,1.));
#16593 = ADVANCED_FACE('',(#16594),#16612,.T.);
#16594 = FACE_BOUND('',#16595,.T.);
#16595 = EDGE_LOOP('',(#16596,#16597,#16598,#16606));
#16596 = ORIENTED_EDGE('',*,*,#16575,.F.);
#16597 = ORIENTED_EDGE('',*,*,#16112,.T.);
#16598 = ORIENTED_EDGE('',*,*,#16599,.T.);
#16599 = EDGE_CURVE('',#16105,#16600,#16602,.T.);
#16600 = VERTEX_POINT('',#16601);
#16601 = CARTESIAN_POINT('',(-0.32,0.32,8.38));
#16602 = LINE('',#16603,#16604);
#16603 = CARTESIAN_POINT('',(-0.32,0.32,-3.));
#16604 = VECTOR('',#16605,1.);
#16605 = DIRECTION('',(0.,0.,1.));
#16606 = ORIENTED_EDGE('',*,*,#16607,.T.);
#16607 = EDGE_CURVE('',#16600,#16576,#16608,.T.);
#16608 = LINE('',#16609,#16610);
#16609 = CARTESIAN_POINT('',(-0.32,0.32,8.38));
#16610 = VECTOR('',#16611,1.);
#16611 = DIRECTION('',(1.,0.,0.));
#16612 = PLANE('',#16613);
#16613 = AXIS2_PLACEMENT_3D('',#16614,#16615,#16616);
#16614 = CARTESIAN_POINT('',(-0.32,0.32,-3.));
#16615 = DIRECTION('',(0.,1.,0.));
#16616 = DIRECTION('',(0.,-0.,1.));
#16617 = ADVANCED_FACE('',(#16618),#16629,.F.);
#16618 = FACE_BOUND('',#16619,.F.);
#16619 = EDGE_LOOP('',(#16620,#16621,#16622,#16623));
#16620 = ORIENTED_EDGE('',*,*,#16551,.F.);
#16621 = ORIENTED_EDGE('',*,*,#16104,.T.);
#16622 = ORIENTED_EDGE('',*,*,#16599,.T.);
#16623 = ORIENTED_EDGE('',*,*,#16624,.F.);
#16624 = EDGE_CURVE('',#16552,#16600,#16625,.T.);
#16625 = LINE('',#16626,#16627);
#16626 = CARTESIAN_POINT('',(-0.32,-0.32,8.38));
#16627 = VECTOR('',#16628,1.);
#16628 = DIRECTION('',(0.,1.,0.));
#16629 = PLANE('',#16630);
#16630 = AXIS2_PLACEMENT_3D('',#16631,#16632,#16633);
#16631 = CARTESIAN_POINT('',(-0.32,-0.32,-3.));
#16632 = DIRECTION('',(1.,0.,0.));
#16633 = DIRECTION('',(0.,0.,1.));
#16634 = ADVANCED_FACE('',(#16635),#16660,.F.);
#16635 = FACE_BOUND('',#16636,.F.);
#16636 = EDGE_LOOP('',(#16637,#16645,#16646,#16654));
#16637 = ORIENTED_EDGE('',*,*,#16638,.F.);
#16638 = EDGE_CURVE('',#16129,#16639,#16641,.T.);
#16639 = VERTEX_POINT('',#16640);
#16640 = CARTESIAN_POINT('',(0.32,-2.86,8.38));
#16641 = LINE('',#16642,#16643);
#16642 = CARTESIAN_POINT('',(0.32,-2.86,-3.));
#16643 = VECTOR('',#16644,1.);
#16644 = DIRECTION('',(0.,0.,1.));
#16645 = ORIENTED_EDGE('',*,*,#16128,.T.);
#16646 = ORIENTED_EDGE('',*,*,#16647,.T.);
#16647 = EDGE_CURVE('',#16131,#16648,#16650,.T.);
#16648 = VERTEX_POINT('',#16649);
#16649 = CARTESIAN_POINT('',(-0.32,-2.86,8.38));
#16650 = LINE('',#16651,#16652);
#16651 = CARTESIAN_POINT('',(-0.32,-2.86,-3.));
#16652 = VECTOR('',#16653,1.);
#16653 = DIRECTION('',(0.,0.,1.));
#16654 = ORIENTED_EDGE('',*,*,#16655,.T.);
#16655 = EDGE_CURVE('',#16648,#16639,#16656,.T.);
#16656 = LINE('',#16657,#16658);
#16657 = CARTESIAN_POINT('',(-0.32,-2.86,8.38));
#16658 = VECTOR('',#16659,1.);
#16659 = DIRECTION('',(1.,0.,0.));
#16660 = PLANE('',#16661);
#16661 = AXIS2_PLACEMENT_3D('',#16662,#16663,#16664);
#16662 = CARTESIAN_POINT('',(-0.32,-2.86,-3.));
#16663 = DIRECTION('',(0.,1.,0.));
#16664 = DIRECTION('',(0.,-0.,1.));
#16665 = ADVANCED_FACE('',(#16666),#16684,.T.);
#16666 = FACE_BOUND('',#16667,.T.);
#16667 = EDGE_LOOP('',(#16668,#16669,#16670,#16678));
#16668 = ORIENTED_EDGE('',*,*,#16638,.F.);
#16669 = ORIENTED_EDGE('',*,*,#16154,.T.);
#16670 = ORIENTED_EDGE('',*,*,#16671,.T.);
#16671 = EDGE_CURVE('',#16147,#16672,#16674,.T.);
#16672 = VERTEX_POINT('',#16673);
#16673 = CARTESIAN_POINT('',(0.32,-2.22,8.38));
#16674 = LINE('',#16675,#16676);
#16675 = CARTESIAN_POINT('',(0.32,-2.22,-3.));
#16676 = VECTOR('',#16677,1.);
#16677 = DIRECTION('',(0.,0.,1.));
#16678 = ORIENTED_EDGE('',*,*,#16679,.F.);
#16679 = EDGE_CURVE('',#16639,#16672,#16680,.T.);
#16680 = LINE('',#16681,#16682);
#16681 = CARTESIAN_POINT('',(0.32,-2.86,8.38));
#16682 = VECTOR('',#16683,1.);
#16683 = DIRECTION('',(0.,1.,0.));
#16684 = PLANE('',#16685);
#16685 = AXIS2_PLACEMENT_3D('',#16686,#16687,#16688);
#16686 = CARTESIAN_POINT('',(0.32,-2.86,-3.));
#16687 = DIRECTION('',(1.,0.,0.));
#16688 = DIRECTION('',(0.,0.,1.));
#16689 = ADVANCED_FACE('',(#16690),#16708,.T.);
#16690 = FACE_BOUND('',#16691,.T.);
#16691 = EDGE_LOOP('',(#16692,#16693,#16694,#16702));
#16692 = ORIENTED_EDGE('',*,*,#16671,.F.);
#16693 = ORIENTED_EDGE('',*,*,#16146,.T.);
#16694 = ORIENTED_EDGE('',*,*,#16695,.T.);
#16695 = EDGE_CURVE('',#16139,#16696,#16698,.T.);
#16696 = VERTEX_POINT('',#16697);
#16697 = CARTESIAN_POINT('',(-0.32,-2.22,8.38));
#16698 = LINE('',#16699,#16700);
#16699 = CARTESIAN_POINT('',(-0.32,-2.22,-3.));
#16700 = VECTOR('',#16701,1.);
#16701 = DIRECTION('',(0.,0.,1.));
#16702 = ORIENTED_EDGE('',*,*,#16703,.T.);
#16703 = EDGE_CURVE('',#16696,#16672,#16704,.T.);
#16704 = LINE('',#16705,#16706);
#16705 = CARTESIAN_POINT('',(-0.32,-2.22,8.38));
#16706 = VECTOR('',#16707,1.);
#16707 = DIRECTION('',(1.,0.,0.));
#16708 = PLANE('',#16709);
#16709 = AXIS2_PLACEMENT_3D('',#16710,#16711,#16712);
#16710 = CARTESIAN_POINT('',(-0.32,-2.22,-3.));
#16711 = DIRECTION('',(0.,1.,0.));
#16712 = DIRECTION('',(0.,-0.,1.));
#16713 = ADVANCED_FACE('',(#16714),#16725,.F.);
#16714 = FACE_BOUND('',#16715,.F.);
#16715 = EDGE_LOOP('',(#16716,#16717,#16718,#16719));
#16716 = ORIENTED_EDGE('',*,*,#16647,.F.);
#16717 = ORIENTED_EDGE('',*,*,#16138,.T.);
#16718 = ORIENTED_EDGE('',*,*,#16695,.T.);
#16719 = ORIENTED_EDGE('',*,*,#16720,.F.);
#16720 = EDGE_CURVE('',#16648,#16696,#16721,.T.);
#16721 = LINE('',#16722,#16723);
#16722 = CARTESIAN_POINT('',(-0.32,-2.86,8.38));
#16723 = VECTOR('',#16724,1.);
#16724 = DIRECTION('',(0.,1.,0.));
#16725 = PLANE('',#16726);
#16726 = AXIS2_PLACEMENT_3D('',#16727,#16728,#16729);
#16727 = CARTESIAN_POINT('',(-0.32,-2.86,-3.));
#16728 = DIRECTION('',(1.,0.,0.));
#16729 = DIRECTION('',(0.,0.,1.));
#16730 = ADVANCED_FACE('',(#16731),#16756,.T.);
#16731 = FACE_BOUND('',#16732,.F.);
#16732 = EDGE_LOOP('',(#16733,#16741,#16742,#16750));
#16733 = ORIENTED_EDGE('',*,*,#16734,.F.);
#16734 = EDGE_CURVE('',#16359,#16735,#16737,.T.);
#16735 = VERTEX_POINT('',#16736);
#16736 = CARTESIAN_POINT('',(-0.16,-0.16,-3.));
#16737 = LINE('',#16738,#16739);
#16738 = CARTESIAN_POINT('',(-0.266666666667,-0.266666666667,
    -2.893333333333));
#16739 = VECTOR('',#16740,1.);
#16740 = DIRECTION('',(0.57735026919,0.57735026919,-0.57735026919));
#16741 = ORIENTED_EDGE('',*,*,#16358,.T.);
#16742 = ORIENTED_EDGE('',*,*,#16743,.T.);
#16743 = EDGE_CURVE('',#16351,#16744,#16746,.T.);
#16744 = VERTEX_POINT('',#16745);
#16745 = CARTESIAN_POINT('',(0.16,-0.16,-3.));
#16746 = LINE('',#16747,#16748);
#16747 = CARTESIAN_POINT('',(0.16,-0.16,-3.));
#16748 = VECTOR('',#16749,1.);
#16749 = DIRECTION('',(-0.57735026919,0.57735026919,-0.57735026919));
#16750 = ORIENTED_EDGE('',*,*,#16751,.F.);
#16751 = EDGE_CURVE('',#16735,#16744,#16752,.T.);
#16752 = LINE('',#16753,#16754);
#16753 = CARTESIAN_POINT('',(-0.32,-0.16,-3.));
#16754 = VECTOR('',#16755,1.);
#16755 = DIRECTION('',(1.,0.,0.));
#16756 = PLANE('',#16757);
#16757 = AXIS2_PLACEMENT_3D('',#16758,#16759,#16760);
#16758 = CARTESIAN_POINT('',(-0.32,-0.24,-2.92));
#16759 = DIRECTION('',(1.735167508357E-18,-0.707106781187,
    -0.707106781187));
#16760 = DIRECTION('',(-1.,-1.226948711654E-18,-1.226948711654E-18));
#16761 = ADVANCED_FACE('',(#16762),#16780,.F.);
#16762 = FACE_BOUND('',#16763,.F.);
#16763 = EDGE_LOOP('',(#16764,#16765,#16766,#16774));
#16764 = ORIENTED_EDGE('',*,*,#16743,.F.);
#16765 = ORIENTED_EDGE('',*,*,#16382,.T.);
#16766 = ORIENTED_EDGE('',*,*,#16767,.T.);
#16767 = EDGE_CURVE('',#16383,#16768,#16770,.T.);
#16768 = VERTEX_POINT('',#16769);
#16769 = CARTESIAN_POINT('',(0.16,0.16,-3.));
#16770 = LINE('',#16771,#16772);
#16771 = CARTESIAN_POINT('',(5.333333333333E-02,5.333333333333E-02,
    -3.106666666667));
#16772 = VECTOR('',#16773,1.);
#16773 = DIRECTION('',(-0.57735026919,-0.57735026919,-0.57735026919));
#16774 = ORIENTED_EDGE('',*,*,#16775,.F.);
#16775 = EDGE_CURVE('',#16744,#16768,#16776,.T.);
#16776 = LINE('',#16777,#16778);
#16777 = CARTESIAN_POINT('',(0.16,-0.32,-3.));
#16778 = VECTOR('',#16779,1.);
#16779 = DIRECTION('',(0.,1.,0.));
#16780 = PLANE('',#16781);
#16781 = AXIS2_PLACEMENT_3D('',#16782,#16783,#16784);
#16782 = CARTESIAN_POINT('',(0.24,-0.32,-2.92));
#16783 = DIRECTION('',(-0.707106781187,1.735167508357E-18,0.707106781187
    ));
#16784 = DIRECTION('',(1.226948711654E-18,1.,-1.226948711654E-18));
#16785 = ADVANCED_FACE('',(#16786),#16804,.F.);
#16786 = FACE_BOUND('',#16787,.T.);
#16787 = EDGE_LOOP('',(#16788,#16796,#16797,#16798));
#16788 = ORIENTED_EDGE('',*,*,#16789,.F.);
#16789 = EDGE_CURVE('',#16407,#16790,#16792,.T.);
#16790 = VERTEX_POINT('',#16791);
#16791 = CARTESIAN_POINT('',(-0.16,0.16,-3.));
#16792 = LINE('',#16793,#16794);
#16793 = CARTESIAN_POINT('',(-0.16,0.16,-3.));
#16794 = VECTOR('',#16795,1.);
#16795 = DIRECTION('',(0.57735026919,-0.57735026919,-0.57735026919));
#16796 = ORIENTED_EDGE('',*,*,#16406,.T.);
#16797 = ORIENTED_EDGE('',*,*,#16767,.T.);
#16798 = ORIENTED_EDGE('',*,*,#16799,.F.);
#16799 = EDGE_CURVE('',#16790,#16768,#16800,.T.);
#16800 = LINE('',#16801,#16802);
#16801 = CARTESIAN_POINT('',(-0.32,0.16,-3.));
#16802 = VECTOR('',#16803,1.);
#16803 = DIRECTION('',(1.,0.,0.));
#16804 = PLANE('',#16805);
#16805 = AXIS2_PLACEMENT_3D('',#16806,#16807,#16808);
#16806 = CARTESIAN_POINT('',(-0.32,0.24,-2.92));
#16807 = DIRECTION('',(-1.735167508357E-18,-0.707106781187,
    0.707106781187));
#16808 = DIRECTION('',(-1.,1.226948711654E-18,-1.226948711654E-18));
#16809 = ADVANCED_FACE('',(#16810),#16821,.T.);
#16810 = FACE_BOUND('',#16811,.T.);
#16811 = EDGE_LOOP('',(#16812,#16813,#16814,#16815));
#16812 = ORIENTED_EDGE('',*,*,#16734,.F.);
#16813 = ORIENTED_EDGE('',*,*,#16430,.T.);
#16814 = ORIENTED_EDGE('',*,*,#16789,.T.);
#16815 = ORIENTED_EDGE('',*,*,#16816,.F.);
#16816 = EDGE_CURVE('',#16735,#16790,#16817,.T.);
#16817 = LINE('',#16818,#16819);
#16818 = CARTESIAN_POINT('',(-0.16,-0.32,-3.));
#16819 = VECTOR('',#16820,1.);
#16820 = DIRECTION('',(0.,1.,0.));
#16821 = PLANE('',#16822);
#16822 = AXIS2_PLACEMENT_3D('',#16823,#16824,#16825);
#16823 = CARTESIAN_POINT('',(-0.24,-0.32,-2.92));
#16824 = DIRECTION('',(-0.707106781187,-1.735167508357E-18,
    -0.707106781187));
#16825 = DIRECTION('',(-1.226948711654E-18,1.,-1.226948711654E-18));
#16826 = ADVANCED_FACE('',(#16827),#16852,.T.);
#16827 = FACE_BOUND('',#16828,.F.);
#16828 = EDGE_LOOP('',(#16829,#16837,#16838,#16846));
#16829 = ORIENTED_EDGE('',*,*,#16830,.F.);
#16830 = EDGE_CURVE('',#16455,#16831,#16833,.T.);
#16831 = VERTEX_POINT('',#16832);
#16832 = CARTESIAN_POINT('',(-0.16,-2.7,-3.));
#16833 = LINE('',#16834,#16835);
#16834 = CARTESIAN_POINT('',(-0.266666666667,-2.806666666667,
    -2.893333333333));
#16835 = VECTOR('',#16836,1.);
#16836 = DIRECTION('',(0.57735026919,0.57735026919,-0.57735026919));
#16837 = ORIENTED_EDGE('',*,*,#16454,.T.);
#16838 = ORIENTED_EDGE('',*,*,#16839,.T.);
#16839 = EDGE_CURVE('',#16447,#16840,#16842,.T.);
#16840 = VERTEX_POINT('',#16841);
#16841 = CARTESIAN_POINT('',(0.16,-2.7,-3.));
#16842 = LINE('',#16843,#16844);
#16843 = CARTESIAN_POINT('',(0.16,-2.7,-3.));
#16844 = VECTOR('',#16845,1.);
#16845 = DIRECTION('',(-0.57735026919,0.57735026919,-0.57735026919));
#16846 = ORIENTED_EDGE('',*,*,#16847,.F.);
#16847 = EDGE_CURVE('',#16831,#16840,#16848,.T.);
#16848 = LINE('',#16849,#16850);
#16849 = CARTESIAN_POINT('',(-0.32,-2.7,-3.));
#16850 = VECTOR('',#16851,1.);
#16851 = DIRECTION('',(1.,0.,0.));
#16852 = PLANE('',#16853);
#16853 = AXIS2_PLACEMENT_3D('',#16854,#16855,#16856);
#16854 = CARTESIAN_POINT('',(-0.32,-2.78,-2.92));
#16855 = DIRECTION('',(1.735167508357E-18,-0.707106781187,
    -0.707106781187));
#16856 = DIRECTION('',(-1.,-1.226948711654E-18,-1.226948711654E-18));
#16857 = ADVANCED_FACE('',(#16858),#16876,.F.);
#16858 = FACE_BOUND('',#16859,.F.);
#16859 = EDGE_LOOP('',(#16860,#16861,#16862,#16870));
#16860 = ORIENTED_EDGE('',*,*,#16839,.F.);
#16861 = ORIENTED_EDGE('',*,*,#16478,.T.);
#16862 = ORIENTED_EDGE('',*,*,#16863,.T.);
#16863 = EDGE_CURVE('',#16479,#16864,#16866,.T.);
#16864 = VERTEX_POINT('',#16865);
#16865 = CARTESIAN_POINT('',(0.16,-2.38,-3.));
#16866 = LINE('',#16867,#16868);
#16867 = CARTESIAN_POINT('',(5.333333333333E-02,-2.486666666667,
    -3.106666666667));
#16868 = VECTOR('',#16869,1.);
#16869 = DIRECTION('',(-0.57735026919,-0.57735026919,-0.57735026919));
#16870 = ORIENTED_EDGE('',*,*,#16871,.F.);
#16871 = EDGE_CURVE('',#16840,#16864,#16872,.T.);
#16872 = LINE('',#16873,#16874);
#16873 = CARTESIAN_POINT('',(0.16,-2.86,-3.));
#16874 = VECTOR('',#16875,1.);
#16875 = DIRECTION('',(0.,1.,0.));
#16876 = PLANE('',#16877);
#16877 = AXIS2_PLACEMENT_3D('',#16878,#16879,#16880);
#16878 = CARTESIAN_POINT('',(0.24,-2.86,-2.92));
#16879 = DIRECTION('',(-0.707106781187,1.735167508357E-18,0.707106781187
    ));
#16880 = DIRECTION('',(1.226948711654E-18,1.,-1.226948711654E-18));
#16881 = ADVANCED_FACE('',(#16882),#16900,.F.);
#16882 = FACE_BOUND('',#16883,.T.);
#16883 = EDGE_LOOP('',(#16884,#16892,#16893,#16894));
#16884 = ORIENTED_EDGE('',*,*,#16885,.F.);
#16885 = EDGE_CURVE('',#16503,#16886,#16888,.T.);
#16886 = VERTEX_POINT('',#16887);
#16887 = CARTESIAN_POINT('',(-0.16,-2.38,-3.));
#16888 = LINE('',#16889,#16890);
#16889 = CARTESIAN_POINT('',(-0.16,-2.38,-3.));
#16890 = VECTOR('',#16891,1.);
#16891 = DIRECTION('',(0.57735026919,-0.57735026919,-0.57735026919));
#16892 = ORIENTED_EDGE('',*,*,#16502,.T.);
#16893 = ORIENTED_EDGE('',*,*,#16863,.T.);
#16894 = ORIENTED_EDGE('',*,*,#16895,.F.);
#16895 = EDGE_CURVE('',#16886,#16864,#16896,.T.);
#16896 = LINE('',#16897,#16898);
#16897 = CARTESIAN_POINT('',(-0.32,-2.38,-3.));
#16898 = VECTOR('',#16899,1.);
#16899 = DIRECTION('',(1.,0.,0.));
#16900 = PLANE('',#16901);
#16901 = AXIS2_PLACEMENT_3D('',#16902,#16903,#16904);
#16902 = CARTESIAN_POINT('',(-0.32,-2.3,-2.92));
#16903 = DIRECTION('',(-1.735167508357E-18,-0.707106781187,
    0.707106781187));
#16904 = DIRECTION('',(-1.,1.226948711654E-18,-1.226948711654E-18));
#16905 = ADVANCED_FACE('',(#16906),#16917,.T.);
#16906 = FACE_BOUND('',#16907,.T.);
#16907 = EDGE_LOOP('',(#16908,#16909,#16910,#16911));
#16908 = ORIENTED_EDGE('',*,*,#16830,.F.);
#16909 = ORIENTED_EDGE('',*,*,#16526,.T.);
#16910 = ORIENTED_EDGE('',*,*,#16885,.T.);
#16911 = ORIENTED_EDGE('',*,*,#16912,.F.);
#16912 = EDGE_CURVE('',#16831,#16886,#16913,.T.);
#16913 = LINE('',#16914,#16915);
#16914 = CARTESIAN_POINT('',(-0.16,-2.86,-3.));
#16915 = VECTOR('',#16916,1.);
#16916 = DIRECTION('',(0.,1.,0.));
#16917 = PLANE('',#16918);
#16918 = AXIS2_PLACEMENT_3D('',#16919,#16920,#16921);
#16919 = CARTESIAN_POINT('',(-0.24,-2.86,-2.92));
#16920 = DIRECTION('',(-0.707106781187,-1.735167508357E-18,
    -0.707106781187));
#16921 = DIRECTION('',(-1.226948711654E-18,1.,-1.226948711654E-18));
#16922 = ADVANCED_FACE('',(#16923),#16948,.F.);
#16923 = FACE_BOUND('',#16924,.T.);
#16924 = EDGE_LOOP('',(#16925,#16933,#16934,#16942));
#16925 = ORIENTED_EDGE('',*,*,#16926,.F.);
#16926 = EDGE_CURVE('',#16552,#16927,#16929,.T.);
#16927 = VERTEX_POINT('',#16928);
#16928 = CARTESIAN_POINT('',(-0.16,-0.16,8.54));
#16929 = LINE('',#16930,#16931);
#16930 = CARTESIAN_POINT('',(-0.266666666667,-0.266666666667,
    8.433333333333));
#16931 = VECTOR('',#16932,1.);
#16932 = DIRECTION('',(0.57735026919,0.57735026919,0.57735026919));
#16933 = ORIENTED_EDGE('',*,*,#16559,.T.);
#16934 = ORIENTED_EDGE('',*,*,#16935,.T.);
#16935 = EDGE_CURVE('',#16543,#16936,#16938,.T.);
#16936 = VERTEX_POINT('',#16937);
#16937 = CARTESIAN_POINT('',(0.16,-0.16,8.54));
#16938 = LINE('',#16939,#16940);
#16939 = CARTESIAN_POINT('',(0.16,-0.16,8.54));
#16940 = VECTOR('',#16941,1.);
#16941 = DIRECTION('',(-0.57735026919,0.57735026919,0.57735026919));
#16942 = ORIENTED_EDGE('',*,*,#16943,.F.);
#16943 = EDGE_CURVE('',#16927,#16936,#16944,.T.);
#16944 = LINE('',#16945,#16946);
#16945 = CARTESIAN_POINT('',(-0.32,-0.16,8.54));
#16946 = VECTOR('',#16947,1.);
#16947 = DIRECTION('',(1.,0.,0.));
#16948 = PLANE('',#16949);
#16949 = AXIS2_PLACEMENT_3D('',#16950,#16951,#16952);
#16950 = CARTESIAN_POINT('',(-0.32,-0.24,8.46));
#16951 = DIRECTION('',(-1.735167508357E-18,0.707106781187,
    -0.707106781187));
#16952 = DIRECTION('',(-1.,-1.226948711654E-18,1.226948711654E-18));
#16953 = ADVANCED_FACE('',(#16954),#16972,.T.);
#16954 = FACE_BOUND('',#16955,.T.);
#16955 = EDGE_LOOP('',(#16956,#16957,#16958,#16966));
#16956 = ORIENTED_EDGE('',*,*,#16935,.F.);
#16957 = ORIENTED_EDGE('',*,*,#16583,.T.);
#16958 = ORIENTED_EDGE('',*,*,#16959,.T.);
#16959 = EDGE_CURVE('',#16576,#16960,#16962,.T.);
#16960 = VERTEX_POINT('',#16961);
#16961 = CARTESIAN_POINT('',(0.16,0.16,8.54));
#16962 = LINE('',#16963,#16964);
#16963 = CARTESIAN_POINT('',(5.333333333333E-02,5.333333333333E-02,
    8.646666666667));
#16964 = VECTOR('',#16965,1.);
#16965 = DIRECTION('',(-0.57735026919,-0.57735026919,0.57735026919));
#16966 = ORIENTED_EDGE('',*,*,#16967,.F.);
#16967 = EDGE_CURVE('',#16936,#16960,#16968,.T.);
#16968 = LINE('',#16969,#16970);
#16969 = CARTESIAN_POINT('',(0.16,-0.32,8.54));
#16970 = VECTOR('',#16971,1.);
#16971 = DIRECTION('',(0.,1.,0.));
#16972 = PLANE('',#16973);
#16973 = AXIS2_PLACEMENT_3D('',#16974,#16975,#16976);
#16974 = CARTESIAN_POINT('',(0.24,-0.32,8.46));
#16975 = DIRECTION('',(0.707106781187,-1.735167508357E-18,0.707106781187
    ));
#16976 = DIRECTION('',(1.226948711654E-18,1.,1.226948711654E-18));
#16977 = ADVANCED_FACE('',(#16978),#16996,.T.);
#16978 = FACE_BOUND('',#16979,.F.);
#16979 = EDGE_LOOP('',(#16980,#16988,#16989,#16990));
#16980 = ORIENTED_EDGE('',*,*,#16981,.F.);
#16981 = EDGE_CURVE('',#16600,#16982,#16984,.T.);
#16982 = VERTEX_POINT('',#16983);
#16983 = CARTESIAN_POINT('',(-0.16,0.16,8.54));
#16984 = LINE('',#16985,#16986);
#16985 = CARTESIAN_POINT('',(-0.16,0.16,8.54));
#16986 = VECTOR('',#16987,1.);
#16987 = DIRECTION('',(0.57735026919,-0.57735026919,0.57735026919));
#16988 = ORIENTED_EDGE('',*,*,#16607,.T.);
#16989 = ORIENTED_EDGE('',*,*,#16959,.T.);
#16990 = ORIENTED_EDGE('',*,*,#16991,.F.);
#16991 = EDGE_CURVE('',#16982,#16960,#16992,.T.);
#16992 = LINE('',#16993,#16994);
#16993 = CARTESIAN_POINT('',(-0.32,0.16,8.54));
#16994 = VECTOR('',#16995,1.);
#16995 = DIRECTION('',(1.,0.,0.));
#16996 = PLANE('',#16997);
#16997 = AXIS2_PLACEMENT_3D('',#16998,#16999,#17000);
#16998 = CARTESIAN_POINT('',(-0.32,0.24,8.46));
#16999 = DIRECTION('',(1.735167508357E-18,0.707106781187,0.707106781187)
  );
#17000 = DIRECTION('',(-1.,1.226948711654E-18,1.226948711654E-18));
#17001 = ADVANCED_FACE('',(#17002),#17013,.F.);
#17002 = FACE_BOUND('',#17003,.F.);
#17003 = EDGE_LOOP('',(#17004,#17005,#17006,#17007));
#17004 = ORIENTED_EDGE('',*,*,#16926,.F.);
#17005 = ORIENTED_EDGE('',*,*,#16624,.T.);
#17006 = ORIENTED_EDGE('',*,*,#16981,.T.);
#17007 = ORIENTED_EDGE('',*,*,#17008,.F.);
#17008 = EDGE_CURVE('',#16927,#16982,#17009,.T.);
#17009 = LINE('',#17010,#17011);
#17010 = CARTESIAN_POINT('',(-0.16,-0.32,8.54));
#17011 = VECTOR('',#17012,1.);
#17012 = DIRECTION('',(0.,1.,0.));
#17013 = PLANE('',#17014);
#17014 = AXIS2_PLACEMENT_3D('',#17015,#17016,#17017);
#17015 = CARTESIAN_POINT('',(-0.24,-0.32,8.46));
#17016 = DIRECTION('',(0.707106781187,1.735167508357E-18,-0.707106781187
    ));
#17017 = DIRECTION('',(-1.226948711654E-18,1.,1.226948711654E-18));
#17018 = ADVANCED_FACE('',(#17019),#17044,.F.);
#17019 = FACE_BOUND('',#17020,.T.);
#17020 = EDGE_LOOP('',(#17021,#17029,#17030,#17038));
#17021 = ORIENTED_EDGE('',*,*,#17022,.F.);
#17022 = EDGE_CURVE('',#16648,#17023,#17025,.T.);
#17023 = VERTEX_POINT('',#17024);
#17024 = CARTESIAN_POINT('',(-0.16,-2.7,8.54));
#17025 = LINE('',#17026,#17027);
#17026 = CARTESIAN_POINT('',(-0.266666666667,-2.806666666667,
    8.433333333333));
#17027 = VECTOR('',#17028,1.);
#17028 = DIRECTION('',(0.57735026919,0.57735026919,0.57735026919));
#17029 = ORIENTED_EDGE('',*,*,#16655,.T.);
#17030 = ORIENTED_EDGE('',*,*,#17031,.T.);
#17031 = EDGE_CURVE('',#16639,#17032,#17034,.T.);
#17032 = VERTEX_POINT('',#17033);
#17033 = CARTESIAN_POINT('',(0.16,-2.7,8.54));
#17034 = LINE('',#17035,#17036);
#17035 = CARTESIAN_POINT('',(0.16,-2.7,8.54));
#17036 = VECTOR('',#17037,1.);
#17037 = DIRECTION('',(-0.57735026919,0.57735026919,0.57735026919));
#17038 = ORIENTED_EDGE('',*,*,#17039,.F.);
#17039 = EDGE_CURVE('',#17023,#17032,#17040,.T.);
#17040 = LINE('',#17041,#17042);
#17041 = CARTESIAN_POINT('',(-0.32,-2.7,8.54));
#17042 = VECTOR('',#17043,1.);
#17043 = DIRECTION('',(1.,0.,0.));
#17044 = PLANE('',#17045);
#17045 = AXIS2_PLACEMENT_3D('',#17046,#17047,#17048);
#17046 = CARTESIAN_POINT('',(-0.32,-2.78,8.46));
#17047 = DIRECTION('',(-1.735167508357E-18,0.707106781187,
    -0.707106781187));
#17048 = DIRECTION('',(-1.,-1.226948711654E-18,1.226948711654E-18));
#17049 = ADVANCED_FACE('',(#17050),#17068,.T.);
#17050 = FACE_BOUND('',#17051,.T.);
#17051 = EDGE_LOOP('',(#17052,#17053,#17054,#17062));
#17052 = ORIENTED_EDGE('',*,*,#17031,.F.);
#17053 = ORIENTED_EDGE('',*,*,#16679,.T.);
#17054 = ORIENTED_EDGE('',*,*,#17055,.T.);
#17055 = EDGE_CURVE('',#16672,#17056,#17058,.T.);
#17056 = VERTEX_POINT('',#17057);
#17057 = CARTESIAN_POINT('',(0.16,-2.38,8.54));
#17058 = LINE('',#17059,#17060);
#17059 = CARTESIAN_POINT('',(5.333333333333E-02,-2.486666666667,
    8.646666666667));
#17060 = VECTOR('',#17061,1.);
#17061 = DIRECTION('',(-0.57735026919,-0.57735026919,0.57735026919));
#17062 = ORIENTED_EDGE('',*,*,#17063,.F.);
#17063 = EDGE_CURVE('',#17032,#17056,#17064,.T.);
#17064 = LINE('',#17065,#17066);
#17065 = CARTESIAN_POINT('',(0.16,-2.86,8.54));
#17066 = VECTOR('',#17067,1.);
#17067 = DIRECTION('',(0.,1.,0.));
#17068 = PLANE('',#17069);
#17069 = AXIS2_PLACEMENT_3D('',#17070,#17071,#17072);
#17070 = CARTESIAN_POINT('',(0.24,-2.86,8.46));
#17071 = DIRECTION('',(0.707106781187,-1.735167508357E-18,0.707106781187
    ));
#17072 = DIRECTION('',(1.226948711654E-18,1.,1.226948711654E-18));
#17073 = ADVANCED_FACE('',(#17074),#17092,.T.);
#17074 = FACE_BOUND('',#17075,.F.);
#17075 = EDGE_LOOP('',(#17076,#17084,#17085,#17086));
#17076 = ORIENTED_EDGE('',*,*,#17077,.F.);
#17077 = EDGE_CURVE('',#16696,#17078,#17080,.T.);
#17078 = VERTEX_POINT('',#17079);
#17079 = CARTESIAN_POINT('',(-0.16,-2.38,8.54));
#17080 = LINE('',#17081,#17082);
#17081 = CARTESIAN_POINT('',(-0.16,-2.38,8.54));
#17082 = VECTOR('',#17083,1.);
#17083 = DIRECTION('',(0.57735026919,-0.57735026919,0.57735026919));
#17084 = ORIENTED_EDGE('',*,*,#16703,.T.);
#17085 = ORIENTED_EDGE('',*,*,#17055,.T.);
#17086 = ORIENTED_EDGE('',*,*,#17087,.F.);
#17087 = EDGE_CURVE('',#17078,#17056,#17088,.T.);
#17088 = LINE('',#17089,#17090);
#17089 = CARTESIAN_POINT('',(-0.32,-2.38,8.54));
#17090 = VECTOR('',#17091,1.);
#17091 = DIRECTION('',(1.,0.,0.));
#17092 = PLANE('',#17093);
#17093 = AXIS2_PLACEMENT_3D('',#17094,#17095,#17096);
#17094 = CARTESIAN_POINT('',(-0.32,-2.3,8.46));
#17095 = DIRECTION('',(1.735167508357E-18,0.707106781187,0.707106781187)
  );
#17096 = DIRECTION('',(-1.,1.226948711654E-18,1.226948711654E-18));
#17097 = ADVANCED_FACE('',(#17098),#17109,.F.);
#17098 = FACE_BOUND('',#17099,.F.);
#17099 = EDGE_LOOP('',(#17100,#17101,#17102,#17103));
#17100 = ORIENTED_EDGE('',*,*,#17022,.F.);
#17101 = ORIENTED_EDGE('',*,*,#16720,.T.);
#17102 = ORIENTED_EDGE('',*,*,#17077,.T.);
#17103 = ORIENTED_EDGE('',*,*,#17104,.F.);
#17104 = EDGE_CURVE('',#17023,#17078,#17105,.T.);
#17105 = LINE('',#17106,#17107);
#17106 = CARTESIAN_POINT('',(-0.16,-2.86,8.54));
#17107 = VECTOR('',#17108,1.);
#17108 = DIRECTION('',(0.,1.,0.));
#17109 = PLANE('',#17110);
#17110 = AXIS2_PLACEMENT_3D('',#17111,#17112,#17113);
#17111 = CARTESIAN_POINT('',(-0.24,-2.86,8.46));
#17112 = DIRECTION('',(0.707106781187,1.735167508357E-18,-0.707106781187
    ));
#17113 = DIRECTION('',(-1.226948711654E-18,1.,1.226948711654E-18));
#17114 = ADVANCED_FACE('',(#17115),#17121,.F.);
#17115 = FACE_BOUND('',#17116,.F.);
#17116 = EDGE_LOOP('',(#17117,#17118,#17119,#17120));
#17117 = ORIENTED_EDGE('',*,*,#16816,.F.);
#17118 = ORIENTED_EDGE('',*,*,#16751,.T.);
#17119 = ORIENTED_EDGE('',*,*,#16775,.T.);
#17120 = ORIENTED_EDGE('',*,*,#16799,.F.);
#17121 = PLANE('',#17122);
#17122 = AXIS2_PLACEMENT_3D('',#17123,#17124,#17125);
#17123 = CARTESIAN_POINT('',(-0.32,-0.32,-3.));
#17124 = DIRECTION('',(0.,0.,1.));
#17125 = DIRECTION('',(1.,0.,-0.));
#17126 = ADVANCED_FACE('',(#17127),#17133,.F.);
#17127 = FACE_BOUND('',#17128,.F.);
#17128 = EDGE_LOOP('',(#17129,#17130,#17131,#17132));
#17129 = ORIENTED_EDGE('',*,*,#16912,.F.);
#17130 = ORIENTED_EDGE('',*,*,#16847,.T.);
#17131 = ORIENTED_EDGE('',*,*,#16871,.T.);
#17132 = ORIENTED_EDGE('',*,*,#16895,.F.);
#17133 = PLANE('',#17134);
#17134 = AXIS2_PLACEMENT_3D('',#17135,#17136,#17137);
#17135 = CARTESIAN_POINT('',(-0.32,-2.86,-3.));
#17136 = DIRECTION('',(0.,0.,1.));
#17137 = DIRECTION('',(1.,0.,-0.));
#17138 = ADVANCED_FACE('',(#17139),#17145,.T.);
#17139 = FACE_BOUND('',#17140,.T.);
#17140 = EDGE_LOOP('',(#17141,#17142,#17143,#17144));
#17141 = ORIENTED_EDGE('',*,*,#16991,.F.);
#17142 = ORIENTED_EDGE('',*,*,#17008,.F.);
#17143 = ORIENTED_EDGE('',*,*,#16943,.T.);
#17144 = ORIENTED_EDGE('',*,*,#16967,.T.);
#17145 = PLANE('',#17146);
#17146 = AXIS2_PLACEMENT_3D('',#17147,#17148,#17149);
#17147 = CARTESIAN_POINT('',(-0.32,-0.32,8.54));
#17148 = DIRECTION('',(0.,0.,1.));
#17149 = DIRECTION('',(1.,0.,-0.));
#17150 = ADVANCED_FACE('',(#17151),#17157,.T.);
#17151 = FACE_BOUND('',#17152,.T.);
#17152 = EDGE_LOOP('',(#17153,#17154,#17155,#17156));
#17153 = ORIENTED_EDGE('',*,*,#17087,.F.);
#17154 = ORIENTED_EDGE('',*,*,#17104,.F.);
#17155 = ORIENTED_EDGE('',*,*,#17039,.T.);
#17156 = ORIENTED_EDGE('',*,*,#17063,.T.);
#17157 = PLANE('',#17158);
#17158 = AXIS2_PLACEMENT_3D('',#17159,#17160,#17161);
#17159 = CARTESIAN_POINT('',(-0.32,-2.86,8.54));
#17160 = DIRECTION('',(0.,0.,1.));
#17161 = DIRECTION('',(1.,0.,-0.));
#17162 = ( GEOMETRIC_REPRESENTATION_CONTEXT(3) 
GLOBAL_UNCERTAINTY_ASSIGNED_CONTEXT((#17166)) 
GLOBAL_UNIT_ASSIGNED_CONTEXT((#17163,#17164,#17165)) 
REPRESENTATION_CONTEXT('Context #1',
  '3D Context with UNIT and UNCERTAINTY') );
#17163 = ( LENGTH_UNIT() NAMED_UNIT(*) SI_UNIT(.MILLI.,.METRE.) );
#17164 = ( NAMED_UNIT(*) PLANE_ANGLE_UNIT() SI_UNIT($,.RADIAN.) );
#17165 = ( NAMED_UNIT(*) SI_UNIT($,.STERADIAN.) SOLID_ANGLE_UNIT() );
#17166 = UNCERTAINTY_MEASURE_WITH_UNIT(LENGTH_MEASURE(1.E-07),#17163,
  'distance_accuracy_value','confusion accuracy');
#17167 = CONTEXT_DEPENDENT_SHAPE_REPRESENTATION(#17168,#17170);
#17168 = ( REPRESENTATION_RELATIONSHIP('','',#15729,#10) 
REPRESENTATION_RELATIONSHIP_WITH_TRANSFORMATION(#17169) 
SHAPE_REPRESENTATION_RELATIONSHIP() );
#17169 = ITEM_DEFINED_TRANSFORMATION('','',#11,#47);
#17170 = PRODUCT_DEFINITION_SHAPE('Placement','Placement of an item',
  #17171);
#17171 = NEXT_ASSEMBLY_USAGE_OCCURRENCE('9','BT1','',#5,#15724,$);
#17172 = PRODUCT_RELATED_PRODUCT_CATEGORY('part',$,(#15726));
#17173 = SHAPE_DEFINITION_REPRESENTATION(#17174,#17180);
#17174 = PRODUCT_DEFINITION_SHAPE('','',#17175);
#17175 = PRODUCT_DEFINITION('design','',#17176,#17179);
#17176 = PRODUCT_DEFINITION_FORMATION('','',#17177);
#17177 = PRODUCT('majigotcha_PCB','majigotcha_PCB','',(#17178));
#17178 = PRODUCT_CONTEXT('',#2,'mechanical');
#17179 = PRODUCT_DEFINITION_CONTEXT('part definition',#2,'design');
#17180 = ADVANCED_BREP_SHAPE_REPRESENTATION('',(#11,#17181),#18937);
#17181 = MANIFOLD_SOLID_BREP('',#17182);
#17182 = CLOSED_SHELL('',(#17183,#17223,#17254,#17285,#17748,#18211,
    #18223,#18240,#18257,#18274,#18291,#18308,#18325,#18342,#18359,
    #18376,#18393,#18410,#18427,#18444,#18461,#18483,#18500,#18517,
    #18529,#18546,#18563,#18580,#18597,#18614,#18636,#18653,#18670,
    #18682,#18699,#18716,#18733,#18750,#18767,#18784,#18801,#18818,
    #18835,#18852,#18869,#18886,#18903,#18920));
#17183 = ADVANCED_FACE('',(#17184),#17218,.T.);
#17184 = FACE_BOUND('',#17185,.T.);
#17185 = EDGE_LOOP('',(#17186,#17196,#17204,#17212));
#17186 = ORIENTED_EDGE('',*,*,#17187,.T.);
#17187 = EDGE_CURVE('',#17188,#17190,#17192,.T.);
#17188 = VERTEX_POINT('',#17189);
#17189 = CARTESIAN_POINT('',(197.249286,-108.449836,0.));
#17190 = VERTEX_POINT('',#17191);
#17191 = CARTESIAN_POINT('',(197.249286,-108.449836,1.51));
#17192 = LINE('',#17193,#17194);
#17193 = CARTESIAN_POINT('',(197.249286,-108.449836,0.));
#17194 = VECTOR('',#17195,1.);
#17195 = DIRECTION('',(0.,0.,1.));
#17196 = ORIENTED_EDGE('',*,*,#17197,.T.);
#17197 = EDGE_CURVE('',#17190,#17198,#17200,.T.);
#17198 = VERTEX_POINT('',#17199);
#17199 = CARTESIAN_POINT('',(154.399491,-108.449836,1.51));
#17200 = LINE('',#17201,#17202);
#17201 = CARTESIAN_POINT('',(197.249286,-108.449836,1.51));
#17202 = VECTOR('',#17203,1.);
#17203 = DIRECTION('',(-1.,0.,0.));
#17204 = ORIENTED_EDGE('',*,*,#17205,.F.);
#17205 = EDGE_CURVE('',#17206,#17198,#17208,.T.);
#17206 = VERTEX_POINT('',#17207);
#17207 = CARTESIAN_POINT('',(154.399491,-108.449836,0.));
#17208 = LINE('',#17209,#17210);
#17209 = CARTESIAN_POINT('',(154.399491,-108.449836,0.));
#17210 = VECTOR('',#17211,1.);
#17211 = DIRECTION('',(0.,0.,1.));
#17212 = ORIENTED_EDGE('',*,*,#17213,.F.);
#17213 = EDGE_CURVE('',#17188,#17206,#17214,.T.);
#17214 = LINE('',#17215,#17216);
#17215 = CARTESIAN_POINT('',(197.249286,-108.449836,0.));
#17216 = VECTOR('',#17217,1.);
#17217 = DIRECTION('',(-1.,0.,0.));
#17218 = PLANE('',#17219);
#17219 = AXIS2_PLACEMENT_3D('',#17220,#17221,#17222);
#17220 = CARTESIAN_POINT('',(197.249286,-108.449836,0.));
#17221 = DIRECTION('',(0.,-1.,0.));
#17222 = DIRECTION('',(-1.,0.,0.));
#17223 = ADVANCED_FACE('',(#17224),#17249,.T.);
#17224 = FACE_BOUND('',#17225,.T.);
#17225 = EDGE_LOOP('',(#17226,#17236,#17242,#17243));
#17226 = ORIENTED_EDGE('',*,*,#17227,.T.);
#17227 = EDGE_CURVE('',#17228,#17230,#17232,.T.);
#17228 = VERTEX_POINT('',#17229);
#17229 = CARTESIAN_POINT('',(197.249286,-68.800001,0.));
#17230 = VERTEX_POINT('',#17231);
#17231 = CARTESIAN_POINT('',(197.249286,-68.800001,1.51));
#17232 = LINE('',#17233,#17234);
#17233 = CARTESIAN_POINT('',(197.249286,-68.800001,0.));
#17234 = VECTOR('',#17235,1.);
#17235 = DIRECTION('',(0.,0.,1.));
#17236 = ORIENTED_EDGE('',*,*,#17237,.T.);
#17237 = EDGE_CURVE('',#17230,#17190,#17238,.T.);
#17238 = LINE('',#17239,#17240);
#17239 = CARTESIAN_POINT('',(197.249286,-68.800001,1.51));
#17240 = VECTOR('',#17241,1.);
#17241 = DIRECTION('',(0.,-1.,0.));
#17242 = ORIENTED_EDGE('',*,*,#17187,.F.);
#17243 = ORIENTED_EDGE('',*,*,#17244,.F.);
#17244 = EDGE_CURVE('',#17228,#17188,#17245,.T.);
#17245 = LINE('',#17246,#17247);
#17246 = CARTESIAN_POINT('',(197.249286,-68.800001,0.));
#17247 = VECTOR('',#17248,1.);
#17248 = DIRECTION('',(0.,-1.,0.));
#17249 = PLANE('',#17250);
#17250 = AXIS2_PLACEMENT_3D('',#17251,#17252,#17253);
#17251 = CARTESIAN_POINT('',(197.249286,-68.800001,0.));
#17252 = DIRECTION('',(1.,0.,-0.));
#17253 = DIRECTION('',(0.,-1.,0.));
#17254 = ADVANCED_FACE('',(#17255),#17280,.T.);
#17255 = FACE_BOUND('',#17256,.T.);
#17256 = EDGE_LOOP('',(#17257,#17258,#17266,#17274));
#17257 = ORIENTED_EDGE('',*,*,#17205,.T.);
#17258 = ORIENTED_EDGE('',*,*,#17259,.T.);
#17259 = EDGE_CURVE('',#17198,#17260,#17262,.T.);
#17260 = VERTEX_POINT('',#17261);
#17261 = CARTESIAN_POINT('',(154.399491,-68.800001,1.51));
#17262 = LINE('',#17263,#17264);
#17263 = CARTESIAN_POINT('',(154.399491,-108.449836,1.51));
#17264 = VECTOR('',#17265,1.);
#17265 = DIRECTION('',(0.,1.,0.));
#17266 = ORIENTED_EDGE('',*,*,#17267,.F.);
#17267 = EDGE_CURVE('',#17268,#17260,#17270,.T.);
#17268 = VERTEX_POINT('',#17269);
#17269 = CARTESIAN_POINT('',(154.399491,-68.800001,0.));
#17270 = LINE('',#17271,#17272);
#17271 = CARTESIAN_POINT('',(154.399491,-68.800001,0.));
#17272 = VECTOR('',#17273,1.);
#17273 = DIRECTION('',(0.,0.,1.));
#17274 = ORIENTED_EDGE('',*,*,#17275,.F.);
#17275 = EDGE_CURVE('',#17206,#17268,#17276,.T.);
#17276 = LINE('',#17277,#17278);
#17277 = CARTESIAN_POINT('',(154.399491,-108.449836,0.));
#17278 = VECTOR('',#17279,1.);
#17279 = DIRECTION('',(0.,1.,0.));
#17280 = PLANE('',#17281);
#17281 = AXIS2_PLACEMENT_3D('',#17282,#17283,#17284);
#17282 = CARTESIAN_POINT('',(154.399491,-108.449836,0.));
#17283 = DIRECTION('',(-1.,0.,0.));
#17284 = DIRECTION('',(0.,1.,0.));
#17285 = ADVANCED_FACE('',(#17286,#17297,#17308,#17319,#17330,#17341,
    #17352,#17363,#17374,#17385,#17396,#17407,#17418,#17429,#17440,
    #17451,#17487,#17498,#17509,#17520,#17531,#17542,#17578,#17589,
    #17600,#17611,#17622,#17633,#17644,#17655,#17666,#17677,#17688,
    #17699,#17710,#17721,#17732),#17743,.F.);
#17286 = FACE_BOUND('',#17287,.F.);
#17287 = EDGE_LOOP('',(#17288,#17289,#17290,#17296));
#17288 = ORIENTED_EDGE('',*,*,#17213,.F.);
#17289 = ORIENTED_EDGE('',*,*,#17244,.F.);
#17290 = ORIENTED_EDGE('',*,*,#17291,.F.);
#17291 = EDGE_CURVE('',#17268,#17228,#17292,.T.);
#17292 = LINE('',#17293,#17294);
#17293 = CARTESIAN_POINT('',(154.399491,-68.800001,0.));
#17294 = VECTOR('',#17295,1.);
#17295 = DIRECTION('',(1.,0.,0.));
#17296 = ORIENTED_EDGE('',*,*,#17275,.F.);
#17297 = FACE_BOUND('',#17298,.F.);
#17298 = EDGE_LOOP('',(#17299));
#17299 = ORIENTED_EDGE('',*,*,#17300,.T.);
#17300 = EDGE_CURVE('',#17301,#17301,#17303,.T.);
#17301 = VERTEX_POINT('',#17302);
#17302 = CARTESIAN_POINT('',(157.700021,-104.199985,0.));
#17303 = CIRCLE('',#17304,0.55);
#17304 = AXIS2_PLACEMENT_3D('',#17305,#17306,#17307);
#17305 = CARTESIAN_POINT('',(157.700021,-103.649985,0.));
#17306 = DIRECTION('',(-0.,0.,-1.));
#17307 = DIRECTION('',(-0.,-1.,0.));
#17308 = FACE_BOUND('',#17309,.F.);
#17309 = EDGE_LOOP('',(#17310));
#17310 = ORIENTED_EDGE('',*,*,#17311,.T.);
#17311 = EDGE_CURVE('',#17312,#17312,#17314,.T.);
#17312 = VERTEX_POINT('',#17313);
#17313 = CARTESIAN_POINT('',(164.200021,-104.199985,0.));
#17314 = CIRCLE('',#17315,0.55);
#17315 = AXIS2_PLACEMENT_3D('',#17316,#17317,#17318);
#17316 = CARTESIAN_POINT('',(164.200021,-103.649985,0.));
#17317 = DIRECTION('',(-0.,0.,-1.));
#17318 = DIRECTION('',(-0.,-1.,0.));
#17319 = FACE_BOUND('',#17320,.F.);
#17320 = EDGE_LOOP('',(#17321));
#17321 = ORIENTED_EDGE('',*,*,#17322,.T.);
#17322 = EDGE_CURVE('',#17323,#17323,#17325,.T.);
#17323 = VERTEX_POINT('',#17324);
#17324 = CARTESIAN_POINT('',(157.700021,-99.699985,0.));
#17325 = CIRCLE('',#17326,0.55);
#17326 = AXIS2_PLACEMENT_3D('',#17327,#17328,#17329);
#17327 = CARTESIAN_POINT('',(157.700021,-99.149985,0.));
#17328 = DIRECTION('',(-0.,0.,-1.));
#17329 = DIRECTION('',(-0.,-1.,0.));
#17330 = FACE_BOUND('',#17331,.F.);
#17331 = EDGE_LOOP('',(#17332));
#17332 = ORIENTED_EDGE('',*,*,#17333,.T.);
#17333 = EDGE_CURVE('',#17334,#17334,#17336,.T.);
#17334 = VERTEX_POINT('',#17335);
#17335 = CARTESIAN_POINT('',(164.200021,-99.699985,0.));
#17336 = CIRCLE('',#17337,0.55);
#17337 = AXIS2_PLACEMENT_3D('',#17338,#17339,#17340);
#17338 = CARTESIAN_POINT('',(164.200021,-99.149985,0.));
#17339 = DIRECTION('',(-0.,0.,-1.));
#17340 = DIRECTION('',(-0.,-1.,0.));
#17341 = FACE_BOUND('',#17342,.F.);
#17342 = EDGE_LOOP('',(#17343));
#17343 = ORIENTED_EDGE('',*,*,#17344,.T.);
#17344 = EDGE_CURVE('',#17345,#17345,#17347,.T.);
#17345 = VERTEX_POINT('',#17346);
#17346 = CARTESIAN_POINT('',(162.400027,-96.550018,0.));
#17347 = CIRCLE('',#17348,0.55);
#17348 = AXIS2_PLACEMENT_3D('',#17349,#17350,#17351);
#17349 = CARTESIAN_POINT('',(162.400027,-96.000018,0.));
#17350 = DIRECTION('',(-0.,0.,-1.));
#17351 = DIRECTION('',(-5.167583532801E-14,-1.,0.));
#17352 = FACE_BOUND('',#17353,.F.);
#17353 = EDGE_LOOP('',(#17354));
#17354 = ORIENTED_EDGE('',*,*,#17355,.T.);
#17355 = EDGE_CURVE('',#17356,#17356,#17358,.T.);
#17356 = VERTEX_POINT('',#17357);
#17357 = CARTESIAN_POINT('',(167.25,-104.2,0.));
#17358 = CIRCLE('',#17359,0.55);
#17359 = AXIS2_PLACEMENT_3D('',#17360,#17361,#17362);
#17360 = CARTESIAN_POINT('',(167.25,-103.65,0.));
#17361 = DIRECTION('',(-0.,0.,-1.));
#17362 = DIRECTION('',(-0.,-1.,0.));
#17363 = FACE_BOUND('',#17364,.F.);
#17364 = EDGE_LOOP('',(#17365));
#17365 = ORIENTED_EDGE('',*,*,#17366,.T.);
#17366 = EDGE_CURVE('',#17367,#17367,#17369,.T.);
#17367 = VERTEX_POINT('',#17368);
#17368 = CARTESIAN_POINT('',(173.75,-104.2,0.));
#17369 = CIRCLE('',#17370,0.55);
#17370 = AXIS2_PLACEMENT_3D('',#17371,#17372,#17373);
#17371 = CARTESIAN_POINT('',(173.75,-103.65,0.));
#17372 = DIRECTION('',(-0.,0.,-1.));
#17373 = DIRECTION('',(-0.,-1.,0.));
#17374 = FACE_BOUND('',#17375,.F.);
#17375 = EDGE_LOOP('',(#17376));
#17376 = ORIENTED_EDGE('',*,*,#17377,.T.);
#17377 = EDGE_CURVE('',#17378,#17378,#17380,.T.);
#17378 = VERTEX_POINT('',#17379);
#17379 = CARTESIAN_POINT('',(167.25,-99.7,0.));
#17380 = CIRCLE('',#17381,0.55);
#17381 = AXIS2_PLACEMENT_3D('',#17382,#17383,#17384);
#17382 = CARTESIAN_POINT('',(167.25,-99.15,0.));
#17383 = DIRECTION('',(-0.,0.,-1.));
#17384 = DIRECTION('',(-0.,-1.,0.));
#17385 = FACE_BOUND('',#17386,.F.);
#17386 = EDGE_LOOP('',(#17387));
#17387 = ORIENTED_EDGE('',*,*,#17388,.T.);
#17388 = EDGE_CURVE('',#17389,#17389,#17391,.T.);
#17389 = VERTEX_POINT('',#17390);
#17390 = CARTESIAN_POINT('',(168.900027,-96.550018,0.));
#17391 = CIRCLE('',#17392,0.55);
#17392 = AXIS2_PLACEMENT_3D('',#17393,#17394,#17395);
#17393 = CARTESIAN_POINT('',(168.900027,-96.000018,0.));
#17394 = DIRECTION('',(-0.,0.,-1.));
#17395 = DIRECTION('',(-5.167583532801E-14,-1.,0.));
#17396 = FACE_BOUND('',#17397,.F.);
#17397 = EDGE_LOOP('',(#17398));
#17398 = ORIENTED_EDGE('',*,*,#17399,.T.);
#17399 = EDGE_CURVE('',#17400,#17400,#17402,.T.);
#17400 = VERTEX_POINT('',#17401);
#17401 = CARTESIAN_POINT('',(173.75,-99.7,0.));
#17402 = CIRCLE('',#17403,0.55);
#17403 = AXIS2_PLACEMENT_3D('',#17404,#17405,#17406);
#17404 = CARTESIAN_POINT('',(173.75,-99.15,0.));
#17405 = DIRECTION('',(-0.,0.,-1.));
#17406 = DIRECTION('',(-0.,-1.,0.));
#17407 = FACE_BOUND('',#17408,.F.);
#17408 = EDGE_LOOP('',(#17409));
#17409 = ORIENTED_EDGE('',*,*,#17410,.F.);
#17410 = EDGE_CURVE('',#17411,#17411,#17413,.T.);
#17411 = VERTEX_POINT('',#17412);
#17412 = CARTESIAN_POINT('',(159.809975,-92.6,0.));
#17413 = CIRCLE('',#17414,2.009975);
#17414 = AXIS2_PLACEMENT_3D('',#17415,#17416,#17417);
#17415 = CARTESIAN_POINT('',(157.8,-92.6,0.));
#17416 = DIRECTION('',(0.,0.,1.));
#17417 = DIRECTION('',(1.,0.,-0.));
#17418 = FACE_BOUND('',#17419,.F.);
#17419 = EDGE_LOOP('',(#17420));
#17420 = ORIENTED_EDGE('',*,*,#17421,.T.);
#17421 = EDGE_CURVE('',#17422,#17422,#17424,.T.);
#17422 = VERTEX_POINT('',#17423);
#17423 = CARTESIAN_POINT('',(162.400027,-92.050018,0.));
#17424 = CIRCLE('',#17425,0.55);
#17425 = AXIS2_PLACEMENT_3D('',#17426,#17427,#17428);
#17426 = CARTESIAN_POINT('',(162.400027,-91.500018,0.));
#17427 = DIRECTION('',(-0.,0.,-1.));
#17428 = DIRECTION('',(-5.167583532801E-14,-1.,0.));
#17429 = FACE_BOUND('',#17430,.F.);
#17430 = EDGE_LOOP('',(#17431));
#17431 = ORIENTED_EDGE('',*,*,#17432,.T.);
#17432 = EDGE_CURVE('',#17433,#17433,#17435,.T.);
#17433 = VERTEX_POINT('',#17434);
#17434 = CARTESIAN_POINT('',(168.900027,-92.050018,0.));
#17435 = CIRCLE('',#17436,0.55);
#17436 = AXIS2_PLACEMENT_3D('',#17437,#17438,#17439);
#17437 = CARTESIAN_POINT('',(168.900027,-91.500018,0.));
#17438 = DIRECTION('',(-0.,0.,-1.));
#17439 = DIRECTION('',(-5.167583532801E-14,-1.,0.));
#17440 = FACE_BOUND('',#17441,.F.);
#17441 = EDGE_LOOP('',(#17442));
#17442 = ORIENTED_EDGE('',*,*,#17443,.T.);
#17443 = EDGE_CURVE('',#17444,#17444,#17446,.T.);
#17444 = VERTEX_POINT('',#17445);
#17445 = CARTESIAN_POINT('',(158.025,-83.8,0.));
#17446 = CIRCLE('',#17447,0.5);
#17447 = AXIS2_PLACEMENT_3D('',#17448,#17449,#17450);
#17448 = CARTESIAN_POINT('',(158.025,-83.3,0.));
#17449 = DIRECTION('',(-0.,0.,-1.));
#17450 = DIRECTION('',(-0.,-1.,0.));
#17451 = FACE_BOUND('',#17452,.F.);
#17452 = EDGE_LOOP('',(#17453,#17464,#17472,#17481));
#17453 = ORIENTED_EDGE('',*,*,#17454,.T.);
#17454 = EDGE_CURVE('',#17455,#17457,#17459,.T.);
#17455 = VERTEX_POINT('',#17456);
#17456 = CARTESIAN_POINT('',(165.875,-85.05,0.));
#17457 = VERTEX_POINT('',#17458);
#17458 = CARTESIAN_POINT('',(165.875,-86.15,0.));
#17459 = CIRCLE('',#17460,0.55);
#17460 = AXIS2_PLACEMENT_3D('',#17461,#17462,#17463);
#17461 = CARTESIAN_POINT('',(165.875,-85.6,0.));
#17462 = DIRECTION('',(-0.,0.,-1.));
#17463 = DIRECTION('',(-0.,-1.,0.));
#17464 = ORIENTED_EDGE('',*,*,#17465,.T.);
#17465 = EDGE_CURVE('',#17457,#17466,#17468,.T.);
#17466 = VERTEX_POINT('',#17467);
#17467 = CARTESIAN_POINT('',(165.175,-86.15,0.));
#17468 = LINE('',#17469,#17470);
#17469 = CARTESIAN_POINT('',(82.5875,-86.15,0.));
#17470 = VECTOR('',#17471,1.);
#17471 = DIRECTION('',(-1.,0.,0.));
#17472 = ORIENTED_EDGE('',*,*,#17473,.T.);
#17473 = EDGE_CURVE('',#17466,#17474,#17476,.T.);
#17474 = VERTEX_POINT('',#17475);
#17475 = CARTESIAN_POINT('',(165.175,-85.05,0.));
#17476 = CIRCLE('',#17477,0.55);
#17477 = AXIS2_PLACEMENT_3D('',#17478,#17479,#17480);
#17478 = CARTESIAN_POINT('',(165.175,-85.6,0.));
#17479 = DIRECTION('',(-0.,0.,-1.));
#17480 = DIRECTION('',(0.,1.,0.));
#17481 = ORIENTED_EDGE('',*,*,#17482,.T.);
#17482 = EDGE_CURVE('',#17474,#17455,#17483,.T.);
#17483 = LINE('',#17484,#17485);
#17484 = CARTESIAN_POINT('',(82.9375,-85.05,0.));
#17485 = VECTOR('',#17486,1.);
#17486 = DIRECTION('',(1.,0.,-0.));
#17487 = FACE_BOUND('',#17488,.F.);
#17488 = EDGE_LOOP('',(#17489));
#17489 = ORIENTED_EDGE('',*,*,#17490,.T.);
#17490 = EDGE_CURVE('',#17491,#17491,#17493,.T.);
#17491 = VERTEX_POINT('',#17492);
#17492 = CARTESIAN_POINT('',(158.025,-81.3,0.));
#17493 = CIRCLE('',#17494,0.5);
#17494 = AXIS2_PLACEMENT_3D('',#17495,#17496,#17497);
#17495 = CARTESIAN_POINT('',(158.025,-80.8,0.));
#17496 = DIRECTION('',(-0.,0.,-1.));
#17497 = DIRECTION('',(-0.,-1.,0.));
#17498 = FACE_BOUND('',#17499,.F.);
#17499 = EDGE_LOOP('',(#17500));
#17500 = ORIENTED_EDGE('',*,*,#17501,.T.);
#17501 = EDGE_CURVE('',#17502,#17502,#17504,.T.);
#17502 = VERTEX_POINT('',#17503);
#17503 = CARTESIAN_POINT('',(173.399422,-86.25,0.));
#17504 = CIRCLE('',#17505,0.5);
#17505 = AXIS2_PLACEMENT_3D('',#17506,#17507,#17508);
#17506 = CARTESIAN_POINT('',(173.399422,-85.75,0.));
#17507 = DIRECTION('',(-0.,0.,-1.));
#17508 = DIRECTION('',(-0.,-1.,0.));
#17509 = FACE_BOUND('',#17510,.F.);
#17510 = EDGE_LOOP('',(#17511));
#17511 = ORIENTED_EDGE('',*,*,#17512,.T.);
#17512 = EDGE_CURVE('',#17513,#17513,#17515,.T.);
#17513 = VERTEX_POINT('',#17514);
#17514 = CARTESIAN_POINT('',(173.399422,-83.71,0.));
#17515 = CIRCLE('',#17516,0.5);
#17516 = AXIS2_PLACEMENT_3D('',#17517,#17518,#17519);
#17517 = CARTESIAN_POINT('',(173.399422,-83.21,0.));
#17518 = DIRECTION('',(-0.,0.,-1.));
#17519 = DIRECTION('',(-0.,-1.,0.));
#17520 = FACE_BOUND('',#17521,.F.);
#17521 = EDGE_LOOP('',(#17522));
#17522 = ORIENTED_EDGE('',*,*,#17523,.T.);
#17523 = EDGE_CURVE('',#17524,#17524,#17526,.T.);
#17524 = VERTEX_POINT('',#17525);
#17525 = CARTESIAN_POINT('',(173.399422,-81.17,0.));
#17526 = CIRCLE('',#17527,0.5);
#17527 = AXIS2_PLACEMENT_3D('',#17528,#17529,#17530);
#17528 = CARTESIAN_POINT('',(173.399422,-80.67,0.));
#17529 = DIRECTION('',(-0.,0.,-1.));
#17530 = DIRECTION('',(-0.,-1.,0.));
#17531 = FACE_BOUND('',#17532,.F.);
#17532 = EDGE_LOOP('',(#17533));
#17533 = ORIENTED_EDGE('',*,*,#17534,.T.);
#17534 = EDGE_CURVE('',#17535,#17535,#17537,.T.);
#17535 = VERTEX_POINT('',#17536);
#17536 = CARTESIAN_POINT('',(158.025,-78.8,0.));
#17537 = CIRCLE('',#17538,0.5);
#17538 = AXIS2_PLACEMENT_3D('',#17539,#17540,#17541);
#17539 = CARTESIAN_POINT('',(158.025,-78.3,0.));
#17540 = DIRECTION('',(-0.,0.,-1.));
#17541 = DIRECTION('',(-0.,-1.,0.));
#17542 = FACE_BOUND('',#17543,.F.);
#17543 = EDGE_LOOP('',(#17544,#17555,#17563,#17572));
#17544 = ORIENTED_EDGE('',*,*,#17545,.T.);
#17545 = EDGE_CURVE('',#17546,#17548,#17550,.T.);
#17546 = VERTEX_POINT('',#17547);
#17547 = CARTESIAN_POINT('',(165.875,-75.45,0.));
#17548 = VERTEX_POINT('',#17549);
#17549 = CARTESIAN_POINT('',(165.875,-76.55,0.));
#17550 = CIRCLE('',#17551,0.55);
#17551 = AXIS2_PLACEMENT_3D('',#17552,#17553,#17554);
#17552 = CARTESIAN_POINT('',(165.875,-76.,0.));
#17553 = DIRECTION('',(-0.,0.,-1.));
#17554 = DIRECTION('',(-0.,-1.,0.));
#17555 = ORIENTED_EDGE('',*,*,#17556,.T.);
#17556 = EDGE_CURVE('',#17548,#17557,#17559,.T.);
#17557 = VERTEX_POINT('',#17558);
#17558 = CARTESIAN_POINT('',(165.175,-76.55,0.));
#17559 = LINE('',#17560,#17561);
#17560 = CARTESIAN_POINT('',(82.5875,-76.55,0.));
#17561 = VECTOR('',#17562,1.);
#17562 = DIRECTION('',(-1.,0.,0.));
#17563 = ORIENTED_EDGE('',*,*,#17564,.T.);
#17564 = EDGE_CURVE('',#17557,#17565,#17567,.T.);
#17565 = VERTEX_POINT('',#17566);
#17566 = CARTESIAN_POINT('',(165.175,-75.45,0.));
#17567 = CIRCLE('',#17568,0.55);
#17568 = AXIS2_PLACEMENT_3D('',#17569,#17570,#17571);
#17569 = CARTESIAN_POINT('',(165.175,-76.,0.));
#17570 = DIRECTION('',(-0.,0.,-1.));
#17571 = DIRECTION('',(0.,1.,0.));
#17572 = ORIENTED_EDGE('',*,*,#17573,.T.);
#17573 = EDGE_CURVE('',#17565,#17546,#17574,.T.);
#17574 = LINE('',#17575,#17576);
#17575 = CARTESIAN_POINT('',(82.9375,-75.45,0.));
#17576 = VECTOR('',#17577,1.);
#17577 = DIRECTION('',(1.,0.,-0.));
#17578 = FACE_BOUND('',#17579,.F.);
#17579 = EDGE_LOOP('',(#17580));
#17580 = ORIENTED_EDGE('',*,*,#17581,.T.);
#17581 = EDGE_CURVE('',#17582,#17582,#17584,.T.);
#17582 = VERTEX_POINT('',#17583);
#17583 = CARTESIAN_POINT('',(173.399422,-78.63,0.));
#17584 = CIRCLE('',#17585,0.5);
#17585 = AXIS2_PLACEMENT_3D('',#17586,#17587,#17588);
#17586 = CARTESIAN_POINT('',(173.399422,-78.13,0.));
#17587 = DIRECTION('',(-0.,0.,-1.));
#17588 = DIRECTION('',(-0.,-1.,0.));
#17589 = FACE_BOUND('',#17590,.F.);
#17590 = EDGE_LOOP('',(#17591));
#17591 = ORIENTED_EDGE('',*,*,#17592,.T.);
#17592 = EDGE_CURVE('',#17593,#17593,#17595,.T.);
#17593 = VERTEX_POINT('',#17594);
#17594 = CARTESIAN_POINT('',(173.399422,-76.09,0.));
#17595 = CIRCLE('',#17596,0.5);
#17596 = AXIS2_PLACEMENT_3D('',#17597,#17598,#17599);
#17597 = CARTESIAN_POINT('',(173.399422,-75.59,0.));
#17598 = DIRECTION('',(-0.,0.,-1.));
#17599 = DIRECTION('',(-0.,-1.,0.));
#17600 = FACE_BOUND('',#17601,.F.);
#17601 = EDGE_LOOP('',(#17602));
#17602 = ORIENTED_EDGE('',*,*,#17603,.T.);
#17603 = EDGE_CURVE('',#17604,#17604,#17606,.T.);
#17604 = VERTEX_POINT('',#17605);
#17605 = CARTESIAN_POINT('',(167.46,-72.7,0.));
#17606 = CIRCLE('',#17607,0.5);
#17607 = AXIS2_PLACEMENT_3D('',#17608,#17609,#17610);
#17608 = CARTESIAN_POINT('',(167.46,-72.2,0.));
#17609 = DIRECTION('',(-0.,0.,-1.));
#17610 = DIRECTION('',(-0.,-1.,0.));
#17611 = FACE_BOUND('',#17612,.F.);
#17612 = EDGE_LOOP('',(#17613));
#17613 = ORIENTED_EDGE('',*,*,#17614,.T.);
#17614 = EDGE_CURVE('',#17615,#17615,#17617,.T.);
#17615 = VERTEX_POINT('',#17616);
#17616 = CARTESIAN_POINT('',(170.,-72.7,0.));
#17617 = CIRCLE('',#17618,0.5);
#17618 = AXIS2_PLACEMENT_3D('',#17619,#17620,#17621);
#17619 = CARTESIAN_POINT('',(170.,-72.2,0.));
#17620 = DIRECTION('',(-0.,0.,-1.));
#17621 = DIRECTION('',(-0.,-1.,0.));
#17622 = FACE_BOUND('',#17623,.F.);
#17623 = EDGE_LOOP('',(#17624));
#17624 = ORIENTED_EDGE('',*,*,#17625,.T.);
#17625 = EDGE_CURVE('',#17626,#17626,#17628,.T.);
#17626 = VERTEX_POINT('',#17627);
#17627 = CARTESIAN_POINT('',(173.399422,-73.55,0.));
#17628 = CIRCLE('',#17629,0.5);
#17629 = AXIS2_PLACEMENT_3D('',#17630,#17631,#17632);
#17630 = CARTESIAN_POINT('',(173.399422,-73.05,0.));
#17631 = DIRECTION('',(-0.,0.,-1.));
#17632 = DIRECTION('',(-0.,-1.,0.));
#17633 = FACE_BOUND('',#17634,.F.);
#17634 = EDGE_LOOP('',(#17635));
#17635 = ORIENTED_EDGE('',*,*,#17636,.T.);
#17636 = EDGE_CURVE('',#17637,#17637,#17639,.T.);
#17637 = VERTEX_POINT('',#17638);
#17638 = CARTESIAN_POINT('',(184.8,-83.14,0.));
#17639 = CIRCLE('',#17640,0.5);
#17640 = AXIS2_PLACEMENT_3D('',#17641,#17642,#17643);
#17641 = CARTESIAN_POINT('',(184.8,-82.64,0.));
#17642 = DIRECTION('',(-0.,0.,-1.));
#17643 = DIRECTION('',(-0.,-1.,0.));
#17644 = FACE_BOUND('',#17645,.F.);
#17645 = EDGE_LOOP('',(#17646));
#17646 = ORIENTED_EDGE('',*,*,#17647,.T.);
#17647 = EDGE_CURVE('',#17648,#17648,#17650,.T.);
#17648 = VERTEX_POINT('',#17649);
#17649 = CARTESIAN_POINT('',(184.8,-80.6,0.));
#17650 = CIRCLE('',#17651,0.5);
#17651 = AXIS2_PLACEMENT_3D('',#17652,#17653,#17654);
#17652 = CARTESIAN_POINT('',(184.8,-80.1,0.));
#17653 = DIRECTION('',(-0.,0.,-1.));
#17654 = DIRECTION('',(-0.,-1.,0.));
#17655 = FACE_BOUND('',#17656,.F.);
#17656 = EDGE_LOOP('',(#17657));
#17657 = ORIENTED_EDGE('',*,*,#17658,.T.);
#17658 = EDGE_CURVE('',#17659,#17659,#17661,.T.);
#17659 = VERTEX_POINT('',#17660);
#17660 = CARTESIAN_POINT('',(188.72,-85.6,0.));
#17661 = CIRCLE('',#17662,0.5);
#17662 = AXIS2_PLACEMENT_3D('',#17663,#17664,#17665);
#17663 = CARTESIAN_POINT('',(188.72,-85.1,0.));
#17664 = DIRECTION('',(-0.,0.,-1.));
#17665 = DIRECTION('',(-0.,-1.,0.));
#17666 = FACE_BOUND('',#17667,.F.);
#17667 = EDGE_LOOP('',(#17668));
#17668 = ORIENTED_EDGE('',*,*,#17669,.T.);
#17669 = EDGE_CURVE('',#17670,#17670,#17672,.T.);
#17670 = VERTEX_POINT('',#17671);
#17671 = CARTESIAN_POINT('',(191.26,-85.6,0.));
#17672 = CIRCLE('',#17673,0.5);
#17673 = AXIS2_PLACEMENT_3D('',#17674,#17675,#17676);
#17674 = CARTESIAN_POINT('',(191.26,-85.1,0.));
#17675 = DIRECTION('',(-0.,0.,-1.));
#17676 = DIRECTION('',(-0.,-1.,0.));
#17677 = FACE_BOUND('',#17678,.F.);
#17678 = EDGE_LOOP('',(#17679));
#17679 = ORIENTED_EDGE('',*,*,#17680,.T.);
#17680 = EDGE_CURVE('',#17681,#17681,#17683,.T.);
#17681 = VERTEX_POINT('',#17682);
#17682 = CARTESIAN_POINT('',(193.8,-85.6,0.));
#17683 = CIRCLE('',#17684,0.5);
#17684 = AXIS2_PLACEMENT_3D('',#17685,#17686,#17687);
#17685 = CARTESIAN_POINT('',(193.8,-85.1,0.));
#17686 = DIRECTION('',(-0.,0.,-1.));
#17687 = DIRECTION('',(-0.,-1.,0.));
#17688 = FACE_BOUND('',#17689,.F.);
#17689 = EDGE_LOOP('',(#17690));
#17690 = ORIENTED_EDGE('',*,*,#17691,.T.);
#17691 = EDGE_CURVE('',#17692,#17692,#17694,.T.);
#17692 = VERTEX_POINT('',#17693);
#17693 = CARTESIAN_POINT('',(181.66,-71.675,0.));
#17694 = CIRCLE('',#17695,0.5);
#17695 = AXIS2_PLACEMENT_3D('',#17696,#17697,#17698);
#17696 = CARTESIAN_POINT('',(181.66,-71.175,0.));
#17697 = DIRECTION('',(-0.,0.,-1.));
#17698 = DIRECTION('',(-0.,-1.,0.));
#17699 = FACE_BOUND('',#17700,.F.);
#17700 = EDGE_LOOP('',(#17701));
#17701 = ORIENTED_EDGE('',*,*,#17702,.T.);
#17702 = EDGE_CURVE('',#17703,#17703,#17705,.T.);
#17703 = VERTEX_POINT('',#17704);
#17704 = CARTESIAN_POINT('',(184.2,-71.675,0.));
#17705 = CIRCLE('',#17706,0.5);
#17706 = AXIS2_PLACEMENT_3D('',#17707,#17708,#17709);
#17707 = CARTESIAN_POINT('',(184.2,-71.175,0.));
#17708 = DIRECTION('',(-0.,0.,-1.));
#17709 = DIRECTION('',(-0.,-1.,0.));
#17710 = FACE_BOUND('',#17711,.F.);
#17711 = EDGE_LOOP('',(#17712));
#17712 = ORIENTED_EDGE('',*,*,#17713,.T.);
#17713 = EDGE_CURVE('',#17714,#17714,#17716,.T.);
#17714 = VERTEX_POINT('',#17715);
#17715 = CARTESIAN_POINT('',(186.74,-71.675,0.));
#17716 = CIRCLE('',#17717,0.5);
#17717 = AXIS2_PLACEMENT_3D('',#17718,#17719,#17720);
#17718 = CARTESIAN_POINT('',(186.74,-71.175,0.));
#17719 = DIRECTION('',(-0.,0.,-1.));
#17720 = DIRECTION('',(-0.,-1.,0.));
#17721 = FACE_BOUND('',#17722,.F.);
#17722 = EDGE_LOOP('',(#17723));
#17723 = ORIENTED_EDGE('',*,*,#17724,.T.);
#17724 = EDGE_CURVE('',#17725,#17725,#17727,.T.);
#17725 = VERTEX_POINT('',#17726);
#17726 = CARTESIAN_POINT('',(189.28,-71.675,0.));
#17727 = CIRCLE('',#17728,0.5);
#17728 = AXIS2_PLACEMENT_3D('',#17729,#17730,#17731);
#17729 = CARTESIAN_POINT('',(189.28,-71.175,0.));
#17730 = DIRECTION('',(-0.,0.,-1.));
#17731 = DIRECTION('',(-0.,-1.,0.));
#17732 = FACE_BOUND('',#17733,.F.);
#17733 = EDGE_LOOP('',(#17734));
#17734 = ORIENTED_EDGE('',*,*,#17735,.F.);
#17735 = EDGE_CURVE('',#17736,#17736,#17738,.T.);
#17736 = VERTEX_POINT('',#17737);
#17737 = CARTESIAN_POINT('',(195.888061,-73.,0.));
#17738 = CIRCLE('',#17739,2.088061);
#17739 = AXIS2_PLACEMENT_3D('',#17740,#17741,#17742);
#17740 = CARTESIAN_POINT('',(193.8,-73.,0.));
#17741 = DIRECTION('',(0.,0.,1.));
#17742 = DIRECTION('',(1.,0.,-0.));
#17743 = PLANE('',#17744);
#17744 = AXIS2_PLACEMENT_3D('',#17745,#17746,#17747);
#17745 = CARTESIAN_POINT('',(0.,0.,0.));
#17746 = DIRECTION('',(0.,0.,1.));
#17747 = DIRECTION('',(1.,0.,-0.));
#17748 = ADVANCED_FACE('',(#17749,#17760,#17771,#17782,#17793,#17804,
    #17815,#17826,#17837,#17848,#17859,#17870,#17881,#17892,#17903,
    #17914,#17950,#17961,#17972,#17983,#17994,#18005,#18041,#18052,
    #18063,#18074,#18085,#18096,#18107,#18118,#18129,#18140,#18151,
    #18162,#18173,#18184,#18195),#18206,.T.);
#17749 = FACE_BOUND('',#17750,.T.);
#17750 = EDGE_LOOP('',(#17751,#17752,#17753,#17759));
#17751 = ORIENTED_EDGE('',*,*,#17197,.F.);
#17752 = ORIENTED_EDGE('',*,*,#17237,.F.);
#17753 = ORIENTED_EDGE('',*,*,#17754,.F.);
#17754 = EDGE_CURVE('',#17260,#17230,#17755,.T.);
#17755 = LINE('',#17756,#17757);
#17756 = CARTESIAN_POINT('',(154.399491,-68.800001,1.51));
#17757 = VECTOR('',#17758,1.);
#17758 = DIRECTION('',(1.,0.,0.));
#17759 = ORIENTED_EDGE('',*,*,#17259,.F.);
#17760 = FACE_BOUND('',#17761,.T.);
#17761 = EDGE_LOOP('',(#17762));
#17762 = ORIENTED_EDGE('',*,*,#17763,.T.);
#17763 = EDGE_CURVE('',#17764,#17764,#17766,.T.);
#17764 = VERTEX_POINT('',#17765);
#17765 = CARTESIAN_POINT('',(157.700021,-104.199985,1.51));
#17766 = CIRCLE('',#17767,0.55);
#17767 = AXIS2_PLACEMENT_3D('',#17768,#17769,#17770);
#17768 = CARTESIAN_POINT('',(157.700021,-103.649985,1.51));
#17769 = DIRECTION('',(-0.,0.,-1.));
#17770 = DIRECTION('',(-0.,-1.,0.));
#17771 = FACE_BOUND('',#17772,.T.);
#17772 = EDGE_LOOP('',(#17773));
#17773 = ORIENTED_EDGE('',*,*,#17774,.T.);
#17774 = EDGE_CURVE('',#17775,#17775,#17777,.T.);
#17775 = VERTEX_POINT('',#17776);
#17776 = CARTESIAN_POINT('',(164.200021,-104.199985,1.51));
#17777 = CIRCLE('',#17778,0.55);
#17778 = AXIS2_PLACEMENT_3D('',#17779,#17780,#17781);
#17779 = CARTESIAN_POINT('',(164.200021,-103.649985,1.51));
#17780 = DIRECTION('',(-0.,0.,-1.));
#17781 = DIRECTION('',(-0.,-1.,0.));
#17782 = FACE_BOUND('',#17783,.T.);
#17783 = EDGE_LOOP('',(#17784));
#17784 = ORIENTED_EDGE('',*,*,#17785,.T.);
#17785 = EDGE_CURVE('',#17786,#17786,#17788,.T.);
#17786 = VERTEX_POINT('',#17787);
#17787 = CARTESIAN_POINT('',(157.700021,-99.699985,1.51));
#17788 = CIRCLE('',#17789,0.55);
#17789 = AXIS2_PLACEMENT_3D('',#17790,#17791,#17792);
#17790 = CARTESIAN_POINT('',(157.700021,-99.149985,1.51));
#17791 = DIRECTION('',(-0.,0.,-1.));
#17792 = DIRECTION('',(-0.,-1.,0.));
#17793 = FACE_BOUND('',#17794,.T.);
#17794 = EDGE_LOOP('',(#17795));
#17795 = ORIENTED_EDGE('',*,*,#17796,.T.);
#17796 = EDGE_CURVE('',#17797,#17797,#17799,.T.);
#17797 = VERTEX_POINT('',#17798);
#17798 = CARTESIAN_POINT('',(164.200021,-99.699985,1.51));
#17799 = CIRCLE('',#17800,0.55);
#17800 = AXIS2_PLACEMENT_3D('',#17801,#17802,#17803);
#17801 = CARTESIAN_POINT('',(164.200021,-99.149985,1.51));
#17802 = DIRECTION('',(-0.,0.,-1.));
#17803 = DIRECTION('',(-0.,-1.,0.));
#17804 = FACE_BOUND('',#17805,.T.);
#17805 = EDGE_LOOP('',(#17806));
#17806 = ORIENTED_EDGE('',*,*,#17807,.T.);
#17807 = EDGE_CURVE('',#17808,#17808,#17810,.T.);
#17808 = VERTEX_POINT('',#17809);
#17809 = CARTESIAN_POINT('',(162.400027,-96.550018,1.51));
#17810 = CIRCLE('',#17811,0.55);
#17811 = AXIS2_PLACEMENT_3D('',#17812,#17813,#17814);
#17812 = CARTESIAN_POINT('',(162.400027,-96.000018,1.51));
#17813 = DIRECTION('',(-0.,0.,-1.));
#17814 = DIRECTION('',(-5.167583532801E-14,-1.,0.));
#17815 = FACE_BOUND('',#17816,.T.);
#17816 = EDGE_LOOP('',(#17817));
#17817 = ORIENTED_EDGE('',*,*,#17818,.T.);
#17818 = EDGE_CURVE('',#17819,#17819,#17821,.T.);
#17819 = VERTEX_POINT('',#17820);
#17820 = CARTESIAN_POINT('',(167.25,-104.2,1.51));
#17821 = CIRCLE('',#17822,0.55);
#17822 = AXIS2_PLACEMENT_3D('',#17823,#17824,#17825);
#17823 = CARTESIAN_POINT('',(167.25,-103.65,1.51));
#17824 = DIRECTION('',(-0.,0.,-1.));
#17825 = DIRECTION('',(-0.,-1.,0.));
#17826 = FACE_BOUND('',#17827,.T.);
#17827 = EDGE_LOOP('',(#17828));
#17828 = ORIENTED_EDGE('',*,*,#17829,.T.);
#17829 = EDGE_CURVE('',#17830,#17830,#17832,.T.);
#17830 = VERTEX_POINT('',#17831);
#17831 = CARTESIAN_POINT('',(173.75,-104.2,1.51));
#17832 = CIRCLE('',#17833,0.55);
#17833 = AXIS2_PLACEMENT_3D('',#17834,#17835,#17836);
#17834 = CARTESIAN_POINT('',(173.75,-103.65,1.51));
#17835 = DIRECTION('',(-0.,0.,-1.));
#17836 = DIRECTION('',(-0.,-1.,0.));
#17837 = FACE_BOUND('',#17838,.T.);
#17838 = EDGE_LOOP('',(#17839));
#17839 = ORIENTED_EDGE('',*,*,#17840,.T.);
#17840 = EDGE_CURVE('',#17841,#17841,#17843,.T.);
#17841 = VERTEX_POINT('',#17842);
#17842 = CARTESIAN_POINT('',(167.25,-99.7,1.51));
#17843 = CIRCLE('',#17844,0.55);
#17844 = AXIS2_PLACEMENT_3D('',#17845,#17846,#17847);
#17845 = CARTESIAN_POINT('',(167.25,-99.15,1.51));
#17846 = DIRECTION('',(-0.,0.,-1.));
#17847 = DIRECTION('',(-0.,-1.,0.));
#17848 = FACE_BOUND('',#17849,.T.);
#17849 = EDGE_LOOP('',(#17850));
#17850 = ORIENTED_EDGE('',*,*,#17851,.T.);
#17851 = EDGE_CURVE('',#17852,#17852,#17854,.T.);
#17852 = VERTEX_POINT('',#17853);
#17853 = CARTESIAN_POINT('',(168.900027,-96.550018,1.51));
#17854 = CIRCLE('',#17855,0.55);
#17855 = AXIS2_PLACEMENT_3D('',#17856,#17857,#17858);
#17856 = CARTESIAN_POINT('',(168.900027,-96.000018,1.51));
#17857 = DIRECTION('',(-0.,0.,-1.));
#17858 = DIRECTION('',(-5.167583532801E-14,-1.,0.));
#17859 = FACE_BOUND('',#17860,.T.);
#17860 = EDGE_LOOP('',(#17861));
#17861 = ORIENTED_EDGE('',*,*,#17862,.T.);
#17862 = EDGE_CURVE('',#17863,#17863,#17865,.T.);
#17863 = VERTEX_POINT('',#17864);
#17864 = CARTESIAN_POINT('',(173.75,-99.7,1.51));
#17865 = CIRCLE('',#17866,0.55);
#17866 = AXIS2_PLACEMENT_3D('',#17867,#17868,#17869);
#17867 = CARTESIAN_POINT('',(173.75,-99.15,1.51));
#17868 = DIRECTION('',(-0.,0.,-1.));
#17869 = DIRECTION('',(-0.,-1.,0.));
#17870 = FACE_BOUND('',#17871,.T.);
#17871 = EDGE_LOOP('',(#17872));
#17872 = ORIENTED_EDGE('',*,*,#17873,.F.);
#17873 = EDGE_CURVE('',#17874,#17874,#17876,.T.);
#17874 = VERTEX_POINT('',#17875);
#17875 = CARTESIAN_POINT('',(159.809975,-92.6,1.51));
#17876 = CIRCLE('',#17877,2.009975);
#17877 = AXIS2_PLACEMENT_3D('',#17878,#17879,#17880);
#17878 = CARTESIAN_POINT('',(157.8,-92.6,1.51));
#17879 = DIRECTION('',(0.,0.,1.));
#17880 = DIRECTION('',(1.,0.,-0.));
#17881 = FACE_BOUND('',#17882,.T.);
#17882 = EDGE_LOOP('',(#17883));
#17883 = ORIENTED_EDGE('',*,*,#17884,.T.);
#17884 = EDGE_CURVE('',#17885,#17885,#17887,.T.);
#17885 = VERTEX_POINT('',#17886);
#17886 = CARTESIAN_POINT('',(162.400027,-92.050018,1.51));
#17887 = CIRCLE('',#17888,0.55);
#17888 = AXIS2_PLACEMENT_3D('',#17889,#17890,#17891);
#17889 = CARTESIAN_POINT('',(162.400027,-91.500018,1.51));
#17890 = DIRECTION('',(-0.,0.,-1.));
#17891 = DIRECTION('',(-5.167583532801E-14,-1.,0.));
#17892 = FACE_BOUND('',#17893,.T.);
#17893 = EDGE_LOOP('',(#17894));
#17894 = ORIENTED_EDGE('',*,*,#17895,.T.);
#17895 = EDGE_CURVE('',#17896,#17896,#17898,.T.);
#17896 = VERTEX_POINT('',#17897);
#17897 = CARTESIAN_POINT('',(168.900027,-92.050018,1.51));
#17898 = CIRCLE('',#17899,0.55);
#17899 = AXIS2_PLACEMENT_3D('',#17900,#17901,#17902);
#17900 = CARTESIAN_POINT('',(168.900027,-91.500018,1.51));
#17901 = DIRECTION('',(-0.,0.,-1.));
#17902 = DIRECTION('',(-5.167583532801E-14,-1.,0.));
#17903 = FACE_BOUND('',#17904,.T.);
#17904 = EDGE_LOOP('',(#17905));
#17905 = ORIENTED_EDGE('',*,*,#17906,.T.);
#17906 = EDGE_CURVE('',#17907,#17907,#17909,.T.);
#17907 = VERTEX_POINT('',#17908);
#17908 = CARTESIAN_POINT('',(158.025,-83.8,1.51));
#17909 = CIRCLE('',#17910,0.5);
#17910 = AXIS2_PLACEMENT_3D('',#17911,#17912,#17913);
#17911 = CARTESIAN_POINT('',(158.025,-83.3,1.51));
#17912 = DIRECTION('',(-0.,0.,-1.));
#17913 = DIRECTION('',(-0.,-1.,0.));
#17914 = FACE_BOUND('',#17915,.T.);
#17915 = EDGE_LOOP('',(#17916,#17927,#17935,#17944));
#17916 = ORIENTED_EDGE('',*,*,#17917,.T.);
#17917 = EDGE_CURVE('',#17918,#17920,#17922,.T.);
#17918 = VERTEX_POINT('',#17919);
#17919 = CARTESIAN_POINT('',(165.875,-85.05,1.51));
#17920 = VERTEX_POINT('',#17921);
#17921 = CARTESIAN_POINT('',(165.875,-86.15,1.51));
#17922 = CIRCLE('',#17923,0.55);
#17923 = AXIS2_PLACEMENT_3D('',#17924,#17925,#17926);
#17924 = CARTESIAN_POINT('',(165.875,-85.6,1.51));
#17925 = DIRECTION('',(-0.,0.,-1.));
#17926 = DIRECTION('',(-0.,-1.,0.));
#17927 = ORIENTED_EDGE('',*,*,#17928,.T.);
#17928 = EDGE_CURVE('',#17920,#17929,#17931,.T.);
#17929 = VERTEX_POINT('',#17930);
#17930 = CARTESIAN_POINT('',(165.175,-86.15,1.51));
#17931 = LINE('',#17932,#17933);
#17932 = CARTESIAN_POINT('',(82.5875,-86.15,1.51));
#17933 = VECTOR('',#17934,1.);
#17934 = DIRECTION('',(-1.,0.,0.));
#17935 = ORIENTED_EDGE('',*,*,#17936,.T.);
#17936 = EDGE_CURVE('',#17929,#17937,#17939,.T.);
#17937 = VERTEX_POINT('',#17938);
#17938 = CARTESIAN_POINT('',(165.175,-85.05,1.51));
#17939 = CIRCLE('',#17940,0.55);
#17940 = AXIS2_PLACEMENT_3D('',#17941,#17942,#17943);
#17941 = CARTESIAN_POINT('',(165.175,-85.6,1.51));
#17942 = DIRECTION('',(-0.,0.,-1.));
#17943 = DIRECTION('',(0.,1.,0.));
#17944 = ORIENTED_EDGE('',*,*,#17945,.T.);
#17945 = EDGE_CURVE('',#17937,#17918,#17946,.T.);
#17946 = LINE('',#17947,#17948);
#17947 = CARTESIAN_POINT('',(82.9375,-85.05,1.51));
#17948 = VECTOR('',#17949,1.);
#17949 = DIRECTION('',(1.,0.,-0.));
#17950 = FACE_BOUND('',#17951,.T.);
#17951 = EDGE_LOOP('',(#17952));
#17952 = ORIENTED_EDGE('',*,*,#17953,.T.);
#17953 = EDGE_CURVE('',#17954,#17954,#17956,.T.);
#17954 = VERTEX_POINT('',#17955);
#17955 = CARTESIAN_POINT('',(158.025,-81.3,1.51));
#17956 = CIRCLE('',#17957,0.5);
#17957 = AXIS2_PLACEMENT_3D('',#17958,#17959,#17960);
#17958 = CARTESIAN_POINT('',(158.025,-80.8,1.51));
#17959 = DIRECTION('',(-0.,0.,-1.));
#17960 = DIRECTION('',(-0.,-1.,0.));
#17961 = FACE_BOUND('',#17962,.T.);
#17962 = EDGE_LOOP('',(#17963));
#17963 = ORIENTED_EDGE('',*,*,#17964,.T.);
#17964 = EDGE_CURVE('',#17965,#17965,#17967,.T.);
#17965 = VERTEX_POINT('',#17966);
#17966 = CARTESIAN_POINT('',(173.399422,-86.25,1.51));
#17967 = CIRCLE('',#17968,0.5);
#17968 = AXIS2_PLACEMENT_3D('',#17969,#17970,#17971);
#17969 = CARTESIAN_POINT('',(173.399422,-85.75,1.51));
#17970 = DIRECTION('',(-0.,0.,-1.));
#17971 = DIRECTION('',(-0.,-1.,0.));
#17972 = FACE_BOUND('',#17973,.T.);
#17973 = EDGE_LOOP('',(#17974));
#17974 = ORIENTED_EDGE('',*,*,#17975,.T.);
#17975 = EDGE_CURVE('',#17976,#17976,#17978,.T.);
#17976 = VERTEX_POINT('',#17977);
#17977 = CARTESIAN_POINT('',(173.399422,-83.71,1.51));
#17978 = CIRCLE('',#17979,0.5);
#17979 = AXIS2_PLACEMENT_3D('',#17980,#17981,#17982);
#17980 = CARTESIAN_POINT('',(173.399422,-83.21,1.51));
#17981 = DIRECTION('',(-0.,0.,-1.));
#17982 = DIRECTION('',(-0.,-1.,0.));
#17983 = FACE_BOUND('',#17984,.T.);
#17984 = EDGE_LOOP('',(#17985));
#17985 = ORIENTED_EDGE('',*,*,#17986,.T.);
#17986 = EDGE_CURVE('',#17987,#17987,#17989,.T.);
#17987 = VERTEX_POINT('',#17988);
#17988 = CARTESIAN_POINT('',(173.399422,-81.17,1.51));
#17989 = CIRCLE('',#17990,0.5);
#17990 = AXIS2_PLACEMENT_3D('',#17991,#17992,#17993);
#17991 = CARTESIAN_POINT('',(173.399422,-80.67,1.51));
#17992 = DIRECTION('',(-0.,0.,-1.));
#17993 = DIRECTION('',(-0.,-1.,0.));
#17994 = FACE_BOUND('',#17995,.T.);
#17995 = EDGE_LOOP('',(#17996));
#17996 = ORIENTED_EDGE('',*,*,#17997,.T.);
#17997 = EDGE_CURVE('',#17998,#17998,#18000,.T.);
#17998 = VERTEX_POINT('',#17999);
#17999 = CARTESIAN_POINT('',(158.025,-78.8,1.51));
#18000 = CIRCLE('',#18001,0.5);
#18001 = AXIS2_PLACEMENT_3D('',#18002,#18003,#18004);
#18002 = CARTESIAN_POINT('',(158.025,-78.3,1.51));
#18003 = DIRECTION('',(-0.,0.,-1.));
#18004 = DIRECTION('',(-0.,-1.,0.));
#18005 = FACE_BOUND('',#18006,.T.);
#18006 = EDGE_LOOP('',(#18007,#18018,#18026,#18035));
#18007 = ORIENTED_EDGE('',*,*,#18008,.T.);
#18008 = EDGE_CURVE('',#18009,#18011,#18013,.T.);
#18009 = VERTEX_POINT('',#18010);
#18010 = CARTESIAN_POINT('',(165.875,-75.45,1.51));
#18011 = VERTEX_POINT('',#18012);
#18012 = CARTESIAN_POINT('',(165.875,-76.55,1.51));
#18013 = CIRCLE('',#18014,0.55);
#18014 = AXIS2_PLACEMENT_3D('',#18015,#18016,#18017);
#18015 = CARTESIAN_POINT('',(165.875,-76.,1.51));
#18016 = DIRECTION('',(-0.,0.,-1.));
#18017 = DIRECTION('',(-0.,-1.,0.));
#18018 = ORIENTED_EDGE('',*,*,#18019,.T.);
#18019 = EDGE_CURVE('',#18011,#18020,#18022,.T.);
#18020 = VERTEX_POINT('',#18021);
#18021 = CARTESIAN_POINT('',(165.175,-76.55,1.51));
#18022 = LINE('',#18023,#18024);
#18023 = CARTESIAN_POINT('',(82.5875,-76.55,1.51));
#18024 = VECTOR('',#18025,1.);
#18025 = DIRECTION('',(-1.,0.,0.));
#18026 = ORIENTED_EDGE('',*,*,#18027,.T.);
#18027 = EDGE_CURVE('',#18020,#18028,#18030,.T.);
#18028 = VERTEX_POINT('',#18029);
#18029 = CARTESIAN_POINT('',(165.175,-75.45,1.51));
#18030 = CIRCLE('',#18031,0.55);
#18031 = AXIS2_PLACEMENT_3D('',#18032,#18033,#18034);
#18032 = CARTESIAN_POINT('',(165.175,-76.,1.51));
#18033 = DIRECTION('',(-0.,0.,-1.));
#18034 = DIRECTION('',(0.,1.,0.));
#18035 = ORIENTED_EDGE('',*,*,#18036,.T.);
#18036 = EDGE_CURVE('',#18028,#18009,#18037,.T.);
#18037 = LINE('',#18038,#18039);
#18038 = CARTESIAN_POINT('',(82.9375,-75.45,1.51));
#18039 = VECTOR('',#18040,1.);
#18040 = DIRECTION('',(1.,0.,-0.));
#18041 = FACE_BOUND('',#18042,.T.);
#18042 = EDGE_LOOP('',(#18043));
#18043 = ORIENTED_EDGE('',*,*,#18044,.T.);
#18044 = EDGE_CURVE('',#18045,#18045,#18047,.T.);
#18045 = VERTEX_POINT('',#18046);
#18046 = CARTESIAN_POINT('',(173.399422,-78.63,1.51));
#18047 = CIRCLE('',#18048,0.5);
#18048 = AXIS2_PLACEMENT_3D('',#18049,#18050,#18051);
#18049 = CARTESIAN_POINT('',(173.399422,-78.13,1.51));
#18050 = DIRECTION('',(-0.,0.,-1.));
#18051 = DIRECTION('',(-0.,-1.,0.));
#18052 = FACE_BOUND('',#18053,.T.);
#18053 = EDGE_LOOP('',(#18054));
#18054 = ORIENTED_EDGE('',*,*,#18055,.T.);
#18055 = EDGE_CURVE('',#18056,#18056,#18058,.T.);
#18056 = VERTEX_POINT('',#18057);
#18057 = CARTESIAN_POINT('',(173.399422,-76.09,1.51));
#18058 = CIRCLE('',#18059,0.5);
#18059 = AXIS2_PLACEMENT_3D('',#18060,#18061,#18062);
#18060 = CARTESIAN_POINT('',(173.399422,-75.59,1.51));
#18061 = DIRECTION('',(-0.,0.,-1.));
#18062 = DIRECTION('',(-0.,-1.,0.));
#18063 = FACE_BOUND('',#18064,.T.);
#18064 = EDGE_LOOP('',(#18065));
#18065 = ORIENTED_EDGE('',*,*,#18066,.T.);
#18066 = EDGE_CURVE('',#18067,#18067,#18069,.T.);
#18067 = VERTEX_POINT('',#18068);
#18068 = CARTESIAN_POINT('',(167.46,-72.7,1.51));
#18069 = CIRCLE('',#18070,0.5);
#18070 = AXIS2_PLACEMENT_3D('',#18071,#18072,#18073);
#18071 = CARTESIAN_POINT('',(167.46,-72.2,1.51));
#18072 = DIRECTION('',(-0.,0.,-1.));
#18073 = DIRECTION('',(-0.,-1.,0.));
#18074 = FACE_BOUND('',#18075,.T.);
#18075 = EDGE_LOOP('',(#18076));
#18076 = ORIENTED_EDGE('',*,*,#18077,.T.);
#18077 = EDGE_CURVE('',#18078,#18078,#18080,.T.);
#18078 = VERTEX_POINT('',#18079);
#18079 = CARTESIAN_POINT('',(170.,-72.7,1.51));
#18080 = CIRCLE('',#18081,0.5);
#18081 = AXIS2_PLACEMENT_3D('',#18082,#18083,#18084);
#18082 = CARTESIAN_POINT('',(170.,-72.2,1.51));
#18083 = DIRECTION('',(-0.,0.,-1.));
#18084 = DIRECTION('',(-0.,-1.,0.));
#18085 = FACE_BOUND('',#18086,.T.);
#18086 = EDGE_LOOP('',(#18087));
#18087 = ORIENTED_EDGE('',*,*,#18088,.T.);
#18088 = EDGE_CURVE('',#18089,#18089,#18091,.T.);
#18089 = VERTEX_POINT('',#18090);
#18090 = CARTESIAN_POINT('',(173.399422,-73.55,1.51));
#18091 = CIRCLE('',#18092,0.5);
#18092 = AXIS2_PLACEMENT_3D('',#18093,#18094,#18095);
#18093 = CARTESIAN_POINT('',(173.399422,-73.05,1.51));
#18094 = DIRECTION('',(-0.,0.,-1.));
#18095 = DIRECTION('',(-0.,-1.,0.));
#18096 = FACE_BOUND('',#18097,.T.);
#18097 = EDGE_LOOP('',(#18098));
#18098 = ORIENTED_EDGE('',*,*,#18099,.T.);
#18099 = EDGE_CURVE('',#18100,#18100,#18102,.T.);
#18100 = VERTEX_POINT('',#18101);
#18101 = CARTESIAN_POINT('',(184.8,-83.14,1.51));
#18102 = CIRCLE('',#18103,0.5);
#18103 = AXIS2_PLACEMENT_3D('',#18104,#18105,#18106);
#18104 = CARTESIAN_POINT('',(184.8,-82.64,1.51));
#18105 = DIRECTION('',(-0.,0.,-1.));
#18106 = DIRECTION('',(-0.,-1.,0.));
#18107 = FACE_BOUND('',#18108,.T.);
#18108 = EDGE_LOOP('',(#18109));
#18109 = ORIENTED_EDGE('',*,*,#18110,.T.);
#18110 = EDGE_CURVE('',#18111,#18111,#18113,.T.);
#18111 = VERTEX_POINT('',#18112);
#18112 = CARTESIAN_POINT('',(184.8,-80.6,1.51));
#18113 = CIRCLE('',#18114,0.5);
#18114 = AXIS2_PLACEMENT_3D('',#18115,#18116,#18117);
#18115 = CARTESIAN_POINT('',(184.8,-80.1,1.51));
#18116 = DIRECTION('',(-0.,0.,-1.));
#18117 = DIRECTION('',(-0.,-1.,0.));
#18118 = FACE_BOUND('',#18119,.T.);
#18119 = EDGE_LOOP('',(#18120));
#18120 = ORIENTED_EDGE('',*,*,#18121,.T.);
#18121 = EDGE_CURVE('',#18122,#18122,#18124,.T.);
#18122 = VERTEX_POINT('',#18123);
#18123 = CARTESIAN_POINT('',(188.72,-85.6,1.51));
#18124 = CIRCLE('',#18125,0.5);
#18125 = AXIS2_PLACEMENT_3D('',#18126,#18127,#18128);
#18126 = CARTESIAN_POINT('',(188.72,-85.1,1.51));
#18127 = DIRECTION('',(-0.,0.,-1.));
#18128 = DIRECTION('',(-0.,-1.,0.));
#18129 = FACE_BOUND('',#18130,.T.);
#18130 = EDGE_LOOP('',(#18131));
#18131 = ORIENTED_EDGE('',*,*,#18132,.T.);
#18132 = EDGE_CURVE('',#18133,#18133,#18135,.T.);
#18133 = VERTEX_POINT('',#18134);
#18134 = CARTESIAN_POINT('',(191.26,-85.6,1.51));
#18135 = CIRCLE('',#18136,0.5);
#18136 = AXIS2_PLACEMENT_3D('',#18137,#18138,#18139);
#18137 = CARTESIAN_POINT('',(191.26,-85.1,1.51));
#18138 = DIRECTION('',(-0.,0.,-1.));
#18139 = DIRECTION('',(-0.,-1.,0.));
#18140 = FACE_BOUND('',#18141,.T.);
#18141 = EDGE_LOOP('',(#18142));
#18142 = ORIENTED_EDGE('',*,*,#18143,.T.);
#18143 = EDGE_CURVE('',#18144,#18144,#18146,.T.);
#18144 = VERTEX_POINT('',#18145);
#18145 = CARTESIAN_POINT('',(193.8,-85.6,1.51));
#18146 = CIRCLE('',#18147,0.5);
#18147 = AXIS2_PLACEMENT_3D('',#18148,#18149,#18150);
#18148 = CARTESIAN_POINT('',(193.8,-85.1,1.51));
#18149 = DIRECTION('',(-0.,0.,-1.));
#18150 = DIRECTION('',(-0.,-1.,0.));
#18151 = FACE_BOUND('',#18152,.T.);
#18152 = EDGE_LOOP('',(#18153));
#18153 = ORIENTED_EDGE('',*,*,#18154,.T.);
#18154 = EDGE_CURVE('',#18155,#18155,#18157,.T.);
#18155 = VERTEX_POINT('',#18156);
#18156 = CARTESIAN_POINT('',(181.66,-71.675,1.51));
#18157 = CIRCLE('',#18158,0.5);
#18158 = AXIS2_PLACEMENT_3D('',#18159,#18160,#18161);
#18159 = CARTESIAN_POINT('',(181.66,-71.175,1.51));
#18160 = DIRECTION('',(-0.,0.,-1.));
#18161 = DIRECTION('',(-0.,-1.,0.));
#18162 = FACE_BOUND('',#18163,.T.);
#18163 = EDGE_LOOP('',(#18164));
#18164 = ORIENTED_EDGE('',*,*,#18165,.T.);
#18165 = EDGE_CURVE('',#18166,#18166,#18168,.T.);
#18166 = VERTEX_POINT('',#18167);
#18167 = CARTESIAN_POINT('',(184.2,-71.675,1.51));
#18168 = CIRCLE('',#18169,0.5);
#18169 = AXIS2_PLACEMENT_3D('',#18170,#18171,#18172);
#18170 = CARTESIAN_POINT('',(184.2,-71.175,1.51));
#18171 = DIRECTION('',(-0.,0.,-1.));
#18172 = DIRECTION('',(-0.,-1.,0.));
#18173 = FACE_BOUND('',#18174,.T.);
#18174 = EDGE_LOOP('',(#18175));
#18175 = ORIENTED_EDGE('',*,*,#18176,.T.);
#18176 = EDGE_CURVE('',#18177,#18177,#18179,.T.);
#18177 = VERTEX_POINT('',#18178);
#18178 = CARTESIAN_POINT('',(186.74,-71.675,1.51));
#18179 = CIRCLE('',#18180,0.5);
#18180 = AXIS2_PLACEMENT_3D('',#18181,#18182,#18183);
#18181 = CARTESIAN_POINT('',(186.74,-71.175,1.51));
#18182 = DIRECTION('',(-0.,0.,-1.));
#18183 = DIRECTION('',(-0.,-1.,0.));
#18184 = FACE_BOUND('',#18185,.T.);
#18185 = EDGE_LOOP('',(#18186));
#18186 = ORIENTED_EDGE('',*,*,#18187,.T.);
#18187 = EDGE_CURVE('',#18188,#18188,#18190,.T.);
#18188 = VERTEX_POINT('',#18189);
#18189 = CARTESIAN_POINT('',(189.28,-71.675,1.51));
#18190 = CIRCLE('',#18191,0.5);
#18191 = AXIS2_PLACEMENT_3D('',#18192,#18193,#18194);
#18192 = CARTESIAN_POINT('',(189.28,-71.175,1.51));
#18193 = DIRECTION('',(-0.,0.,-1.));
#18194 = DIRECTION('',(-0.,-1.,0.));
#18195 = FACE_BOUND('',#18196,.T.);
#18196 = EDGE_LOOP('',(#18197));
#18197 = ORIENTED_EDGE('',*,*,#18198,.F.);
#18198 = EDGE_CURVE('',#18199,#18199,#18201,.T.);
#18199 = VERTEX_POINT('',#18200);
#18200 = CARTESIAN_POINT('',(195.888061,-73.,1.51));
#18201 = CIRCLE('',#18202,2.088061);
#18202 = AXIS2_PLACEMENT_3D('',#18203,#18204,#18205);
#18203 = CARTESIAN_POINT('',(193.8,-73.,1.51));
#18204 = DIRECTION('',(0.,0.,1.));
#18205 = DIRECTION('',(1.,0.,-0.));
#18206 = PLANE('',#18207);
#18207 = AXIS2_PLACEMENT_3D('',#18208,#18209,#18210);
#18208 = CARTESIAN_POINT('',(0.,0.,1.51));
#18209 = DIRECTION('',(0.,0.,1.));
#18210 = DIRECTION('',(1.,0.,-0.));
#18211 = ADVANCED_FACE('',(#18212),#18218,.T.);
#18212 = FACE_BOUND('',#18213,.T.);
#18213 = EDGE_LOOP('',(#18214,#18215,#18216,#18217));
#18214 = ORIENTED_EDGE('',*,*,#17267,.T.);
#18215 = ORIENTED_EDGE('',*,*,#17754,.T.);
#18216 = ORIENTED_EDGE('',*,*,#17227,.F.);
#18217 = ORIENTED_EDGE('',*,*,#17291,.F.);
#18218 = PLANE('',#18219);
#18219 = AXIS2_PLACEMENT_3D('',#18220,#18221,#18222);
#18220 = CARTESIAN_POINT('',(154.399491,-68.800001,0.));
#18221 = DIRECTION('',(0.,1.,0.));
#18222 = DIRECTION('',(1.,0.,0.));
#18223 = ADVANCED_FACE('',(#18224),#18235,.F.);
#18224 = FACE_BOUND('',#18225,.T.);
#18225 = EDGE_LOOP('',(#18226,#18227,#18233,#18234));
#18226 = ORIENTED_EDGE('',*,*,#17300,.T.);
#18227 = ORIENTED_EDGE('',*,*,#18228,.T.);
#18228 = EDGE_CURVE('',#17301,#17764,#18229,.T.);
#18229 = LINE('',#18230,#18231);
#18230 = CARTESIAN_POINT('',(157.700021,-104.199985,-4.6E-02));
#18231 = VECTOR('',#18232,1.);
#18232 = DIRECTION('',(0.,0.,1.));
#18233 = ORIENTED_EDGE('',*,*,#17763,.F.);
#18234 = ORIENTED_EDGE('',*,*,#18228,.F.);
#18235 = CYLINDRICAL_SURFACE('',#18236,0.55);
#18236 = AXIS2_PLACEMENT_3D('',#18237,#18238,#18239);
#18237 = CARTESIAN_POINT('',(157.700021,-103.649985,-4.6E-02));
#18238 = DIRECTION('',(-0.,-0.,-1.));
#18239 = DIRECTION('',(-0.,-1.,0.));
#18240 = ADVANCED_FACE('',(#18241),#18252,.F.);
#18241 = FACE_BOUND('',#18242,.T.);
#18242 = EDGE_LOOP('',(#18243,#18244,#18250,#18251));
#18243 = ORIENTED_EDGE('',*,*,#17311,.T.);
#18244 = ORIENTED_EDGE('',*,*,#18245,.T.);
#18245 = EDGE_CURVE('',#17312,#17775,#18246,.T.);
#18246 = LINE('',#18247,#18248);
#18247 = CARTESIAN_POINT('',(164.200021,-104.199985,-4.6E-02));
#18248 = VECTOR('',#18249,1.);
#18249 = DIRECTION('',(0.,0.,1.));
#18250 = ORIENTED_EDGE('',*,*,#17774,.F.);
#18251 = ORIENTED_EDGE('',*,*,#18245,.F.);
#18252 = CYLINDRICAL_SURFACE('',#18253,0.55);
#18253 = AXIS2_PLACEMENT_3D('',#18254,#18255,#18256);
#18254 = CARTESIAN_POINT('',(164.200021,-103.649985,-4.6E-02));
#18255 = DIRECTION('',(-0.,-0.,-1.));
#18256 = DIRECTION('',(-0.,-1.,0.));
#18257 = ADVANCED_FACE('',(#18258),#18269,.F.);
#18258 = FACE_BOUND('',#18259,.T.);
#18259 = EDGE_LOOP('',(#18260,#18261,#18267,#18268));
#18260 = ORIENTED_EDGE('',*,*,#17322,.T.);
#18261 = ORIENTED_EDGE('',*,*,#18262,.T.);
#18262 = EDGE_CURVE('',#17323,#17786,#18263,.T.);
#18263 = LINE('',#18264,#18265);
#18264 = CARTESIAN_POINT('',(157.700021,-99.699985,-4.6E-02));
#18265 = VECTOR('',#18266,1.);
#18266 = DIRECTION('',(0.,0.,1.));
#18267 = ORIENTED_EDGE('',*,*,#17785,.F.);
#18268 = ORIENTED_EDGE('',*,*,#18262,.F.);
#18269 = CYLINDRICAL_SURFACE('',#18270,0.55);
#18270 = AXIS2_PLACEMENT_3D('',#18271,#18272,#18273);
#18271 = CARTESIAN_POINT('',(157.700021,-99.149985,-4.6E-02));
#18272 = DIRECTION('',(-0.,-0.,-1.));
#18273 = DIRECTION('',(-0.,-1.,0.));
#18274 = ADVANCED_FACE('',(#18275),#18286,.F.);
#18275 = FACE_BOUND('',#18276,.T.);
#18276 = EDGE_LOOP('',(#18277,#18278,#18284,#18285));
#18277 = ORIENTED_EDGE('',*,*,#17333,.T.);
#18278 = ORIENTED_EDGE('',*,*,#18279,.T.);
#18279 = EDGE_CURVE('',#17334,#17797,#18280,.T.);
#18280 = LINE('',#18281,#18282);
#18281 = CARTESIAN_POINT('',(164.200021,-99.699985,-4.6E-02));
#18282 = VECTOR('',#18283,1.);
#18283 = DIRECTION('',(0.,0.,1.));
#18284 = ORIENTED_EDGE('',*,*,#17796,.F.);
#18285 = ORIENTED_EDGE('',*,*,#18279,.F.);
#18286 = CYLINDRICAL_SURFACE('',#18287,0.55);
#18287 = AXIS2_PLACEMENT_3D('',#18288,#18289,#18290);
#18288 = CARTESIAN_POINT('',(164.200021,-99.149985,-4.6E-02));
#18289 = DIRECTION('',(-0.,-0.,-1.));
#18290 = DIRECTION('',(-0.,-1.,0.));
#18291 = ADVANCED_FACE('',(#18292),#18303,.F.);
#18292 = FACE_BOUND('',#18293,.T.);
#18293 = EDGE_LOOP('',(#18294,#18295,#18301,#18302));
#18294 = ORIENTED_EDGE('',*,*,#17344,.T.);
#18295 = ORIENTED_EDGE('',*,*,#18296,.T.);
#18296 = EDGE_CURVE('',#17345,#17808,#18297,.T.);
#18297 = LINE('',#18298,#18299);
#18298 = CARTESIAN_POINT('',(162.400027,-96.550018,-4.6E-02));
#18299 = VECTOR('',#18300,1.);
#18300 = DIRECTION('',(0.,0.,1.));
#18301 = ORIENTED_EDGE('',*,*,#17807,.F.);
#18302 = ORIENTED_EDGE('',*,*,#18296,.F.);
#18303 = CYLINDRICAL_SURFACE('',#18304,0.55);
#18304 = AXIS2_PLACEMENT_3D('',#18305,#18306,#18307);
#18305 = CARTESIAN_POINT('',(162.400027,-96.000018,-4.6E-02));
#18306 = DIRECTION('',(-0.,-0.,-1.));
#18307 = DIRECTION('',(-5.167583532801E-14,-1.,0.));
#18308 = ADVANCED_FACE('',(#18309),#18320,.F.);
#18309 = FACE_BOUND('',#18310,.T.);
#18310 = EDGE_LOOP('',(#18311,#18312,#18318,#18319));
#18311 = ORIENTED_EDGE('',*,*,#17355,.T.);
#18312 = ORIENTED_EDGE('',*,*,#18313,.T.);
#18313 = EDGE_CURVE('',#17356,#17819,#18314,.T.);
#18314 = LINE('',#18315,#18316);
#18315 = CARTESIAN_POINT('',(167.25,-104.2,-4.6E-02));
#18316 = VECTOR('',#18317,1.);
#18317 = DIRECTION('',(0.,0.,1.));
#18318 = ORIENTED_EDGE('',*,*,#17818,.F.);
#18319 = ORIENTED_EDGE('',*,*,#18313,.F.);
#18320 = CYLINDRICAL_SURFACE('',#18321,0.55);
#18321 = AXIS2_PLACEMENT_3D('',#18322,#18323,#18324);
#18322 = CARTESIAN_POINT('',(167.25,-103.65,-4.6E-02));
#18323 = DIRECTION('',(-0.,-0.,-1.));
#18324 = DIRECTION('',(-0.,-1.,0.));
#18325 = ADVANCED_FACE('',(#18326),#18337,.F.);
#18326 = FACE_BOUND('',#18327,.T.);
#18327 = EDGE_LOOP('',(#18328,#18329,#18335,#18336));
#18328 = ORIENTED_EDGE('',*,*,#17366,.T.);
#18329 = ORIENTED_EDGE('',*,*,#18330,.T.);
#18330 = EDGE_CURVE('',#17367,#17830,#18331,.T.);
#18331 = LINE('',#18332,#18333);
#18332 = CARTESIAN_POINT('',(173.75,-104.2,-4.6E-02));
#18333 = VECTOR('',#18334,1.);
#18334 = DIRECTION('',(0.,0.,1.));
#18335 = ORIENTED_EDGE('',*,*,#17829,.F.);
#18336 = ORIENTED_EDGE('',*,*,#18330,.F.);
#18337 = CYLINDRICAL_SURFACE('',#18338,0.55);
#18338 = AXIS2_PLACEMENT_3D('',#18339,#18340,#18341);
#18339 = CARTESIAN_POINT('',(173.75,-103.65,-4.6E-02));
#18340 = DIRECTION('',(-0.,-0.,-1.));
#18341 = DIRECTION('',(-0.,-1.,0.));
#18342 = ADVANCED_FACE('',(#18343),#18354,.F.);
#18343 = FACE_BOUND('',#18344,.T.);
#18344 = EDGE_LOOP('',(#18345,#18346,#18352,#18353));
#18345 = ORIENTED_EDGE('',*,*,#17377,.T.);
#18346 = ORIENTED_EDGE('',*,*,#18347,.T.);
#18347 = EDGE_CURVE('',#17378,#17841,#18348,.T.);
#18348 = LINE('',#18349,#18350);
#18349 = CARTESIAN_POINT('',(167.25,-99.7,-4.6E-02));
#18350 = VECTOR('',#18351,1.);
#18351 = DIRECTION('',(0.,0.,1.));
#18352 = ORIENTED_EDGE('',*,*,#17840,.F.);
#18353 = ORIENTED_EDGE('',*,*,#18347,.F.);
#18354 = CYLINDRICAL_SURFACE('',#18355,0.55);
#18355 = AXIS2_PLACEMENT_3D('',#18356,#18357,#18358);
#18356 = CARTESIAN_POINT('',(167.25,-99.15,-4.6E-02));
#18357 = DIRECTION('',(-0.,-0.,-1.));
#18358 = DIRECTION('',(-0.,-1.,0.));
#18359 = ADVANCED_FACE('',(#18360),#18371,.F.);
#18360 = FACE_BOUND('',#18361,.T.);
#18361 = EDGE_LOOP('',(#18362,#18363,#18369,#18370));
#18362 = ORIENTED_EDGE('',*,*,#17388,.T.);
#18363 = ORIENTED_EDGE('',*,*,#18364,.T.);
#18364 = EDGE_CURVE('',#17389,#17852,#18365,.T.);
#18365 = LINE('',#18366,#18367);
#18366 = CARTESIAN_POINT('',(168.900027,-96.550018,-4.6E-02));
#18367 = VECTOR('',#18368,1.);
#18368 = DIRECTION('',(0.,0.,1.));
#18369 = ORIENTED_EDGE('',*,*,#17851,.F.);
#18370 = ORIENTED_EDGE('',*,*,#18364,.F.);
#18371 = CYLINDRICAL_SURFACE('',#18372,0.55);
#18372 = AXIS2_PLACEMENT_3D('',#18373,#18374,#18375);
#18373 = CARTESIAN_POINT('',(168.900027,-96.000018,-4.6E-02));
#18374 = DIRECTION('',(-0.,-0.,-1.));
#18375 = DIRECTION('',(-5.167583532801E-14,-1.,0.));
#18376 = ADVANCED_FACE('',(#18377),#18388,.F.);
#18377 = FACE_BOUND('',#18378,.T.);
#18378 = EDGE_LOOP('',(#18379,#18380,#18386,#18387));
#18379 = ORIENTED_EDGE('',*,*,#17399,.T.);
#18380 = ORIENTED_EDGE('',*,*,#18381,.T.);
#18381 = EDGE_CURVE('',#17400,#17863,#18382,.T.);
#18382 = LINE('',#18383,#18384);
#18383 = CARTESIAN_POINT('',(173.75,-99.7,-4.6E-02));
#18384 = VECTOR('',#18385,1.);
#18385 = DIRECTION('',(0.,0.,1.));
#18386 = ORIENTED_EDGE('',*,*,#17862,.F.);
#18387 = ORIENTED_EDGE('',*,*,#18381,.F.);
#18388 = CYLINDRICAL_SURFACE('',#18389,0.55);
#18389 = AXIS2_PLACEMENT_3D('',#18390,#18391,#18392);
#18390 = CARTESIAN_POINT('',(173.75,-99.15,-4.6E-02));
#18391 = DIRECTION('',(-0.,-0.,-1.));
#18392 = DIRECTION('',(-0.,-1.,0.));
#18393 = ADVANCED_FACE('',(#18394),#18405,.F.);
#18394 = FACE_BOUND('',#18395,.T.);
#18395 = EDGE_LOOP('',(#18396,#18402,#18403,#18404));
#18396 = ORIENTED_EDGE('',*,*,#18397,.T.);
#18397 = EDGE_CURVE('',#17411,#17874,#18398,.T.);
#18398 = LINE('',#18399,#18400);
#18399 = CARTESIAN_POINT('',(159.809975,-92.6,0.));
#18400 = VECTOR('',#18401,1.);
#18401 = DIRECTION('',(0.,0.,1.));
#18402 = ORIENTED_EDGE('',*,*,#17873,.T.);
#18403 = ORIENTED_EDGE('',*,*,#18397,.F.);
#18404 = ORIENTED_EDGE('',*,*,#17410,.F.);
#18405 = CYLINDRICAL_SURFACE('',#18406,2.009975);
#18406 = AXIS2_PLACEMENT_3D('',#18407,#18408,#18409);
#18407 = CARTESIAN_POINT('',(157.8,-92.6,0.));
#18408 = DIRECTION('',(-0.,-0.,-1.));
#18409 = DIRECTION('',(1.,0.,-0.));
#18410 = ADVANCED_FACE('',(#18411),#18422,.F.);
#18411 = FACE_BOUND('',#18412,.T.);
#18412 = EDGE_LOOP('',(#18413,#18414,#18420,#18421));
#18413 = ORIENTED_EDGE('',*,*,#17421,.T.);
#18414 = ORIENTED_EDGE('',*,*,#18415,.T.);
#18415 = EDGE_CURVE('',#17422,#17885,#18416,.T.);
#18416 = LINE('',#18417,#18418);
#18417 = CARTESIAN_POINT('',(162.400027,-92.050018,-4.6E-02));
#18418 = VECTOR('',#18419,1.);
#18419 = DIRECTION('',(0.,0.,1.));
#18420 = ORIENTED_EDGE('',*,*,#17884,.F.);
#18421 = ORIENTED_EDGE('',*,*,#18415,.F.);
#18422 = CYLINDRICAL_SURFACE('',#18423,0.55);
#18423 = AXIS2_PLACEMENT_3D('',#18424,#18425,#18426);
#18424 = CARTESIAN_POINT('',(162.400027,-91.500018,-4.6E-02));
#18425 = DIRECTION('',(-0.,-0.,-1.));
#18426 = DIRECTION('',(-5.167583532801E-14,-1.,0.));
#18427 = ADVANCED_FACE('',(#18428),#18439,.F.);
#18428 = FACE_BOUND('',#18429,.T.);
#18429 = EDGE_LOOP('',(#18430,#18431,#18437,#18438));
#18430 = ORIENTED_EDGE('',*,*,#17432,.T.);
#18431 = ORIENTED_EDGE('',*,*,#18432,.T.);
#18432 = EDGE_CURVE('',#17433,#17896,#18433,.T.);
#18433 = LINE('',#18434,#18435);
#18434 = CARTESIAN_POINT('',(168.900027,-92.050018,-4.6E-02));
#18435 = VECTOR('',#18436,1.);
#18436 = DIRECTION('',(0.,0.,1.));
#18437 = ORIENTED_EDGE('',*,*,#17895,.F.);
#18438 = ORIENTED_EDGE('',*,*,#18432,.F.);
#18439 = CYLINDRICAL_SURFACE('',#18440,0.55);
#18440 = AXIS2_PLACEMENT_3D('',#18441,#18442,#18443);
#18441 = CARTESIAN_POINT('',(168.900027,-91.500018,-4.6E-02));
#18442 = DIRECTION('',(-0.,-0.,-1.));
#18443 = DIRECTION('',(-5.167583532801E-14,-1.,0.));
#18444 = ADVANCED_FACE('',(#18445),#18456,.F.);
#18445 = FACE_BOUND('',#18446,.T.);
#18446 = EDGE_LOOP('',(#18447,#18448,#18454,#18455));
#18447 = ORIENTED_EDGE('',*,*,#17443,.T.);
#18448 = ORIENTED_EDGE('',*,*,#18449,.T.);
#18449 = EDGE_CURVE('',#17444,#17907,#18450,.T.);
#18450 = LINE('',#18451,#18452);
#18451 = CARTESIAN_POINT('',(158.025,-83.8,-4.6E-02));
#18452 = VECTOR('',#18453,1.);
#18453 = DIRECTION('',(0.,0.,1.));
#18454 = ORIENTED_EDGE('',*,*,#17906,.F.);
#18455 = ORIENTED_EDGE('',*,*,#18449,.F.);
#18456 = CYLINDRICAL_SURFACE('',#18457,0.5);
#18457 = AXIS2_PLACEMENT_3D('',#18458,#18459,#18460);
#18458 = CARTESIAN_POINT('',(158.025,-83.3,-4.6E-02));
#18459 = DIRECTION('',(-0.,-0.,-1.));
#18460 = DIRECTION('',(-0.,-1.,0.));
#18461 = ADVANCED_FACE('',(#18462),#18478,.F.);
#18462 = FACE_BOUND('',#18463,.T.);
#18463 = EDGE_LOOP('',(#18464,#18465,#18471,#18472));
#18464 = ORIENTED_EDGE('',*,*,#17454,.T.);
#18465 = ORIENTED_EDGE('',*,*,#18466,.T.);
#18466 = EDGE_CURVE('',#17457,#17920,#18467,.T.);
#18467 = LINE('',#18468,#18469);
#18468 = CARTESIAN_POINT('',(165.875,-86.15,-4.6E-02));
#18469 = VECTOR('',#18470,1.);
#18470 = DIRECTION('',(0.,0.,1.));
#18471 = ORIENTED_EDGE('',*,*,#17917,.F.);
#18472 = ORIENTED_EDGE('',*,*,#18473,.F.);
#18473 = EDGE_CURVE('',#17455,#17918,#18474,.T.);
#18474 = LINE('',#18475,#18476);
#18475 = CARTESIAN_POINT('',(165.875,-85.05,-4.6E-02));
#18476 = VECTOR('',#18477,1.);
#18477 = DIRECTION('',(0.,0.,1.));
#18478 = CYLINDRICAL_SURFACE('',#18479,0.55);
#18479 = AXIS2_PLACEMENT_3D('',#18480,#18481,#18482);
#18480 = CARTESIAN_POINT('',(165.875,-85.6,-4.6E-02));
#18481 = DIRECTION('',(-0.,-0.,-1.));
#18482 = DIRECTION('',(-0.,-1.,0.));
#18483 = ADVANCED_FACE('',(#18484),#18495,.T.);
#18484 = FACE_BOUND('',#18485,.T.);
#18485 = EDGE_LOOP('',(#18486,#18487,#18488,#18489));
#18486 = ORIENTED_EDGE('',*,*,#17482,.T.);
#18487 = ORIENTED_EDGE('',*,*,#18473,.T.);
#18488 = ORIENTED_EDGE('',*,*,#17945,.F.);
#18489 = ORIENTED_EDGE('',*,*,#18490,.F.);
#18490 = EDGE_CURVE('',#17474,#17937,#18491,.T.);
#18491 = LINE('',#18492,#18493);
#18492 = CARTESIAN_POINT('',(165.175,-85.05,-4.6E-02));
#18493 = VECTOR('',#18494,1.);
#18494 = DIRECTION('',(0.,0.,1.));
#18495 = PLANE('',#18496);
#18496 = AXIS2_PLACEMENT_3D('',#18497,#18498,#18499);
#18497 = CARTESIAN_POINT('',(165.875,-85.05,-4.6E-02));
#18498 = DIRECTION('',(0.,-1.,0.));
#18499 = DIRECTION('',(-1.,0.,0.));
#18500 = ADVANCED_FACE('',(#18501),#18512,.F.);
#18501 = FACE_BOUND('',#18502,.T.);
#18502 = EDGE_LOOP('',(#18503,#18504,#18505,#18506));
#18503 = ORIENTED_EDGE('',*,*,#17473,.T.);
#18504 = ORIENTED_EDGE('',*,*,#18490,.T.);
#18505 = ORIENTED_EDGE('',*,*,#17936,.F.);
#18506 = ORIENTED_EDGE('',*,*,#18507,.F.);
#18507 = EDGE_CURVE('',#17466,#17929,#18508,.T.);
#18508 = LINE('',#18509,#18510);
#18509 = CARTESIAN_POINT('',(165.175,-86.15,-4.6E-02));
#18510 = VECTOR('',#18511,1.);
#18511 = DIRECTION('',(0.,0.,1.));
#18512 = CYLINDRICAL_SURFACE('',#18513,0.55);
#18513 = AXIS2_PLACEMENT_3D('',#18514,#18515,#18516);
#18514 = CARTESIAN_POINT('',(165.175,-85.6,-4.6E-02));
#18515 = DIRECTION('',(-0.,0.,-1.));
#18516 = DIRECTION('',(0.,1.,0.));
#18517 = ADVANCED_FACE('',(#18518),#18524,.T.);
#18518 = FACE_BOUND('',#18519,.T.);
#18519 = EDGE_LOOP('',(#18520,#18521,#18522,#18523));
#18520 = ORIENTED_EDGE('',*,*,#17465,.T.);
#18521 = ORIENTED_EDGE('',*,*,#18507,.T.);
#18522 = ORIENTED_EDGE('',*,*,#17928,.F.);
#18523 = ORIENTED_EDGE('',*,*,#18466,.F.);
#18524 = PLANE('',#18525);
#18525 = AXIS2_PLACEMENT_3D('',#18526,#18527,#18528);
#18526 = CARTESIAN_POINT('',(165.175,-86.15,-4.6E-02));
#18527 = DIRECTION('',(0.,1.,0.));
#18528 = DIRECTION('',(1.,0.,0.));
#18529 = ADVANCED_FACE('',(#18530),#18541,.F.);
#18530 = FACE_BOUND('',#18531,.T.);
#18531 = EDGE_LOOP('',(#18532,#18533,#18539,#18540));
#18532 = ORIENTED_EDGE('',*,*,#17490,.T.);
#18533 = ORIENTED_EDGE('',*,*,#18534,.T.);
#18534 = EDGE_CURVE('',#17491,#17954,#18535,.T.);
#18535 = LINE('',#18536,#18537);
#18536 = CARTESIAN_POINT('',(158.025,-81.3,-4.6E-02));
#18537 = VECTOR('',#18538,1.);
#18538 = DIRECTION('',(0.,0.,1.));
#18539 = ORIENTED_EDGE('',*,*,#17953,.F.);
#18540 = ORIENTED_EDGE('',*,*,#18534,.F.);
#18541 = CYLINDRICAL_SURFACE('',#18542,0.5);
#18542 = AXIS2_PLACEMENT_3D('',#18543,#18544,#18545);
#18543 = CARTESIAN_POINT('',(158.025,-80.8,-4.6E-02));
#18544 = DIRECTION('',(-0.,-0.,-1.));
#18545 = DIRECTION('',(-0.,-1.,0.));
#18546 = ADVANCED_FACE('',(#18547),#18558,.F.);
#18547 = FACE_BOUND('',#18548,.T.);
#18548 = EDGE_LOOP('',(#18549,#18550,#18556,#18557));
#18549 = ORIENTED_EDGE('',*,*,#17501,.T.);
#18550 = ORIENTED_EDGE('',*,*,#18551,.T.);
#18551 = EDGE_CURVE('',#17502,#17965,#18552,.T.);
#18552 = LINE('',#18553,#18554);
#18553 = CARTESIAN_POINT('',(173.399422,-86.25,-4.6E-02));
#18554 = VECTOR('',#18555,1.);
#18555 = DIRECTION('',(0.,0.,1.));
#18556 = ORIENTED_EDGE('',*,*,#17964,.F.);
#18557 = ORIENTED_EDGE('',*,*,#18551,.F.);
#18558 = CYLINDRICAL_SURFACE('',#18559,0.5);
#18559 = AXIS2_PLACEMENT_3D('',#18560,#18561,#18562);
#18560 = CARTESIAN_POINT('',(173.399422,-85.75,-4.6E-02));
#18561 = DIRECTION('',(-0.,-0.,-1.));
#18562 = DIRECTION('',(-0.,-1.,0.));
#18563 = ADVANCED_FACE('',(#18564),#18575,.F.);
#18564 = FACE_BOUND('',#18565,.T.);
#18565 = EDGE_LOOP('',(#18566,#18567,#18573,#18574));
#18566 = ORIENTED_EDGE('',*,*,#17512,.T.);
#18567 = ORIENTED_EDGE('',*,*,#18568,.T.);
#18568 = EDGE_CURVE('',#17513,#17976,#18569,.T.);
#18569 = LINE('',#18570,#18571);
#18570 = CARTESIAN_POINT('',(173.399422,-83.71,-4.6E-02));
#18571 = VECTOR('',#18572,1.);
#18572 = DIRECTION('',(0.,0.,1.));
#18573 = ORIENTED_EDGE('',*,*,#17975,.F.);
#18574 = ORIENTED_EDGE('',*,*,#18568,.F.);
#18575 = CYLINDRICAL_SURFACE('',#18576,0.5);
#18576 = AXIS2_PLACEMENT_3D('',#18577,#18578,#18579);
#18577 = CARTESIAN_POINT('',(173.399422,-83.21,-4.6E-02));
#18578 = DIRECTION('',(-0.,-0.,-1.));
#18579 = DIRECTION('',(-0.,-1.,0.));
#18580 = ADVANCED_FACE('',(#18581),#18592,.F.);
#18581 = FACE_BOUND('',#18582,.T.);
#18582 = EDGE_LOOP('',(#18583,#18584,#18590,#18591));
#18583 = ORIENTED_EDGE('',*,*,#17523,.T.);
#18584 = ORIENTED_EDGE('',*,*,#18585,.T.);
#18585 = EDGE_CURVE('',#17524,#17987,#18586,.T.);
#18586 = LINE('',#18587,#18588);
#18587 = CARTESIAN_POINT('',(173.399422,-81.17,-4.6E-02));
#18588 = VECTOR('',#18589,1.);
#18589 = DIRECTION('',(0.,0.,1.));
#18590 = ORIENTED_EDGE('',*,*,#17986,.F.);
#18591 = ORIENTED_EDGE('',*,*,#18585,.F.);
#18592 = CYLINDRICAL_SURFACE('',#18593,0.5);
#18593 = AXIS2_PLACEMENT_3D('',#18594,#18595,#18596);
#18594 = CARTESIAN_POINT('',(173.399422,-80.67,-4.6E-02));
#18595 = DIRECTION('',(-0.,-0.,-1.));
#18596 = DIRECTION('',(-0.,-1.,0.));
#18597 = ADVANCED_FACE('',(#18598),#18609,.F.);
#18598 = FACE_BOUND('',#18599,.T.);
#18599 = EDGE_LOOP('',(#18600,#18601,#18607,#18608));
#18600 = ORIENTED_EDGE('',*,*,#17534,.T.);
#18601 = ORIENTED_EDGE('',*,*,#18602,.T.);
#18602 = EDGE_CURVE('',#17535,#17998,#18603,.T.);
#18603 = LINE('',#18604,#18605);
#18604 = CARTESIAN_POINT('',(158.025,-78.8,-4.6E-02));
#18605 = VECTOR('',#18606,1.);
#18606 = DIRECTION('',(0.,0.,1.));
#18607 = ORIENTED_EDGE('',*,*,#17997,.F.);
#18608 = ORIENTED_EDGE('',*,*,#18602,.F.);
#18609 = CYLINDRICAL_SURFACE('',#18610,0.5);
#18610 = AXIS2_PLACEMENT_3D('',#18611,#18612,#18613);
#18611 = CARTESIAN_POINT('',(158.025,-78.3,-4.6E-02));
#18612 = DIRECTION('',(-0.,-0.,-1.));
#18613 = DIRECTION('',(-0.,-1.,0.));
#18614 = ADVANCED_FACE('',(#18615),#18631,.F.);
#18615 = FACE_BOUND('',#18616,.T.);
#18616 = EDGE_LOOP('',(#18617,#18618,#18624,#18625));
#18617 = ORIENTED_EDGE('',*,*,#17545,.T.);
#18618 = ORIENTED_EDGE('',*,*,#18619,.T.);
#18619 = EDGE_CURVE('',#17548,#18011,#18620,.T.);
#18620 = LINE('',#18621,#18622);
#18621 = CARTESIAN_POINT('',(165.875,-76.55,-4.6E-02));
#18622 = VECTOR('',#18623,1.);
#18623 = DIRECTION('',(0.,0.,1.));
#18624 = ORIENTED_EDGE('',*,*,#18008,.F.);
#18625 = ORIENTED_EDGE('',*,*,#18626,.F.);
#18626 = EDGE_CURVE('',#17546,#18009,#18627,.T.);
#18627 = LINE('',#18628,#18629);
#18628 = CARTESIAN_POINT('',(165.875,-75.45,-4.6E-02));
#18629 = VECTOR('',#18630,1.);
#18630 = DIRECTION('',(0.,0.,1.));
#18631 = CYLINDRICAL_SURFACE('',#18632,0.55);
#18632 = AXIS2_PLACEMENT_3D('',#18633,#18634,#18635);
#18633 = CARTESIAN_POINT('',(165.875,-76.,-4.6E-02));
#18634 = DIRECTION('',(-0.,-0.,-1.));
#18635 = DIRECTION('',(-0.,-1.,0.));
#18636 = ADVANCED_FACE('',(#18637),#18648,.T.);
#18637 = FACE_BOUND('',#18638,.T.);
#18638 = EDGE_LOOP('',(#18639,#18640,#18641,#18642));
#18639 = ORIENTED_EDGE('',*,*,#17573,.T.);
#18640 = ORIENTED_EDGE('',*,*,#18626,.T.);
#18641 = ORIENTED_EDGE('',*,*,#18036,.F.);
#18642 = ORIENTED_EDGE('',*,*,#18643,.F.);
#18643 = EDGE_CURVE('',#17565,#18028,#18644,.T.);
#18644 = LINE('',#18645,#18646);
#18645 = CARTESIAN_POINT('',(165.175,-75.45,-4.6E-02));
#18646 = VECTOR('',#18647,1.);
#18647 = DIRECTION('',(0.,0.,1.));
#18648 = PLANE('',#18649);
#18649 = AXIS2_PLACEMENT_3D('',#18650,#18651,#18652);
#18650 = CARTESIAN_POINT('',(165.875,-75.45,-4.6E-02));
#18651 = DIRECTION('',(0.,-1.,0.));
#18652 = DIRECTION('',(-1.,0.,0.));
#18653 = ADVANCED_FACE('',(#18654),#18665,.F.);
#18654 = FACE_BOUND('',#18655,.T.);
#18655 = EDGE_LOOP('',(#18656,#18657,#18658,#18659));
#18656 = ORIENTED_EDGE('',*,*,#17564,.T.);
#18657 = ORIENTED_EDGE('',*,*,#18643,.T.);
#18658 = ORIENTED_EDGE('',*,*,#18027,.F.);
#18659 = ORIENTED_EDGE('',*,*,#18660,.F.);
#18660 = EDGE_CURVE('',#17557,#18020,#18661,.T.);
#18661 = LINE('',#18662,#18663);
#18662 = CARTESIAN_POINT('',(165.175,-76.55,-4.6E-02));
#18663 = VECTOR('',#18664,1.);
#18664 = DIRECTION('',(0.,0.,1.));
#18665 = CYLINDRICAL_SURFACE('',#18666,0.55);
#18666 = AXIS2_PLACEMENT_3D('',#18667,#18668,#18669);
#18667 = CARTESIAN_POINT('',(165.175,-76.,-4.6E-02));
#18668 = DIRECTION('',(-0.,0.,-1.));
#18669 = DIRECTION('',(0.,1.,0.));
#18670 = ADVANCED_FACE('',(#18671),#18677,.T.);
#18671 = FACE_BOUND('',#18672,.T.);
#18672 = EDGE_LOOP('',(#18673,#18674,#18675,#18676));
#18673 = ORIENTED_EDGE('',*,*,#17556,.T.);
#18674 = ORIENTED_EDGE('',*,*,#18660,.T.);
#18675 = ORIENTED_EDGE('',*,*,#18019,.F.);
#18676 = ORIENTED_EDGE('',*,*,#18619,.F.);
#18677 = PLANE('',#18678);
#18678 = AXIS2_PLACEMENT_3D('',#18679,#18680,#18681);
#18679 = CARTESIAN_POINT('',(165.175,-76.55,-4.6E-02));
#18680 = DIRECTION('',(0.,1.,0.));
#18681 = DIRECTION('',(1.,0.,0.));
#18682 = ADVANCED_FACE('',(#18683),#18694,.F.);
#18683 = FACE_BOUND('',#18684,.T.);
#18684 = EDGE_LOOP('',(#18685,#18686,#18692,#18693));
#18685 = ORIENTED_EDGE('',*,*,#17581,.T.);
#18686 = ORIENTED_EDGE('',*,*,#18687,.T.);
#18687 = EDGE_CURVE('',#17582,#18045,#18688,.T.);
#18688 = LINE('',#18689,#18690);
#18689 = CARTESIAN_POINT('',(173.399422,-78.63,-4.6E-02));
#18690 = VECTOR('',#18691,1.);
#18691 = DIRECTION('',(0.,0.,1.));
#18692 = ORIENTED_EDGE('',*,*,#18044,.F.);
#18693 = ORIENTED_EDGE('',*,*,#18687,.F.);
#18694 = CYLINDRICAL_SURFACE('',#18695,0.5);
#18695 = AXIS2_PLACEMENT_3D('',#18696,#18697,#18698);
#18696 = CARTESIAN_POINT('',(173.399422,-78.13,-4.6E-02));
#18697 = DIRECTION('',(-0.,-0.,-1.));
#18698 = DIRECTION('',(-0.,-1.,0.));
#18699 = ADVANCED_FACE('',(#18700),#18711,.F.);
#18700 = FACE_BOUND('',#18701,.T.);
#18701 = EDGE_LOOP('',(#18702,#18703,#18709,#18710));
#18702 = ORIENTED_EDGE('',*,*,#17592,.T.);
#18703 = ORIENTED_EDGE('',*,*,#18704,.T.);
#18704 = EDGE_CURVE('',#17593,#18056,#18705,.T.);
#18705 = LINE('',#18706,#18707);
#18706 = CARTESIAN_POINT('',(173.399422,-76.09,-4.6E-02));
#18707 = VECTOR('',#18708,1.);
#18708 = DIRECTION('',(0.,0.,1.));
#18709 = ORIENTED_EDGE('',*,*,#18055,.F.);
#18710 = ORIENTED_EDGE('',*,*,#18704,.F.);
#18711 = CYLINDRICAL_SURFACE('',#18712,0.5);
#18712 = AXIS2_PLACEMENT_3D('',#18713,#18714,#18715);
#18713 = CARTESIAN_POINT('',(173.399422,-75.59,-4.6E-02));
#18714 = DIRECTION('',(-0.,-0.,-1.));
#18715 = DIRECTION('',(-0.,-1.,0.));
#18716 = ADVANCED_FACE('',(#18717),#18728,.F.);
#18717 = FACE_BOUND('',#18718,.T.);
#18718 = EDGE_LOOP('',(#18719,#18720,#18726,#18727));
#18719 = ORIENTED_EDGE('',*,*,#17603,.T.);
#18720 = ORIENTED_EDGE('',*,*,#18721,.T.);
#18721 = EDGE_CURVE('',#17604,#18067,#18722,.T.);
#18722 = LINE('',#18723,#18724);
#18723 = CARTESIAN_POINT('',(167.46,-72.7,-4.6E-02));
#18724 = VECTOR('',#18725,1.);
#18725 = DIRECTION('',(0.,0.,1.));
#18726 = ORIENTED_EDGE('',*,*,#18066,.F.);
#18727 = ORIENTED_EDGE('',*,*,#18721,.F.);
#18728 = CYLINDRICAL_SURFACE('',#18729,0.5);
#18729 = AXIS2_PLACEMENT_3D('',#18730,#18731,#18732);
#18730 = CARTESIAN_POINT('',(167.46,-72.2,-4.6E-02));
#18731 = DIRECTION('',(-0.,-0.,-1.));
#18732 = DIRECTION('',(-0.,-1.,0.));
#18733 = ADVANCED_FACE('',(#18734),#18745,.F.);
#18734 = FACE_BOUND('',#18735,.T.);
#18735 = EDGE_LOOP('',(#18736,#18737,#18743,#18744));
#18736 = ORIENTED_EDGE('',*,*,#17614,.T.);
#18737 = ORIENTED_EDGE('',*,*,#18738,.T.);
#18738 = EDGE_CURVE('',#17615,#18078,#18739,.T.);
#18739 = LINE('',#18740,#18741);
#18740 = CARTESIAN_POINT('',(170.,-72.7,-4.6E-02));
#18741 = VECTOR('',#18742,1.);
#18742 = DIRECTION('',(0.,0.,1.));
#18743 = ORIENTED_EDGE('',*,*,#18077,.F.);
#18744 = ORIENTED_EDGE('',*,*,#18738,.F.);
#18745 = CYLINDRICAL_SURFACE('',#18746,0.5);
#18746 = AXIS2_PLACEMENT_3D('',#18747,#18748,#18749);
#18747 = CARTESIAN_POINT('',(170.,-72.2,-4.6E-02));
#18748 = DIRECTION('',(-0.,-0.,-1.));
#18749 = DIRECTION('',(-0.,-1.,0.));
#18750 = ADVANCED_FACE('',(#18751),#18762,.F.);
#18751 = FACE_BOUND('',#18752,.T.);
#18752 = EDGE_LOOP('',(#18753,#18754,#18760,#18761));
#18753 = ORIENTED_EDGE('',*,*,#17625,.T.);
#18754 = ORIENTED_EDGE('',*,*,#18755,.T.);
#18755 = EDGE_CURVE('',#17626,#18089,#18756,.T.);
#18756 = LINE('',#18757,#18758);
#18757 = CARTESIAN_POINT('',(173.399422,-73.55,-4.6E-02));
#18758 = VECTOR('',#18759,1.);
#18759 = DIRECTION('',(0.,0.,1.));
#18760 = ORIENTED_EDGE('',*,*,#18088,.F.);
#18761 = ORIENTED_EDGE('',*,*,#18755,.F.);
#18762 = CYLINDRICAL_SURFACE('',#18763,0.5);
#18763 = AXIS2_PLACEMENT_3D('',#18764,#18765,#18766);
#18764 = CARTESIAN_POINT('',(173.399422,-73.05,-4.6E-02));
#18765 = DIRECTION('',(-0.,-0.,-1.));
#18766 = DIRECTION('',(-0.,-1.,0.));
#18767 = ADVANCED_FACE('',(#18768),#18779,.F.);
#18768 = FACE_BOUND('',#18769,.T.);
#18769 = EDGE_LOOP('',(#18770,#18771,#18777,#18778));
#18770 = ORIENTED_EDGE('',*,*,#17636,.T.);
#18771 = ORIENTED_EDGE('',*,*,#18772,.T.);
#18772 = EDGE_CURVE('',#17637,#18100,#18773,.T.);
#18773 = LINE('',#18774,#18775);
#18774 = CARTESIAN_POINT('',(184.8,-83.14,-4.6E-02));
#18775 = VECTOR('',#18776,1.);
#18776 = DIRECTION('',(0.,0.,1.));
#18777 = ORIENTED_EDGE('',*,*,#18099,.F.);
#18778 = ORIENTED_EDGE('',*,*,#18772,.F.);
#18779 = CYLINDRICAL_SURFACE('',#18780,0.5);
#18780 = AXIS2_PLACEMENT_3D('',#18781,#18782,#18783);
#18781 = CARTESIAN_POINT('',(184.8,-82.64,-4.6E-02));
#18782 = DIRECTION('',(-0.,-0.,-1.));
#18783 = DIRECTION('',(-0.,-1.,0.));
#18784 = ADVANCED_FACE('',(#18785),#18796,.F.);
#18785 = FACE_BOUND('',#18786,.T.);
#18786 = EDGE_LOOP('',(#18787,#18788,#18794,#18795));
#18787 = ORIENTED_EDGE('',*,*,#17647,.T.);
#18788 = ORIENTED_EDGE('',*,*,#18789,.T.);
#18789 = EDGE_CURVE('',#17648,#18111,#18790,.T.);
#18790 = LINE('',#18791,#18792);
#18791 = CARTESIAN_POINT('',(184.8,-80.6,-4.6E-02));
#18792 = VECTOR('',#18793,1.);
#18793 = DIRECTION('',(0.,0.,1.));
#18794 = ORIENTED_EDGE('',*,*,#18110,.F.);
#18795 = ORIENTED_EDGE('',*,*,#18789,.F.);
#18796 = CYLINDRICAL_SURFACE('',#18797,0.5);
#18797 = AXIS2_PLACEMENT_3D('',#18798,#18799,#18800);
#18798 = CARTESIAN_POINT('',(184.8,-80.1,-4.6E-02));
#18799 = DIRECTION('',(-0.,-0.,-1.));
#18800 = DIRECTION('',(-0.,-1.,0.));
#18801 = ADVANCED_FACE('',(#18802),#18813,.F.);
#18802 = FACE_BOUND('',#18803,.T.);
#18803 = EDGE_LOOP('',(#18804,#18805,#18811,#18812));
#18804 = ORIENTED_EDGE('',*,*,#17658,.T.);
#18805 = ORIENTED_EDGE('',*,*,#18806,.T.);
#18806 = EDGE_CURVE('',#17659,#18122,#18807,.T.);
#18807 = LINE('',#18808,#18809);
#18808 = CARTESIAN_POINT('',(188.72,-85.6,-4.6E-02));
#18809 = VECTOR('',#18810,1.);
#18810 = DIRECTION('',(0.,0.,1.));
#18811 = ORIENTED_EDGE('',*,*,#18121,.F.);
#18812 = ORIENTED_EDGE('',*,*,#18806,.F.);
#18813 = CYLINDRICAL_SURFACE('',#18814,0.5);
#18814 = AXIS2_PLACEMENT_3D('',#18815,#18816,#18817);
#18815 = CARTESIAN_POINT('',(188.72,-85.1,-4.6E-02));
#18816 = DIRECTION('',(-0.,-0.,-1.));
#18817 = DIRECTION('',(-0.,-1.,0.));
#18818 = ADVANCED_FACE('',(#18819),#18830,.F.);
#18819 = FACE_BOUND('',#18820,.T.);
#18820 = EDGE_LOOP('',(#18821,#18822,#18828,#18829));
#18821 = ORIENTED_EDGE('',*,*,#17669,.T.);
#18822 = ORIENTED_EDGE('',*,*,#18823,.T.);
#18823 = EDGE_CURVE('',#17670,#18133,#18824,.T.);
#18824 = LINE('',#18825,#18826);
#18825 = CARTESIAN_POINT('',(191.26,-85.6,-4.6E-02));
#18826 = VECTOR('',#18827,1.);
#18827 = DIRECTION('',(0.,0.,1.));
#18828 = ORIENTED_EDGE('',*,*,#18132,.F.);
#18829 = ORIENTED_EDGE('',*,*,#18823,.F.);
#18830 = CYLINDRICAL_SURFACE('',#18831,0.5);
#18831 = AXIS2_PLACEMENT_3D('',#18832,#18833,#18834);
#18832 = CARTESIAN_POINT('',(191.26,-85.1,-4.6E-02));
#18833 = DIRECTION('',(-0.,-0.,-1.));
#18834 = DIRECTION('',(-0.,-1.,0.));
#18835 = ADVANCED_FACE('',(#18836),#18847,.F.);
#18836 = FACE_BOUND('',#18837,.T.);
#18837 = EDGE_LOOP('',(#18838,#18839,#18845,#18846));
#18838 = ORIENTED_EDGE('',*,*,#17680,.T.);
#18839 = ORIENTED_EDGE('',*,*,#18840,.T.);
#18840 = EDGE_CURVE('',#17681,#18144,#18841,.T.);
#18841 = LINE('',#18842,#18843);
#18842 = CARTESIAN_POINT('',(193.8,-85.6,-4.6E-02));
#18843 = VECTOR('',#18844,1.);
#18844 = DIRECTION('',(0.,0.,1.));
#18845 = ORIENTED_EDGE('',*,*,#18143,.F.);
#18846 = ORIENTED_EDGE('',*,*,#18840,.F.);
#18847 = CYLINDRICAL_SURFACE('',#18848,0.5);
#18848 = AXIS2_PLACEMENT_3D('',#18849,#18850,#18851);
#18849 = CARTESIAN_POINT('',(193.8,-85.1,-4.6E-02));
#18850 = DIRECTION('',(-0.,-0.,-1.));
#18851 = DIRECTION('',(-0.,-1.,0.));
#18852 = ADVANCED_FACE('',(#18853),#18864,.F.);
#18853 = FACE_BOUND('',#18854,.T.);
#18854 = EDGE_LOOP('',(#18855,#18856,#18862,#18863));
#18855 = ORIENTED_EDGE('',*,*,#17691,.T.);
#18856 = ORIENTED_EDGE('',*,*,#18857,.T.);
#18857 = EDGE_CURVE('',#17692,#18155,#18858,.T.);
#18858 = LINE('',#18859,#18860);
#18859 = CARTESIAN_POINT('',(181.66,-71.675,-4.6E-02));
#18860 = VECTOR('',#18861,1.);
#18861 = DIRECTION('',(0.,0.,1.));
#18862 = ORIENTED_EDGE('',*,*,#18154,.F.);
#18863 = ORIENTED_EDGE('',*,*,#18857,.F.);
#18864 = CYLINDRICAL_SURFACE('',#18865,0.5);
#18865 = AXIS2_PLACEMENT_3D('',#18866,#18867,#18868);
#18866 = CARTESIAN_POINT('',(181.66,-71.175,-4.6E-02));
#18867 = DIRECTION('',(-0.,-0.,-1.));
#18868 = DIRECTION('',(-0.,-1.,0.));
#18869 = ADVANCED_FACE('',(#18870),#18881,.F.);
#18870 = FACE_BOUND('',#18871,.T.);
#18871 = EDGE_LOOP('',(#18872,#18873,#18879,#18880));
#18872 = ORIENTED_EDGE('',*,*,#17702,.T.);
#18873 = ORIENTED_EDGE('',*,*,#18874,.T.);
#18874 = EDGE_CURVE('',#17703,#18166,#18875,.T.);
#18875 = LINE('',#18876,#18877);
#18876 = CARTESIAN_POINT('',(184.2,-71.675,-4.6E-02));
#18877 = VECTOR('',#18878,1.);
#18878 = DIRECTION('',(0.,0.,1.));
#18879 = ORIENTED_EDGE('',*,*,#18165,.F.);
#18880 = ORIENTED_EDGE('',*,*,#18874,.F.);
#18881 = CYLINDRICAL_SURFACE('',#18882,0.5);
#18882 = AXIS2_PLACEMENT_3D('',#18883,#18884,#18885);
#18883 = CARTESIAN_POINT('',(184.2,-71.175,-4.6E-02));
#18884 = DIRECTION('',(-0.,-0.,-1.));
#18885 = DIRECTION('',(-0.,-1.,0.));
#18886 = ADVANCED_FACE('',(#18887),#18898,.F.);
#18887 = FACE_BOUND('',#18888,.T.);
#18888 = EDGE_LOOP('',(#18889,#18890,#18896,#18897));
#18889 = ORIENTED_EDGE('',*,*,#17713,.T.);
#18890 = ORIENTED_EDGE('',*,*,#18891,.T.);
#18891 = EDGE_CURVE('',#17714,#18177,#18892,.T.);
#18892 = LINE('',#18893,#18894);
#18893 = CARTESIAN_POINT('',(186.74,-71.675,-4.6E-02));
#18894 = VECTOR('',#18895,1.);
#18895 = DIRECTION('',(0.,0.,1.));
#18896 = ORIENTED_EDGE('',*,*,#18176,.F.);
#18897 = ORIENTED_EDGE('',*,*,#18891,.F.);
#18898 = CYLINDRICAL_SURFACE('',#18899,0.5);
#18899 = AXIS2_PLACEMENT_3D('',#18900,#18901,#18902);
#18900 = CARTESIAN_POINT('',(186.74,-71.175,-4.6E-02));
#18901 = DIRECTION('',(-0.,-0.,-1.));
#18902 = DIRECTION('',(-0.,-1.,0.));
#18903 = ADVANCED_FACE('',(#18904),#18915,.F.);
#18904 = FACE_BOUND('',#18905,.T.);
#18905 = EDGE_LOOP('',(#18906,#18907,#18913,#18914));
#18906 = ORIENTED_EDGE('',*,*,#17724,.T.);
#18907 = ORIENTED_EDGE('',*,*,#18908,.T.);
#18908 = EDGE_CURVE('',#17725,#18188,#18909,.T.);
#18909 = LINE('',#18910,#18911);
#18910 = CARTESIAN_POINT('',(189.28,-71.675,-4.6E-02));
#18911 = VECTOR('',#18912,1.);
#18912 = DIRECTION('',(0.,0.,1.));
#18913 = ORIENTED_EDGE('',*,*,#18187,.F.);
#18914 = ORIENTED_EDGE('',*,*,#18908,.F.);
#18915 = CYLINDRICAL_SURFACE('',#18916,0.5);
#18916 = AXIS2_PLACEMENT_3D('',#18917,#18918,#18919);
#18917 = CARTESIAN_POINT('',(189.28,-71.175,-4.6E-02));
#18918 = DIRECTION('',(-0.,-0.,-1.));
#18919 = DIRECTION('',(-0.,-1.,0.));
#18920 = ADVANCED_FACE('',(#18921),#18932,.F.);
#18921 = FACE_BOUND('',#18922,.T.);
#18922 = EDGE_LOOP('',(#18923,#18929,#18930,#18931));
#18923 = ORIENTED_EDGE('',*,*,#18924,.T.);
#18924 = EDGE_CURVE('',#17736,#18199,#18925,.T.);
#18925 = LINE('',#18926,#18927);
#18926 = CARTESIAN_POINT('',(195.888061,-73.,0.));
#18927 = VECTOR('',#18928,1.);
#18928 = DIRECTION('',(0.,0.,1.));
#18929 = ORIENTED_EDGE('',*,*,#18198,.T.);
#18930 = ORIENTED_EDGE('',*,*,#18924,.F.);
#18931 = ORIENTED_EDGE('',*,*,#17735,.F.);
#18932 = CYLINDRICAL_SURFACE('',#18933,2.088061);
#18933 = AXIS2_PLACEMENT_3D('',#18934,#18935,#18936);
#18934 = CARTESIAN_POINT('',(193.8,-73.,0.));
#18935 = DIRECTION('',(-0.,-0.,-1.));
#18936 = DIRECTION('',(1.,0.,-0.));
#18937 = ( GEOMETRIC_REPRESENTATION_CONTEXT(3) 
GLOBAL_UNCERTAINTY_ASSIGNED_CONTEXT((#18941)) 
GLOBAL_UNIT_ASSIGNED_CONTEXT((#18938,#18939,#18940)) 
REPRESENTATION_CONTEXT('Context #1',
  '3D Context with UNIT and UNCERTAINTY') );
#18938 = ( LENGTH_UNIT() NAMED_UNIT(*) SI_UNIT(.MILLI.,.METRE.) );
#18939 = ( NAMED_UNIT(*) PLANE_ANGLE_UNIT() SI_UNIT($,.RADIAN.) );
#18940 = ( NAMED_UNIT(*) SI_UNIT($,.STERADIAN.) SOLID_ANGLE_UNIT() );
#18941 = UNCERTAINTY_MEASURE_WITH_UNIT(LENGTH_MEASURE(1.E-07),#18938,
  'distance_accuracy_value','confusion accuracy');
#18942 = CONTEXT_DEPENDENT_SHAPE_REPRESENTATION(#18943,#18945);
#18943 = ( REPRESENTATION_RELATIONSHIP('','',#17180,#10) 
REPRESENTATION_RELATIONSHIP_WITH_TRANSFORMATION(#18944) 
SHAPE_REPRESENTATION_RELATIONSHIP() );
#18944 = ITEM_DEFINED_TRANSFORMATION('','',#11,#51);
#18945 = PRODUCT_DEFINITION_SHAPE('Placement','Placement of an item',
  #18946);
#18946 = NEXT_ASSEMBLY_USAGE_OCCURRENCE('10','=>[0:1:1:9]','',#5,#17175,
  $);
#18947 = PRODUCT_RELATED_PRODUCT_CATEGORY('part',$,(#17177));
#18948 = MECHANICAL_DESIGN_GEOMETRIC_PRESENTATION_REPRESENTATION('',(
    #18949),#18937);
#18949 = STYLED_ITEM('color',(#18950),#17181);
#18950 = PRESENTATION_STYLE_ASSIGNMENT((#18951));
#18951 = SURFACE_STYLE_USAGE(.BOTH.,#18952);
#18952 = SURFACE_SIDE_STYLE('',(#18953));
#18953 = SURFACE_STYLE_FILL_AREA(#18954);
#18954 = FILL_AREA_STYLE('',(#18955));
#18955 = FILL_AREA_STYLE_COLOUR('',#18956);
#18956 = COLOUR_RGB('',0.313304153717,0.484529207832,0.410020903123);
ENDSEC;
END-ISO-10303-21;
